name,layer,step,tokens_seen,data_size,anisotropy
BabyLlama-100M,0,,,100M,0.0519652255249023
BabyLlama-100M,1,,,100M,0.2539351625976562
BabyLlama-100M,2,,,100M,0.2427318842773437
BabyLlama-100M,3,,,100M,0.2332686181640625
BabyLlama-100M,4,,,100M,0.2226956059570312
BabyLlama-100M,5,,,100M,0.2067280805664062
BabyLlama-100M,6,,,100M,0.1944337668457031
BabyLlama-100M,7,,,100M,0.1985141428222656
BabyLlama-100M,8,,,100M,0.1959787741699218
BabyLlama-100M,9,,,100M,0.21124651953125
BabyLlama-100M,10,,,100M,0.24091713671875
BabyLlama-100M,11,,,100M,0.250078236328125
BabyLlama-100M,12,,,100M,0.2727519150390625
BabyLlama-100M,13,,,100M,0.2662308759765625
BabyLlama-100M,14,,,100M,0.2706008500976563
BabyLlama-100M,15,,,100M,0.2816388681640625
BabyLlama-100M,16,,,100M,0.1727449013671875
BabyLlama-10M,0,,,10M,0.0285408807983398
BabyLlama-10M,1,,,10M,0.0794625539550781
BabyLlama-10M,2,,,10M,0.0893991799316406
BabyLlama-10M,3,,,10M,0.0774986895751953
BabyLlama-10M,4,,,10M,0.0637194018554687
BabyLlama-10M,5,,,10M,0.0631241624755859
BabyLlama-10M,6,,,10M,0.0609790147705078
BabyLlama-10M,7,,,10M,0.0634259155273437
BabyLlama-10M,8,,,10M,0.0630575408935546
BabyLlama-10M,9,,,10M,0.0628222713623046
BabyLlama-10M,10,,,10M,0.070518126953125
BabyLlama-10M,11,,,10M,0.0731259923095703
BabyLlama-10M,12,,,10M,0.07735567578125
BabyLlama-10M,13,,,10M,0.0822802685546875
BabyLlama-10M,14,,,10M,0.1001934294433593
BabyLlama-10M,15,,,10M,0.1252003369140625
BabyLlama-10M,16,,,10M,0.214620935546875
Babylm-Baseline GPT2 - 100M,0,,,100M,0.0404332098999023
Babylm-Baseline GPT2 - 100M,1,,,100M,0.124125587890625
Babylm-Baseline GPT2 - 100M,2,,,100M,0.1995900400390625
Babylm-Baseline GPT2 - 100M,3,,,100M,0.217951853515625
Babylm-Baseline GPT2 - 100M,4,,,100M,0.2182859028320312
Babylm-Baseline GPT2 - 100M,5,,,100M,0.2084942744140625
Babylm-Baseline GPT2 - 100M,6,,,100M,0.2042728781738281
Babylm-Baseline GPT2 - 100M,7,,,100M,0.1937567514648437
Babylm-Baseline GPT2 - 100M,8,,,100M,0.179887146484375
Babylm-Baseline GPT2 - 100M,9,,,100M,0.16557706640625
Babylm-Baseline GPT2 - 100M,10,,,100M,0.15458025
Babylm-Baseline GPT2 - 100M,11,,,100M,0.1483992338867187
Babylm-Baseline GPT2 - 100M,12,,,100M,0.1510671284179687
Babylm-Baseline GPT2 - 10M,0,,,10M,0.032766759765625
Babylm-Baseline GPT2 - 10M,1,,,10M,0.1130355307617187
Babylm-Baseline GPT2 - 10M,2,,,10M,0.2313032563476562
Babylm-Baseline GPT2 - 10M,3,,,10M,0.3092355708007812
Babylm-Baseline GPT2 - 10M,4,,,10M,0.3761688461914062
Babylm-Baseline GPT2 - 10M,5,,,10M,0.3997509506835937
Babylm-Baseline GPT2 - 10M,6,,,10M,0.400846681640625
Babylm-Baseline GPT2 - 10M,7,,,10M,0.3408291508789062
Babylm-Baseline GPT2 - 10M,8,,,10M,0.2570397270507812
Babylm-Baseline GPT2 - 10M,9,,,10M,0.1840008459472656
Babylm-Baseline GPT2 - 10M,10,,,10M,0.1353731101074218
Babylm-Baseline GPT2 - 10M,11,,,10M,0.114139974609375
Babylm-Baseline GPT2 - 10M,12,,,10M,0.1280125791015625
BaselineLM - LocNar+Wiki,0,,,10M,0.0455951529541015
BaselineLM - LocNar+Wiki,1,,,10M,0.2176927358398437
BaselineLM - LocNar+Wiki,2,,,10M,0.2611477465820312
BaselineLM - LocNar+Wiki,3,,,10M,0.2260125190429687
BaselineLM - LocNar+Wiki,4,,,10M,0.1992393862304687
BaselineLM - LocNar+Wiki,5,,,10M,0.2017951848144531
BaselineLM - LocNar+Wiki,6,,,10M,0.2306202163085937
BaselineLM - The Pile,0,,,10M,0.0426432212524414
BaselineLM - The Pile,1,,,10M,0.2600279243164062
BaselineLM - The Pile,2,,,10M,0.2512595444335938
BaselineLM - The Pile,3,,,10M,0.1973973469238281
BaselineLM - The Pile,4,,,10M,0.204520884765625
BaselineLM - The Pile,5,,,10M,0.24285675390625
BaselineLM - The Pile,6,,,10M,0.294898126953125
GPT-BERT (Causal-Focus) - 100M,0,,,100M,0.0792486331787109
GPT-BERT (Causal-Focus) - 100M,1,,,100M,0.0420005532836914
GPT-BERT (Causal-Focus) - 100M,2,,,100M,0.0355772189331054
GPT-BERT (Causal-Focus) - 100M,3,,,100M,0.0348556204833984
GPT-BERT (Causal-Focus) - 100M,4,,,100M,0.0329374427490234
GPT-BERT (Causal-Focus) - 100M,5,,,100M,0.0318073752441406
GPT-BERT (Causal-Focus) - 100M,6,,,100M,0.0388820264282226
GPT-BERT (Causal-Focus) - 100M,7,,,100M,0.0428044119262695
GPT-BERT (Causal-Focus) - 100M,8,,,100M,0.0454646766967773
GPT-BERT (Causal-Focus) - 100M,9,,,100M,0.0469958886108398
GPT-BERT (Causal-Focus) - 100M,10,,,100M,0.0376542557373046
GPT-BERT (Causal-Focus) - 100M,11,,,100M,0.0513201441040039
GPT-BERT (Causal-Focus) - 100M,12,,,100M,0.0745138192138671
GPT-BERT (Causal-Focus) - 10M,0,,,10M,0.0726017642822265
GPT-BERT (Causal-Focus) - 10M,1,,,10M,0.0356655396118164
GPT-BERT (Causal-Focus) - 10M,2,,,10M,0.0299447138061523
GPT-BERT (Causal-Focus) - 10M,3,,,10M,0.0322613239135742
GPT-BERT (Causal-Focus) - 10M,4,,,10M,0.0334638172607421
GPT-BERT (Causal-Focus) - 10M,5,,,10M,0.0359403593139648
GPT-BERT (Causal-Focus) - 10M,6,,,10M,0.0404219666748046
GPT-BERT (Causal-Focus) - 10M,7,,,10M,0.0356102150268554
GPT-BERT (Causal-Focus) - 10M,8,,,10M,0.0431699577636718
GPT-BERT (Causal-Focus) - 10M,9,,,10M,0.0423103729858398
GPT-BERT (Causal-Focus) - 10M,10,,,10M,0.0480876029052734
GPT-BERT (Causal-Focus) - 10M,11,,,10M,0.0596193487548828
GPT-BERT (Causal-Focus) - 10M,12,,,10M,0.0858500531005859
GPT-BERT (Masked-Focus) - 100M,0,,,100M,0.07631726953125
GPT-BERT (Masked-Focus) - 100M,1,,,100M,0.081397105102539
GPT-BERT (Masked-Focus) - 100M,2,,,100M,0.1180158061523437
GPT-BERT (Masked-Focus) - 100M,3,,,100M,0.1786649807128906
GPT-BERT (Masked-Focus) - 100M,4,,,100M,0.1753179016113281
GPT-BERT (Masked-Focus) - 100M,5,,,100M,0.2325643149414062
GPT-BERT (Masked-Focus) - 100M,6,,,100M,0.3088530649414062
GPT-BERT (Masked-Focus) - 100M,7,,,100M,0.2651906904296875
GPT-BERT (Masked-Focus) - 100M,8,,,100M,0.3311355170898437
GPT-BERT (Masked-Focus) - 100M,9,,,100M,0.28310941796875
GPT-BERT (Masked-Focus) - 100M,10,,,100M,0.2106309287109375
GPT-BERT (Masked-Focus) - 100M,11,,,100M,0.3076427924804688
GPT-BERT (Masked-Focus) - 100M,12,,,100M,0.2573966684570312
GPT-BERT (Masked-Focus) - 10M,0,,,10M,0.0728235158691406
GPT-BERT (Masked-Focus) - 10M,1,,,10M,0.0630105842285156
GPT-BERT (Masked-Focus) - 10M,2,,,10M,0.0695413092041015
GPT-BERT (Masked-Focus) - 10M,3,,,10M,0.0915122603759765
GPT-BERT (Masked-Focus) - 10M,4,,,10M,0.1154349680175781
GPT-BERT (Masked-Focus) - 10M,5,,,10M,0.0838690229492187
GPT-BERT (Masked-Focus) - 10M,6,,,10M,0.1135625400390625
GPT-BERT (Masked-Focus) - 10M,7,,,10M,0.1449291452636718
GPT-BERT (Masked-Focus) - 10M,8,,,10M,0.083107702758789
GPT-BERT (Masked-Focus) - 10M,9,,,10M,0.1201911948242187
GPT-BERT (Masked-Focus) - 10M,10,,,10M,0.1262056628417968
GPT-BERT (Masked-Focus) - 10M,11,,,10M,0.144202828125
GPT-BERT (Masked-Focus) - 10M,12,,,10M,0.1928337314453125
GPT-BERT (Mixed) - 100M,0,,,100M,0.0774831337890625
GPT-BERT (Mixed) - 100M,1,,,100M,0.0638262521972656
GPT-BERT (Mixed) - 100M,2,,,100M,0.0690698658447265
GPT-BERT (Mixed) - 100M,3,,,100M,0.0929290919189453
GPT-BERT (Mixed) - 100M,4,,,100M,0.0964722069091796
GPT-BERT (Mixed) - 100M,5,,,100M,0.0936293255615234
GPT-BERT (Mixed) - 100M,6,,,100M,0.1397310285644531
GPT-BERT (Mixed) - 100M,7,,,100M,0.1255477897949218
GPT-BERT (Mixed) - 100M,8,,,100M,0.1169755905761718
GPT-BERT (Mixed) - 100M,9,,,100M,0.0995361208496093
GPT-BERT (Mixed) - 100M,10,,,100M,0.0998679739990234
GPT-BERT (Mixed) - 100M,11,,,100M,0.1139570070800781
GPT-BERT (Mixed) - 100M,12,,,100M,0.1377047678222656
GPT-BERT (Mixed) - 10M,0,,,10M,0.0699200162353515
GPT-BERT (Mixed) - 10M,1,,,10M,0.0595711192626953
GPT-BERT (Mixed) - 10M,2,,,10M,0.0590095751953125
GPT-BERT (Mixed) - 10M,3,,,10M,0.0533643373413085
GPT-BERT (Mixed) - 10M,4,,,10M,0.0607497779541015
GPT-BERT (Mixed) - 10M,5,,,10M,0.0877905317382812
GPT-BERT (Mixed) - 10M,6,,,10M,0.0787107272949218
GPT-BERT (Mixed) - 10M,7,,,10M,0.0863960565185546
GPT-BERT (Mixed) - 10M,8,,,10M,0.0651770604248046
GPT-BERT (Mixed) - 10M,9,,,10M,0.0886371644287109
GPT-BERT (Mixed) - 10M,10,,,10M,0.0735421112060547
GPT-BERT (Mixed) - 10M,11,,,10M,0.1136535778808593
GPT-BERT (Mixed) - 10M,12,,,10M,0.1464357407226562
Gemstone-256x23,0,954,4000000000,Unknown,0.0144327626342773
Gemstone-256x23,0,1431,6000000000,Unknown,0.0203250154113769
Gemstone-256x23,0,1908,8000000000,Unknown,0.0259133800964355
Gemstone-256x23,0,2385,10000000000,Unknown,0.031833555480957
Gemstone-256x23,0,2862,12000000000,Unknown,0.0371298759155273
Gemstone-256x23,0,3339,14000000000,Unknown,0.040984675415039
Gemstone-256x23,0,3816,16000000000,Unknown,0.0441596135864257
Gemstone-256x23,0,4293,18000000000,Unknown,0.0457977518310546
Gemstone-256x23,0,4770,20000000000,Unknown,0.0468478673095703
Gemstone-256x23,0,5247,22000000000,Unknown,0.0471945523071289
Gemstone-256x23,0,5724,24000000000,Unknown,0.0476748135986328
Gemstone-256x23,0,6201,26000000000,Unknown,0.0481066452026367
Gemstone-256x23,0,6678,28000000000,Unknown,0.0485905753784179
Gemstone-256x23,0,7155,30000000000,Unknown,0.0490317473754882
Gemstone-256x23,0,7632,32000000000,Unknown,0.049682021118164
Gemstone-256x23,0,8109,34000000000,Unknown,0.0503523096923828
Gemstone-256x23,0,8586,36000000000,Unknown,0.0507076128540039
Gemstone-256x23,0,9063,38000000000,Unknown,0.0515272919921875
Gemstone-256x23,0,9540,40000000000,Unknown,0.0518628942260742
Gemstone-256x23,0,10017,42000000000,Unknown,0.0524161088256835
Gemstone-256x23,0,10494,44000000000,Unknown,0.0528786120605468
Gemstone-256x23,0,10971,46000000000,Unknown,0.0536131876831054
Gemstone-256x23,0,11448,48000000000,Unknown,0.0539138372192382
Gemstone-256x23,0,11925,50000000000,Unknown,0.054141501586914
Gemstone-256x23,0,12402,52000000000,Unknown,0.0545105904541015
Gemstone-256x23,0,12879,54000000000,Unknown,0.0548475081787109
Gemstone-256x23,0,13356,56000000000,Unknown,0.0551679776611328
Gemstone-256x23,0,13833,58000000000,Unknown,0.0553001994628906
Gemstone-256x23,0,14310,60000000000,Unknown,0.0551775352783203
Gemstone-256x23,0,14787,62000000000,Unknown,0.0555645009765625
Gemstone-256x23,0,15264,64000000000,Unknown,0.0554073465576171
Gemstone-256x23,0,15741,66000000000,Unknown,0.055389511352539
Gemstone-256x23,0,16218,68000000000,Unknown,0.0530805619506835
Gemstone-256x23,0,16695,70000000000,Unknown,0.0546530988769531
Gemstone-256x23,0,17172,72000000000,Unknown,0.0546295079345703
Gemstone-256x23,0,17649,74000000000,Unknown,0.0541201154785156
Gemstone-256x23,0,18126,76000000000,Unknown,0.0540896638183593
Gemstone-256x23,0,18603,78000000000,Unknown,0.0536991396484375
Gemstone-256x23,0,19080,80000000000,Unknown,0.0531420557861328
Gemstone-256x23,0,19557,82000000000,Unknown,0.052839976196289
Gemstone-256x23,0,20034,84000000000,Unknown,0.052466280883789
Gemstone-256x23,0,20511,86000000000,Unknown,0.0519694982910156
Gemstone-256x23,0,20988,88000000000,Unknown,0.0514295714111328
Gemstone-256x23,0,21465,90000000000,Unknown,0.0509792166748046
Gemstone-256x23,0,21942,92000000000,Unknown,0.0503473408203125
Gemstone-256x23,0,22419,94000000000,Unknown,0.0500692347412109
Gemstone-256x23,0,22896,96000000000,Unknown,0.0495353170776367
Gemstone-256x23,0,23373,98000000000,Unknown,0.0491023335571289
Gemstone-256x23,0,23850,100000000000,Unknown,0.0484947718505859
Gemstone-256x23,0,24327,102000000000,Unknown,0.0482096571655273
Gemstone-256x23,0,24804,104000000000,Unknown,0.0478158415527343
Gemstone-256x23,0,25281,106000000000,Unknown,0.0472275977172851
Gemstone-256x23,0,25758,108000000000,Unknown,0.0463329210205078
Gemstone-256x23,0,26235,110000000000,Unknown,0.0461165521240234
Gemstone-256x23,0,26712,112000000000,Unknown,0.0458017811279296
Gemstone-256x23,0,27189,114000000000,Unknown,0.0451341065063476
Gemstone-256x23,0,27666,116000000000,Unknown,0.0452998120727539
Gemstone-256x23,0,28143,118000000000,Unknown,0.0446534166870117
Gemstone-256x23,0,28620,120000000000,Unknown,0.0441632059936523
Gemstone-256x23,0,29097,122000000000,Unknown,0.043489608215332
Gemstone-256x23,0,29574,124000000000,Unknown,0.0431321836547851
Gemstone-256x23,0,30051,126000000000,Unknown,0.0428687788696289
Gemstone-256x23,0,30528,128000000000,Unknown,0.042567384399414
Gemstone-256x23,0,31005,130000000000,Unknown,0.0422147688598632
Gemstone-256x23,0,31482,132000000000,Unknown,0.0418166546630859
Gemstone-256x23,0,31959,134000000000,Unknown,0.041553992980957
Gemstone-256x23,0,32436,136000000000,Unknown,0.0412262014160156
Gemstone-256x23,0,32913,138000000000,Unknown,0.0411190319824218
Gemstone-256x23,0,33390,140000000000,Unknown,0.040843954711914
Gemstone-256x23,0,33867,142000000000,Unknown,0.0405499318237304
Gemstone-256x23,0,34344,144000000000,Unknown,0.0400610673828125
Gemstone-256x23,0,34821,146000000000,Unknown,0.039785780883789
Gemstone-256x23,0,35298,148000000000,Unknown,0.0392803143310546
Gemstone-256x23,0,35775,150000000000,Unknown,0.0388917364501953
Gemstone-256x23,0,36252,152000000000,Unknown,0.0387969367065429
Gemstone-256x23,0,36729,154000000000,Unknown,0.0387886099243164
Gemstone-256x23,0,37206,156000000000,Unknown,0.0385896489257812
Gemstone-256x23,0,37683,158000000000,Unknown,0.0381081856079101
Gemstone-256x23,0,38160,160000000000,Unknown,0.0381352274169921
Gemstone-256x23,0,38637,162000000000,Unknown,0.0379683302001953
Gemstone-256x23,0,39114,164000000000,Unknown,0.0377067930908203
Gemstone-256x23,0,39591,166000000000,Unknown,0.0373838992919921
Gemstone-256x23,0,40068,168000000000,Unknown,0.0369710690917968
Gemstone-256x23,0,40545,170000000000,Unknown,0.0366855625
Gemstone-256x23,0,41022,172000000000,Unknown,0.0365237211914062
Gemstone-256x23,0,41499,174000000000,Unknown,0.0349620287475585
Gemstone-256x23,0,41976,176000000000,Unknown,0.0361978195800781
Gemstone-256x23,0,42453,178000000000,Unknown,0.0358373883666992
Gemstone-256x23,0,42930,180000000000,Unknown,0.035618569152832
Gemstone-256x23,0,43407,182000000000,Unknown,0.0356799197387695
Gemstone-256x23,0,43884,184000000000,Unknown,0.0355634881591796
Gemstone-256x23,0,44361,186000000000,Unknown,0.0349649118652343
Gemstone-256x23,0,44838,188000000000,Unknown,0.0347262059936523
Gemstone-256x23,0,45315,190000000000,Unknown,0.0346739508666992
Gemstone-256x23,0,45792,192000000000,Unknown,0.03464676171875
Gemstone-256x23,0,46269,194000000000,Unknown,0.0343075963134765
Gemstone-256x23,0,46746,196000000000,Unknown,0.0342619511108398
Gemstone-256x23,0,47223,198000000000,Unknown,0.0341922013549804
Gemstone-256x23,0,47700,200000000000,Unknown,0.0340093410034179
Gemstone-256x23,0,48177,202000000000,Unknown,0.0340178719482421
Gemstone-256x23,0,48654,204000000000,Unknown,0.0342655718383789
Gemstone-256x23,0,49131,206000000000,Unknown,0.0342519036254882
Gemstone-256x23,0,49608,208000000000,Unknown,0.034057033630371
Gemstone-256x23,0,50085,210000000000,Unknown,0.0339070975952148
Gemstone-256x23,0,50562,212000000000,Unknown,0.0336121060791015
Gemstone-256x23,0,51039,214000000000,Unknown,0.0333020701293945
Gemstone-256x23,0,51516,216000000000,Unknown,0.033295531677246
Gemstone-256x23,0,51993,218000000000,Unknown,0.0330254725952148
Gemstone-256x23,0,52470,220000000000,Unknown,0.0330046150512695
Gemstone-256x23,0,52947,222000000000,Unknown,0.0332518811035156
Gemstone-256x23,0,53424,224000000000,Unknown,0.032994317199707
Gemstone-256x23,0,53901,226000000000,Unknown,0.0326712241821289
Gemstone-256x23,0,54378,228000000000,Unknown,0.0326463690185546
Gemstone-256x23,0,54855,230000000000,Unknown,0.0325602520141601
Gemstone-256x23,0,55332,232000000000,Unknown,0.0324577504882812
Gemstone-256x23,0,55809,234000000000,Unknown,0.031775399230957
Gemstone-256x23,0,56286,236000000000,Unknown,0.0322721016235351
Gemstone-256x23,0,56763,238000000000,Unknown,0.0320186163940429
Gemstone-256x23,0,57240,240000000000,Unknown,0.0321885081176757
Gemstone-256x23,0,57717,242000000000,Unknown,0.0320278917846679
Gemstone-256x23,0,58194,244000000000,Unknown,0.0318807608642578
Gemstone-256x23,0,58671,246000000000,Unknown,0.0314302099609375
Gemstone-256x23,0,59148,248000000000,Unknown,0.0315022774658203
Gemstone-256x23,0,59625,250000000000,Unknown,0.031462364868164
Gemstone-256x23,0,60102,252000000000,Unknown,0.0305296211547851
Gemstone-256x23,0,60579,254000000000,Unknown,0.0312690703125
Gemstone-256x23,0,61056,256000000000,Unknown,0.0310845476074218
Gemstone-256x23,0,61533,258000000000,Unknown,0.0312264244995117
Gemstone-256x23,0,62010,260000000000,Unknown,0.0310425633544921
Gemstone-256x23,0,62487,262000000000,Unknown,0.0308842045288085
Gemstone-256x23,0,62964,264000000000,Unknown,0.0308942085571289
Gemstone-256x23,0,63441,266000000000,Unknown,0.0307883390502929
Gemstone-256x23,0,63918,268000000000,Unknown,0.0308269473876953
Gemstone-256x23,0,64395,270000000000,Unknown,0.0308231428222656
Gemstone-256x23,0,64872,272000000000,Unknown,0.0305627758789062
Gemstone-256x23,0,65349,274000000000,Unknown,0.0306717343139648
Gemstone-256x23,0,65826,276000000000,Unknown,0.0307654056396484
Gemstone-256x23,0,66303,278000000000,Unknown,0.0307398106689453
Gemstone-256x23,0,66780,280000000000,Unknown,0.0306086412353515
Gemstone-256x23,0,67257,282000000000,Unknown,0.0308498535766601
Gemstone-256x23,0,67734,284000000000,Unknown,0.0307637544555664
Gemstone-256x23,0,68211,286000000000,Unknown,0.0307685971679687
Gemstone-256x23,0,68688,288000000000,Unknown,0.0304903931884765
Gemstone-256x23,0,69165,290000000000,Unknown,0.0306005819091796
Gemstone-256x23,0,69642,292000000000,Unknown,0.0307286497192382
Gemstone-256x23,0,70119,294000000000,Unknown,0.0304447268066406
Gemstone-256x23,0,70596,296000000000,Unknown,0.0303510520629882
Gemstone-256x23,0,71073,298000000000,Unknown,0.0304560662841796
Gemstone-256x23,0,71550,300000000000,Unknown,0.0304430170288085
Gemstone-256x23,0,72027,302000000000,Unknown,0.0304507609863281
Gemstone-256x23,0,72504,304000000000,Unknown,0.0303302955932617
Gemstone-256x23,0,72981,306000000000,Unknown,0.0300496353149414
Gemstone-256x23,0,73458,308000000000,Unknown,0.0299455223388671
Gemstone-256x23,0,73935,310000000000,Unknown,0.0300502849731445
Gemstone-256x23,0,74412,312000000000,Unknown,0.0300660750732421
Gemstone-256x23,0,74889,314000000000,Unknown,0.0298962435302734
Gemstone-256x23,0,75366,316000000000,Unknown,0.0297657814331054
Gemstone-256x23,0,75843,318000000000,Unknown,0.0296763921508789
Gemstone-256x23,0,76320,320000000000,Unknown,0.0297105012207031
Gemstone-256x23,0,76797,322000000000,Unknown,0.0298565679321289
Gemstone-256x23,0,77274,324000000000,Unknown,0.0298875874023437
Gemstone-256x23,0,77751,326000000000,Unknown,0.0297947044067382
Gemstone-256x23,0,78228,328000000000,Unknown,0.0298202687377929
Gemstone-256x23,0,78705,330000000000,Unknown,0.029593042602539
Gemstone-256x23,0,79182,332000000000,Unknown,0.0298309864501953
Gemstone-256x23,0,79659,334000000000,Unknown,0.0296741690063476
Gemstone-256x23,0,80136,336000000000,Unknown,0.0296490695190429
Gemstone-256x23,0,80613,338000000000,Unknown,0.0298227140502929
Gemstone-256x23,0,81090,340000000000,Unknown,0.0297138667602539
Gemstone-256x23,0,81567,342000000000,Unknown,0.0298280782470703
Gemstone-256x23,0,82044,344000000000,Unknown,0.0299401776123046
Gemstone-256x23,0,82521,346000000000,Unknown,0.0297774198608398
Gemstone-256x23,0,82998,348000000000,Huge,0.0297112276611328
Gemstone-256x23,1,954,4000000000,Unknown,0.0426551077270507
Gemstone-256x23,1,1431,6000000000,Unknown,0.0588223704833984
Gemstone-256x23,1,1908,8000000000,Unknown,0.0748557061767578
Gemstone-256x23,1,2385,10000000000,Unknown,0.0886299321289062
Gemstone-256x23,1,2862,12000000000,Unknown,0.0974107451171875
Gemstone-256x23,1,3339,14000000000,Unknown,0.10449130078125
Gemstone-256x23,1,3816,16000000000,Unknown,0.1133319875488281
Gemstone-256x23,1,4293,18000000000,Unknown,0.1262111958007812
Gemstone-256x23,1,4770,20000000000,Unknown,0.140208603515625
Gemstone-256x23,1,5247,22000000000,Unknown,0.1483287058105468
Gemstone-256x23,1,5724,24000000000,Unknown,0.1627865354003906
Gemstone-256x23,1,6201,26000000000,Unknown,0.1702612194824218
Gemstone-256x23,1,6678,28000000000,Unknown,0.178099185546875
Gemstone-256x23,1,7155,30000000000,Unknown,0.1836517021484375
Gemstone-256x23,1,7632,32000000000,Unknown,0.1844895607910156
Gemstone-256x23,1,8109,34000000000,Unknown,0.192186828125
Gemstone-256x23,1,8586,36000000000,Unknown,0.1961547299804687
Gemstone-256x23,1,9063,38000000000,Unknown,0.1963914750976562
Gemstone-256x23,1,9540,40000000000,Unknown,0.1954272277832031
Gemstone-256x23,1,10017,42000000000,Unknown,0.1987097766113281
Gemstone-256x23,1,10494,44000000000,Unknown,0.197475818359375
Gemstone-256x23,1,10971,46000000000,Unknown,0.1949281127929687
Gemstone-256x23,1,11448,48000000000,Unknown,0.1978629672851562
Gemstone-256x23,1,11925,50000000000,Unknown,0.1947453010253906
Gemstone-256x23,1,12402,52000000000,Unknown,0.1972212739257812
Gemstone-256x23,1,12879,54000000000,Unknown,0.193503078125
Gemstone-256x23,1,13356,56000000000,Unknown,0.1908599794921875
Gemstone-256x23,1,13833,58000000000,Unknown,0.1915285710449218
Gemstone-256x23,1,14310,60000000000,Unknown,0.1890252087402343
Gemstone-256x23,1,14787,62000000000,Unknown,0.187419400390625
Gemstone-256x23,1,15264,64000000000,Unknown,0.18509889453125
Gemstone-256x23,1,15741,66000000000,Unknown,0.1875134125976562
Gemstone-256x23,1,16218,68000000000,Unknown,0.18559735546875
Gemstone-256x23,1,16695,70000000000,Unknown,0.1868804182128906
Gemstone-256x23,1,17172,72000000000,Unknown,0.1915268195800781
Gemstone-256x23,1,17649,74000000000,Unknown,0.1901166042480468
Gemstone-256x23,1,18126,76000000000,Unknown,0.1983202768554687
Gemstone-256x23,1,18603,78000000000,Unknown,0.2002803671875
Gemstone-256x23,1,19080,80000000000,Unknown,0.2042664765625
Gemstone-256x23,1,19557,82000000000,Unknown,0.209215494140625
Gemstone-256x23,1,20034,84000000000,Unknown,0.2120608896484375
Gemstone-256x23,1,20511,86000000000,Unknown,0.2153907094726562
Gemstone-256x23,1,20988,88000000000,Unknown,0.2234176176757812
Gemstone-256x23,1,21465,90000000000,Unknown,0.2275939580078125
Gemstone-256x23,1,21942,92000000000,Unknown,0.2315704731445312
Gemstone-256x23,1,22419,94000000000,Unknown,0.2378376782226562
Gemstone-256x23,1,22896,96000000000,Unknown,0.2420245092773437
Gemstone-256x23,1,23373,98000000000,Unknown,0.2469754077148437
Gemstone-256x23,1,23850,100000000000,Unknown,0.2520726381835937
Gemstone-256x23,1,24327,102000000000,Unknown,0.2562127275390625
Gemstone-256x23,1,24804,104000000000,Unknown,0.26083465625
Gemstone-256x23,1,25281,106000000000,Unknown,0.267149138671875
Gemstone-256x23,1,25758,108000000000,Unknown,0.2670453901367187
Gemstone-256x23,1,26235,110000000000,Unknown,0.2710808974609375
Gemstone-256x23,1,26712,112000000000,Unknown,0.2773243583984375
Gemstone-256x23,1,27189,114000000000,Unknown,0.278842431640625
Gemstone-256x23,1,27666,116000000000,Unknown,0.2829418676757812
Gemstone-256x23,1,28143,118000000000,Unknown,0.285347572265625
Gemstone-256x23,1,28620,120000000000,Unknown,0.2867953979492187
Gemstone-256x23,1,29097,122000000000,Unknown,0.2891640053710937
Gemstone-256x23,1,29574,124000000000,Unknown,0.29682799609375
Gemstone-256x23,1,30051,126000000000,Unknown,0.2975869790039062
Gemstone-256x23,1,30528,128000000000,Unknown,0.2977675708007812
Gemstone-256x23,1,31005,130000000000,Unknown,0.302539923828125
Gemstone-256x23,1,31482,132000000000,Unknown,0.3054377587890625
Gemstone-256x23,1,31959,134000000000,Unknown,0.30320283984375
Gemstone-256x23,1,32436,136000000000,Unknown,0.3044418413085937
Gemstone-256x23,1,32913,138000000000,Unknown,0.3077826303710937
Gemstone-256x23,1,33390,140000000000,Unknown,0.3074497416992187
Gemstone-256x23,1,33867,142000000000,Unknown,0.31066432421875
Gemstone-256x23,1,34344,144000000000,Unknown,0.3141551528320312
Gemstone-256x23,1,34821,146000000000,Unknown,0.3157368530273437
Gemstone-256x23,1,35298,148000000000,Unknown,0.3142764052734375
Gemstone-256x23,1,35775,150000000000,Unknown,0.31607166015625
Gemstone-256x23,1,36252,152000000000,Unknown,0.3184060473632812
Gemstone-256x23,1,36729,154000000000,Unknown,0.318291912109375
Gemstone-256x23,1,37206,156000000000,Unknown,0.3198601499023437
Gemstone-256x23,1,37683,158000000000,Unknown,0.3172489423828125
Gemstone-256x23,1,38160,160000000000,Unknown,0.3161105805664062
Gemstone-256x23,1,38637,162000000000,Unknown,0.3168228256835937
Gemstone-256x23,1,39114,164000000000,Unknown,0.3163066704101562
Gemstone-256x23,1,39591,166000000000,Unknown,0.3187548920898437
Gemstone-256x23,1,40068,168000000000,Unknown,0.3194643041992187
Gemstone-256x23,1,40545,170000000000,Unknown,0.3176475498046875
Gemstone-256x23,1,41022,172000000000,Unknown,0.3153813696289062
Gemstone-256x23,1,41499,174000000000,Unknown,0.3214634072265625
Gemstone-256x23,1,41976,176000000000,Unknown,0.315299712890625
Gemstone-256x23,1,42453,178000000000,Unknown,0.3176700209960937
Gemstone-256x23,1,42930,180000000000,Unknown,0.3147956103515625
Gemstone-256x23,1,43407,182000000000,Unknown,0.3170053740234375
Gemstone-256x23,1,43884,184000000000,Unknown,0.3197614965820312
Gemstone-256x23,1,44361,186000000000,Unknown,0.3186218198242188
Gemstone-256x23,1,44838,188000000000,Unknown,0.3159929775390625
Gemstone-256x23,1,45315,190000000000,Unknown,0.3155409956054688
Gemstone-256x23,1,45792,192000000000,Unknown,0.3184360844726562
Gemstone-256x23,1,46269,194000000000,Unknown,0.3174260654296875
Gemstone-256x23,1,46746,196000000000,Unknown,0.316092541015625
Gemstone-256x23,1,47223,198000000000,Unknown,0.31639044921875
Gemstone-256x23,1,47700,200000000000,Unknown,0.3171618227539062
Gemstone-256x23,1,48177,202000000000,Unknown,0.318656365234375
Gemstone-256x23,1,48654,204000000000,Unknown,0.3188907700195312
Gemstone-256x23,1,49131,206000000000,Unknown,0.3114640771484375
Gemstone-256x23,1,49608,208000000000,Unknown,0.315382462890625
Gemstone-256x23,1,50085,210000000000,Unknown,0.3196901279296875
Gemstone-256x23,1,50562,212000000000,Unknown,0.3167140541992188
Gemstone-256x23,1,51039,214000000000,Unknown,0.3166546552734375
Gemstone-256x23,1,51516,216000000000,Unknown,0.3168396044921875
Gemstone-256x23,1,51993,218000000000,Unknown,0.31723429296875
Gemstone-256x23,1,52470,220000000000,Unknown,0.3166408740234375
Gemstone-256x23,1,52947,222000000000,Unknown,0.3146757734375
Gemstone-256x23,1,53424,224000000000,Unknown,0.3122489580078125
Gemstone-256x23,1,53901,226000000000,Unknown,0.3129486840820312
Gemstone-256x23,1,54378,228000000000,Unknown,0.3146676611328125
Gemstone-256x23,1,54855,230000000000,Unknown,0.31536425390625
Gemstone-256x23,1,55332,232000000000,Unknown,0.3140883041992187
Gemstone-256x23,1,55809,234000000000,Unknown,0.3202172470703125
Gemstone-256x23,1,56286,236000000000,Unknown,0.3138666875
Gemstone-256x23,1,56763,238000000000,Unknown,0.3155620698242187
Gemstone-256x23,1,57240,240000000000,Unknown,0.3163087998046875
Gemstone-256x23,1,57717,242000000000,Unknown,0.312403521484375
Gemstone-256x23,1,58194,244000000000,Unknown,0.3126370908203125
Gemstone-256x23,1,58671,246000000000,Unknown,0.3160717954101562
Gemstone-256x23,1,59148,248000000000,Unknown,0.3142413837890625
Gemstone-256x23,1,59625,250000000000,Unknown,0.3146757124023437
Gemstone-256x23,1,60102,252000000000,Unknown,0.3153066665039062
Gemstone-256x23,1,60579,254000000000,Unknown,0.3139702709960937
Gemstone-256x23,1,61056,256000000000,Unknown,0.3180059897460937
Gemstone-256x23,1,61533,258000000000,Unknown,0.3187807358398437
Gemstone-256x23,1,62010,260000000000,Unknown,0.3140863852539062
Gemstone-256x23,1,62487,262000000000,Unknown,0.3141336708984375
Gemstone-256x23,1,62964,264000000000,Unknown,0.3148346997070312
Gemstone-256x23,1,63441,266000000000,Unknown,0.315405521484375
Gemstone-256x23,1,63918,268000000000,Unknown,0.3147979204101562
Gemstone-256x23,1,64395,270000000000,Unknown,0.3131286416015625
Gemstone-256x23,1,64872,272000000000,Unknown,0.317206587890625
Gemstone-256x23,1,65349,274000000000,Unknown,0.3117716826171875
Gemstone-256x23,1,65826,276000000000,Unknown,0.3091937153320312
Gemstone-256x23,1,66303,278000000000,Unknown,0.3141462260742187
Gemstone-256x23,1,66780,280000000000,Unknown,0.3099963510742187
Gemstone-256x23,1,67257,282000000000,Unknown,0.310651193359375
Gemstone-256x23,1,67734,284000000000,Unknown,0.3126394848632812
Gemstone-256x23,1,68211,286000000000,Unknown,0.314906818359375
Gemstone-256x23,1,68688,288000000000,Unknown,0.3086365229492187
Gemstone-256x23,1,69165,290000000000,Unknown,0.3092601328125
Gemstone-256x23,1,69642,292000000000,Unknown,0.3077044956054687
Gemstone-256x23,1,70119,294000000000,Unknown,0.3093713510742187
Gemstone-256x23,1,70596,296000000000,Unknown,0.30872021875
Gemstone-256x23,1,71073,298000000000,Unknown,0.30908845703125
Gemstone-256x23,1,71550,300000000000,Unknown,0.3085872192382812
Gemstone-256x23,1,72027,302000000000,Unknown,0.3084864975585937
Gemstone-256x23,1,72504,304000000000,Unknown,0.3068608037109375
Gemstone-256x23,1,72981,306000000000,Unknown,0.3053332221679687
Gemstone-256x23,1,73458,308000000000,Unknown,0.3020629189453125
Gemstone-256x23,1,73935,310000000000,Unknown,0.3038405131835937
Gemstone-256x23,1,74412,312000000000,Unknown,0.3040211787109375
Gemstone-256x23,1,74889,314000000000,Unknown,0.3061641596679687
Gemstone-256x23,1,75366,316000000000,Unknown,0.303512779296875
Gemstone-256x23,1,75843,318000000000,Unknown,0.3041213325195313
Gemstone-256x23,1,76320,320000000000,Unknown,0.3022578076171875
Gemstone-256x23,1,76797,322000000000,Unknown,0.306147515625
Gemstone-256x23,1,77274,324000000000,Unknown,0.3043743544921875
Gemstone-256x23,1,77751,326000000000,Unknown,0.3045509716796875
Gemstone-256x23,1,78228,328000000000,Unknown,0.302866
Gemstone-256x23,1,78705,330000000000,Unknown,0.30189764453125
Gemstone-256x23,1,79182,332000000000,Unknown,0.3028793857421875
Gemstone-256x23,1,79659,334000000000,Unknown,0.2983423374023437
Gemstone-256x23,1,80136,336000000000,Unknown,0.2955644350585937
Gemstone-256x23,1,80613,338000000000,Unknown,0.2988503017578125
Gemstone-256x23,1,81090,340000000000,Unknown,0.2999567514648437
Gemstone-256x23,1,81567,342000000000,Unknown,0.2985688330078125
Gemstone-256x23,1,82044,344000000000,Unknown,0.3016612915039062
Gemstone-256x23,1,82521,346000000000,Unknown,0.3021748828125
Gemstone-256x23,1,82998,348000000000,Huge,0.3040308427734375
Gemstone-256x23,2,954,4000000000,Unknown,0.0590316313476562
Gemstone-256x23,2,1431,6000000000,Unknown,0.0983606483154296
Gemstone-256x23,2,1908,8000000000,Unknown,0.1528919384765625
Gemstone-256x23,2,2385,10000000000,Unknown,0.2076546694335937
Gemstone-256x23,2,2862,12000000000,Unknown,0.247500814453125
Gemstone-256x23,2,3339,14000000000,Unknown,0.2845243862304688
Gemstone-256x23,2,3816,16000000000,Unknown,0.3177580737304687
Gemstone-256x23,2,4293,18000000000,Unknown,0.365577634765625
Gemstone-256x23,2,4770,20000000000,Unknown,0.4029465747070312
Gemstone-256x23,2,5247,22000000000,Unknown,0.4305863095703125
Gemstone-256x23,2,5724,24000000000,Unknown,0.465237357421875
Gemstone-256x23,2,6201,26000000000,Unknown,0.480304376953125
Gemstone-256x23,2,6678,28000000000,Unknown,0.4937910234375
Gemstone-256x23,2,7155,30000000000,Unknown,0.5070346962890625
Gemstone-256x23,2,7632,32000000000,Unknown,0.51380034375
Gemstone-256x23,2,8109,34000000000,Unknown,0.5242575888671875
Gemstone-256x23,2,8586,36000000000,Unknown,0.5252962001953125
Gemstone-256x23,2,9063,38000000000,Unknown,0.5211257109375
Gemstone-256x23,2,9540,40000000000,Unknown,0.5234816884765625
Gemstone-256x23,2,10017,42000000000,Unknown,0.526171888671875
Gemstone-256x23,2,10494,44000000000,Unknown,0.5193059755859375
Gemstone-256x23,2,10971,46000000000,Unknown,0.511610634765625
Gemstone-256x23,2,11448,48000000000,Unknown,0.5199087734375
Gemstone-256x23,2,11925,50000000000,Unknown,0.5130092890625
Gemstone-256x23,2,12402,52000000000,Unknown,0.51562192578125
Gemstone-256x23,2,12879,54000000000,Unknown,0.50546410546875
Gemstone-256x23,2,13356,56000000000,Unknown,0.5004642939453126
Gemstone-256x23,2,13833,58000000000,Unknown,0.506884671875
Gemstone-256x23,2,14310,60000000000,Unknown,0.495942607421875
Gemstone-256x23,2,14787,62000000000,Unknown,0.4906897255859375
Gemstone-256x23,2,15264,64000000000,Unknown,0.487679744140625
Gemstone-256x23,2,15741,66000000000,Unknown,0.487000173828125
Gemstone-256x23,2,16218,68000000000,Unknown,0.46973527734375
Gemstone-256x23,2,16695,70000000000,Unknown,0.4772738984375
Gemstone-256x23,2,17172,72000000000,Unknown,0.4775387099609375
Gemstone-256x23,2,17649,74000000000,Unknown,0.4668623857421875
Gemstone-256x23,2,18126,76000000000,Unknown,0.4716817783203125
Gemstone-256x23,2,18603,78000000000,Unknown,0.4712888388671875
Gemstone-256x23,2,19080,80000000000,Unknown,0.4697987275390625
Gemstone-256x23,2,19557,82000000000,Unknown,0.46270219921875
Gemstone-256x23,2,20034,84000000000,Unknown,0.4676902490234375
Gemstone-256x23,2,20511,86000000000,Unknown,0.45740458984375
Gemstone-256x23,2,20988,88000000000,Unknown,0.4620208984375
Gemstone-256x23,2,21465,90000000000,Unknown,0.45828394140625
Gemstone-256x23,2,21942,92000000000,Unknown,0.454393560546875
Gemstone-256x23,2,22419,94000000000,Unknown,0.453171986328125
Gemstone-256x23,2,22896,96000000000,Unknown,0.4540105859375
Gemstone-256x23,2,23373,98000000000,Unknown,0.4544318115234375
Gemstone-256x23,2,23850,100000000000,Unknown,0.449215947265625
Gemstone-256x23,2,24327,102000000000,Unknown,0.4478739697265625
Gemstone-256x23,2,24804,104000000000,Unknown,0.44684197265625
Gemstone-256x23,2,25281,106000000000,Unknown,0.4537429033203125
Gemstone-256x23,2,25758,108000000000,Unknown,0.4449286455078125
Gemstone-256x23,2,26235,110000000000,Unknown,0.447475712890625
Gemstone-256x23,2,26712,112000000000,Unknown,0.44842541796875
Gemstone-256x23,2,27189,114000000000,Unknown,0.4497603056640625
Gemstone-256x23,2,27666,116000000000,Unknown,0.4428377001953125
Gemstone-256x23,2,28143,118000000000,Unknown,0.43828644921875
Gemstone-256x23,2,28620,120000000000,Unknown,0.4415166787109375
Gemstone-256x23,2,29097,122000000000,Unknown,0.44152581640625
Gemstone-256x23,2,29574,124000000000,Unknown,0.44293512109375
Gemstone-256x23,2,30051,126000000000,Unknown,0.4411519755859375
Gemstone-256x23,2,30528,128000000000,Unknown,0.438166052734375
Gemstone-256x23,2,31005,130000000000,Unknown,0.4396035146484375
Gemstone-256x23,2,31482,132000000000,Unknown,0.4413200166015625
Gemstone-256x23,2,31959,134000000000,Unknown,0.43727500390625
Gemstone-256x23,2,32436,136000000000,Unknown,0.434003548828125
Gemstone-256x23,2,32913,138000000000,Unknown,0.4369596748046875
Gemstone-256x23,2,33390,140000000000,Unknown,0.4333928154296875
Gemstone-256x23,2,33867,142000000000,Unknown,0.436656373046875
Gemstone-256x23,2,34344,144000000000,Unknown,0.4310819755859375
Gemstone-256x23,2,34821,146000000000,Unknown,0.436015470703125
Gemstone-256x23,2,35298,148000000000,Unknown,0.43405862109375
Gemstone-256x23,2,35775,150000000000,Unknown,0.431258296875
Gemstone-256x23,2,36252,152000000000,Unknown,0.4280012841796875
Gemstone-256x23,2,36729,154000000000,Unknown,0.433125689453125
Gemstone-256x23,2,37206,156000000000,Unknown,0.4343202705078125
Gemstone-256x23,2,37683,158000000000,Unknown,0.43089111328125
Gemstone-256x23,2,38160,160000000000,Unknown,0.4259396748046875
Gemstone-256x23,2,38637,162000000000,Unknown,0.4292755712890625
Gemstone-256x23,2,39114,164000000000,Unknown,0.4287800302734375
Gemstone-256x23,2,39591,166000000000,Unknown,0.427101875
Gemstone-256x23,2,40068,168000000000,Unknown,0.4268117548828125
Gemstone-256x23,2,40545,170000000000,Unknown,0.423061021484375
Gemstone-256x23,2,41022,172000000000,Unknown,0.4226475625
Gemstone-256x23,2,41499,174000000000,Unknown,0.4116450107421875
Gemstone-256x23,2,41976,176000000000,Unknown,0.419303794921875
Gemstone-256x23,2,42453,178000000000,Unknown,0.4216138173828125
Gemstone-256x23,2,42930,180000000000,Unknown,0.420771134765625
Gemstone-256x23,2,43407,182000000000,Unknown,0.4216457724609375
Gemstone-256x23,2,43884,184000000000,Unknown,0.4236048896484375
Gemstone-256x23,2,44361,186000000000,Unknown,0.424046369140625
Gemstone-256x23,2,44838,188000000000,Unknown,0.4215790849609375
Gemstone-256x23,2,45315,190000000000,Unknown,0.420881123046875
Gemstone-256x23,2,45792,192000000000,Unknown,0.420413046875
Gemstone-256x23,2,46269,194000000000,Unknown,0.416029859375
Gemstone-256x23,2,46746,196000000000,Unknown,0.416291513671875
Gemstone-256x23,2,47223,198000000000,Unknown,0.418597947265625
Gemstone-256x23,2,47700,200000000000,Unknown,0.4180294833984375
Gemstone-256x23,2,48177,202000000000,Unknown,0.4186041923828125
Gemstone-256x23,2,48654,204000000000,Unknown,0.42286730859375
Gemstone-256x23,2,49131,206000000000,Unknown,0.4123024165039062
Gemstone-256x23,2,49608,208000000000,Unknown,0.4150936416015625
Gemstone-256x23,2,50085,210000000000,Unknown,0.4168774111328125
Gemstone-256x23,2,50562,212000000000,Unknown,0.4159053828125
Gemstone-256x23,2,51039,214000000000,Unknown,0.4137757138671875
Gemstone-256x23,2,51516,216000000000,Unknown,0.416462833984375
Gemstone-256x23,2,51993,218000000000,Unknown,0.41367451953125
Gemstone-256x23,2,52470,220000000000,Unknown,0.414895267578125
Gemstone-256x23,2,52947,222000000000,Unknown,0.4150548720703125
Gemstone-256x23,2,53424,224000000000,Unknown,0.4095105283203125
Gemstone-256x23,2,53901,226000000000,Unknown,0.4103033208007812
Gemstone-256x23,2,54378,228000000000,Unknown,0.4113149418945312
Gemstone-256x23,2,54855,230000000000,Unknown,0.416550150390625
Gemstone-256x23,2,55332,232000000000,Unknown,0.4086862216796875
Gemstone-256x23,2,55809,234000000000,Unknown,0.4139371455078125
Gemstone-256x23,2,56286,236000000000,Unknown,0.40958998046875
Gemstone-256x23,2,56763,238000000000,Unknown,0.4130302768554687
Gemstone-256x23,2,57240,240000000000,Unknown,0.41425637109375
Gemstone-256x23,2,57717,242000000000,Unknown,0.4122615112304687
Gemstone-256x23,2,58194,244000000000,Unknown,0.4106632514648437
Gemstone-256x23,2,58671,246000000000,Unknown,0.4121922333984375
Gemstone-256x23,2,59148,248000000000,Unknown,0.413108541015625
Gemstone-256x23,2,59625,250000000000,Unknown,0.410920326171875
Gemstone-256x23,2,60102,252000000000,Unknown,0.3991975737304687
Gemstone-256x23,2,60579,254000000000,Unknown,0.411176732421875
Gemstone-256x23,2,61056,256000000000,Unknown,0.4148211865234375
Gemstone-256x23,2,61533,258000000000,Unknown,0.413376357421875
Gemstone-256x23,2,62010,260000000000,Unknown,0.4103969565429687
Gemstone-256x23,2,62487,262000000000,Unknown,0.4101281875
Gemstone-256x23,2,62964,264000000000,Unknown,0.41447411328125
Gemstone-256x23,2,63441,266000000000,Unknown,0.4155846796875
Gemstone-256x23,2,63918,268000000000,Unknown,0.41489926953125
Gemstone-256x23,2,64395,270000000000,Unknown,0.4108581982421875
Gemstone-256x23,2,64872,272000000000,Unknown,0.4176215283203125
Gemstone-256x23,2,65349,274000000000,Unknown,0.4099902504882812
Gemstone-256x23,2,65826,276000000000,Unknown,0.4068588950195312
Gemstone-256x23,2,66303,278000000000,Unknown,0.4125638256835937
Gemstone-256x23,2,66780,280000000000,Unknown,0.4098225444335937
Gemstone-256x23,2,67257,282000000000,Unknown,0.4066619135742187
Gemstone-256x23,2,67734,284000000000,Unknown,0.4083145834960937
Gemstone-256x23,2,68211,286000000000,Unknown,0.412808416015625
Gemstone-256x23,2,68688,288000000000,Unknown,0.4047974858398437
Gemstone-256x23,2,69165,290000000000,Unknown,0.408442517578125
Gemstone-256x23,2,69642,292000000000,Unknown,0.405007005859375
Gemstone-256x23,2,70119,294000000000,Unknown,0.40807256640625
Gemstone-256x23,2,70596,296000000000,Unknown,0.4089532465820312
Gemstone-256x23,2,71073,298000000000,Unknown,0.4084730751953125
Gemstone-256x23,2,71550,300000000000,Unknown,0.4075096840820312
Gemstone-256x23,2,72027,302000000000,Unknown,0.4080986430664062
Gemstone-256x23,2,72504,304000000000,Unknown,0.4055884516601562
Gemstone-256x23,2,72981,306000000000,Unknown,0.4028607465820312
Gemstone-256x23,2,73458,308000000000,Unknown,0.4003168041992187
Gemstone-256x23,2,73935,310000000000,Unknown,0.4053424775390625
Gemstone-256x23,2,74412,312000000000,Unknown,0.4046408940429687
Gemstone-256x23,2,74889,314000000000,Unknown,0.40696670703125
Gemstone-256x23,2,75366,316000000000,Unknown,0.4013362866210938
Gemstone-256x23,2,75843,318000000000,Unknown,0.4043689682617187
Gemstone-256x23,2,76320,320000000000,Unknown,0.399923669921875
Gemstone-256x23,2,76797,322000000000,Unknown,0.40485697265625
Gemstone-256x23,2,77274,324000000000,Unknown,0.4103405771484375
Gemstone-256x23,2,77751,326000000000,Unknown,0.4046374213867187
Gemstone-256x23,2,78228,328000000000,Unknown,0.4039957163085937
Gemstone-256x23,2,78705,330000000000,Unknown,0.4001990180664062
Gemstone-256x23,2,79182,332000000000,Unknown,0.4045093125
Gemstone-256x23,2,79659,334000000000,Unknown,0.3980944189453125
Gemstone-256x23,2,80136,336000000000,Unknown,0.398855357421875
Gemstone-256x23,2,80613,338000000000,Unknown,0.4010550458984375
Gemstone-256x23,2,81090,340000000000,Unknown,0.3998805131835937
Gemstone-256x23,2,81567,342000000000,Unknown,0.3993454208984375
Gemstone-256x23,2,82044,344000000000,Unknown,0.4012584672851562
Gemstone-256x23,2,82521,346000000000,Unknown,0.4038745581054687
Gemstone-256x23,2,82998,348000000000,Huge,0.4064696826171875
Gemstone-256x23,3,954,4000000000,Unknown,0.0663235556640625
Gemstone-256x23,3,1431,6000000000,Unknown,0.1147488469238281
Gemstone-256x23,3,1908,8000000000,Unknown,0.1762903515625
Gemstone-256x23,3,2385,10000000000,Unknown,0.2319002124023437
Gemstone-256x23,3,2862,12000000000,Unknown,0.2798650561523437
Gemstone-256x23,3,3339,14000000000,Unknown,0.3238790571289062
Gemstone-256x23,3,3816,16000000000,Unknown,0.3642573959960937
Gemstone-256x23,3,4293,18000000000,Unknown,0.41280086328125
Gemstone-256x23,3,4770,20000000000,Unknown,0.4476748740234375
Gemstone-256x23,3,5247,22000000000,Unknown,0.473009291015625
Gemstone-256x23,3,5724,24000000000,Unknown,0.507438103515625
Gemstone-256x23,3,6201,26000000000,Unknown,0.5211979755859375
Gemstone-256x23,3,6678,28000000000,Unknown,0.53359061328125
Gemstone-256x23,3,7155,30000000000,Unknown,0.549873822265625
Gemstone-256x23,3,7632,32000000000,Unknown,0.5592641826171875
Gemstone-256x23,3,8109,34000000000,Unknown,0.56825930078125
Gemstone-256x23,3,8586,36000000000,Unknown,0.5701943193359374
Gemstone-256x23,3,9063,38000000000,Unknown,0.5685409072265625
Gemstone-256x23,3,9540,40000000000,Unknown,0.5700676015625
Gemstone-256x23,3,10017,42000000000,Unknown,0.576485796875
Gemstone-256x23,3,10494,44000000000,Unknown,0.57148720703125
Gemstone-256x23,3,10971,46000000000,Unknown,0.5620434228515625
Gemstone-256x23,3,11448,48000000000,Unknown,0.5746405439453125
Gemstone-256x23,3,11925,50000000000,Unknown,0.569358748046875
Gemstone-256x23,3,12402,52000000000,Unknown,0.5685912373046875
Gemstone-256x23,3,12879,54000000000,Unknown,0.56200341796875
Gemstone-256x23,3,13356,56000000000,Unknown,0.5601931474609375
Gemstone-256x23,3,13833,58000000000,Unknown,0.561688978515625
Gemstone-256x23,3,14310,60000000000,Unknown,0.5553087744140625
Gemstone-256x23,3,14787,62000000000,Unknown,0.5526653779296875
Gemstone-256x23,3,15264,64000000000,Unknown,0.5473687734375
Gemstone-256x23,3,15741,66000000000,Unknown,0.54652155078125
Gemstone-256x23,3,16218,68000000000,Unknown,0.53330825
Gemstone-256x23,3,16695,70000000000,Unknown,0.540757673828125
Gemstone-256x23,3,17172,72000000000,Unknown,0.5422777841796875
Gemstone-256x23,3,17649,74000000000,Unknown,0.5275386044921875
Gemstone-256x23,3,18126,76000000000,Unknown,0.535027384765625
Gemstone-256x23,3,18603,78000000000,Unknown,0.5306751328125
Gemstone-256x23,3,19080,80000000000,Unknown,0.526589634765625
Gemstone-256x23,3,19557,82000000000,Unknown,0.52118411328125
Gemstone-256x23,3,20034,84000000000,Unknown,0.5255703583984375
Gemstone-256x23,3,20511,86000000000,Unknown,0.518226548828125
Gemstone-256x23,3,20988,88000000000,Unknown,0.520526546875
Gemstone-256x23,3,21465,90000000000,Unknown,0.51363457421875
Gemstone-256x23,3,21942,92000000000,Unknown,0.5144244990234375
Gemstone-256x23,3,22419,94000000000,Unknown,0.51009874609375
Gemstone-256x23,3,22896,96000000000,Unknown,0.512174943359375
Gemstone-256x23,3,23373,98000000000,Unknown,0.51152725390625
Gemstone-256x23,3,23850,100000000000,Unknown,0.503352541015625
Gemstone-256x23,3,24327,102000000000,Unknown,0.5028049384765625
Gemstone-256x23,3,24804,104000000000,Unknown,0.5023084462890625
Gemstone-256x23,3,25281,106000000000,Unknown,0.5090637421875
Gemstone-256x23,3,25758,108000000000,Unknown,0.497615494140625
Gemstone-256x23,3,26235,110000000000,Unknown,0.5023135
Gemstone-256x23,3,26712,112000000000,Unknown,0.497522701171875
Gemstone-256x23,3,27189,114000000000,Unknown,0.502844267578125
Gemstone-256x23,3,27666,116000000000,Unknown,0.494588458984375
Gemstone-256x23,3,28143,118000000000,Unknown,0.4869022119140625
Gemstone-256x23,3,28620,120000000000,Unknown,0.4907095390625
Gemstone-256x23,3,29097,122000000000,Unknown,0.49057581640625
Gemstone-256x23,3,29574,124000000000,Unknown,0.4909882890625
Gemstone-256x23,3,30051,126000000000,Unknown,0.4884603896484375
Gemstone-256x23,3,30528,128000000000,Unknown,0.485879205078125
Gemstone-256x23,3,31005,130000000000,Unknown,0.4867265576171875
Gemstone-256x23,3,31482,132000000000,Unknown,0.4875630087890625
Gemstone-256x23,3,31959,134000000000,Unknown,0.4850193134765625
Gemstone-256x23,3,32436,136000000000,Unknown,0.48218020703125
Gemstone-256x23,3,32913,138000000000,Unknown,0.4830186083984375
Gemstone-256x23,3,33390,140000000000,Unknown,0.4778759033203125
Gemstone-256x23,3,33867,142000000000,Unknown,0.4820625869140625
Gemstone-256x23,3,34344,144000000000,Unknown,0.4764302333984375
Gemstone-256x23,3,34821,146000000000,Unknown,0.480603458984375
Gemstone-256x23,3,35298,148000000000,Unknown,0.47920210546875
Gemstone-256x23,3,35775,150000000000,Unknown,0.4731766435546875
Gemstone-256x23,3,36252,152000000000,Unknown,0.471641244140625
Gemstone-256x23,3,36729,154000000000,Unknown,0.4766961259765625
Gemstone-256x23,3,37206,156000000000,Unknown,0.477691130859375
Gemstone-256x23,3,37683,158000000000,Unknown,0.4738670595703125
Gemstone-256x23,3,38160,160000000000,Unknown,0.4700272060546875
Gemstone-256x23,3,38637,162000000000,Unknown,0.4717366220703125
Gemstone-256x23,3,39114,164000000000,Unknown,0.4728055556640625
Gemstone-256x23,3,39591,166000000000,Unknown,0.4696854443359375
Gemstone-256x23,3,40068,168000000000,Unknown,0.4689600546875
Gemstone-256x23,3,40545,170000000000,Unknown,0.466393724609375
Gemstone-256x23,3,41022,172000000000,Unknown,0.4675511982421875
Gemstone-256x23,3,41499,174000000000,Unknown,0.454830181640625
Gemstone-256x23,3,41976,176000000000,Unknown,0.46038507421875
Gemstone-256x23,3,42453,178000000000,Unknown,0.4652217138671875
Gemstone-256x23,3,42930,180000000000,Unknown,0.462316947265625
Gemstone-256x23,3,43407,182000000000,Unknown,0.4652062041015625
Gemstone-256x23,3,43884,184000000000,Unknown,0.464754853515625
Gemstone-256x23,3,44361,186000000000,Unknown,0.467249736328125
Gemstone-256x23,3,44838,188000000000,Unknown,0.4668904921875
Gemstone-256x23,3,45315,190000000000,Unknown,0.4635983583984375
Gemstone-256x23,3,45792,192000000000,Unknown,0.4622774755859375
Gemstone-256x23,3,46269,194000000000,Unknown,0.4575001826171875
Gemstone-256x23,3,46746,196000000000,Unknown,0.4590629775390625
Gemstone-256x23,3,47223,198000000000,Unknown,0.46298909765625
Gemstone-256x23,3,47700,200000000000,Unknown,0.46106106640625
Gemstone-256x23,3,48177,202000000000,Unknown,0.4643366689453125
Gemstone-256x23,3,48654,204000000000,Unknown,0.4671658212890625
Gemstone-256x23,3,49131,206000000000,Unknown,0.4565809794921875
Gemstone-256x23,3,49608,208000000000,Unknown,0.45839608203125
Gemstone-256x23,3,50085,210000000000,Unknown,0.46171245703125
Gemstone-256x23,3,50562,212000000000,Unknown,0.4594986328125
Gemstone-256x23,3,51039,214000000000,Unknown,0.4575960224609375
Gemstone-256x23,3,51516,216000000000,Unknown,0.45808198828125
Gemstone-256x23,3,51993,218000000000,Unknown,0.455935615234375
Gemstone-256x23,3,52470,220000000000,Unknown,0.4591043359375
Gemstone-256x23,3,52947,222000000000,Unknown,0.460701287109375
Gemstone-256x23,3,53424,224000000000,Unknown,0.4526647431640625
Gemstone-256x23,3,53901,226000000000,Unknown,0.450482005859375
Gemstone-256x23,3,54378,228000000000,Unknown,0.4537129404296875
Gemstone-256x23,3,54855,230000000000,Unknown,0.461157064453125
Gemstone-256x23,3,55332,232000000000,Unknown,0.450640025390625
Gemstone-256x23,3,55809,234000000000,Unknown,0.457442703125
Gemstone-256x23,3,56286,236000000000,Unknown,0.4516065283203125
Gemstone-256x23,3,56763,238000000000,Unknown,0.4552436494140625
Gemstone-256x23,3,57240,240000000000,Unknown,0.457624521484375
Gemstone-256x23,3,57717,242000000000,Unknown,0.45569431640625
Gemstone-256x23,3,58194,244000000000,Unknown,0.4539455791015625
Gemstone-256x23,3,58671,246000000000,Unknown,0.4559152421875
Gemstone-256x23,3,59148,248000000000,Unknown,0.4559468486328125
Gemstone-256x23,3,59625,250000000000,Unknown,0.4572698994140625
Gemstone-256x23,3,60102,252000000000,Unknown,0.4363362587890625
Gemstone-256x23,3,60579,254000000000,Unknown,0.4530167568359375
Gemstone-256x23,3,61056,256000000000,Unknown,0.4578329599609375
Gemstone-256x23,3,61533,258000000000,Unknown,0.4548828212890625
Gemstone-256x23,3,62010,260000000000,Unknown,0.4540394912109375
Gemstone-256x23,3,62487,262000000000,Unknown,0.4496657392578125
Gemstone-256x23,3,62964,264000000000,Unknown,0.4585123994140625
Gemstone-256x23,3,63441,266000000000,Unknown,0.458082296875
Gemstone-256x23,3,63918,268000000000,Unknown,0.4565037744140625
Gemstone-256x23,3,64395,270000000000,Unknown,0.4500591337890625
Gemstone-256x23,3,64872,272000000000,Unknown,0.461717603515625
Gemstone-256x23,3,65349,274000000000,Unknown,0.4520730400390625
Gemstone-256x23,3,65826,276000000000,Unknown,0.4514016923828125
Gemstone-256x23,3,66303,278000000000,Unknown,0.454536107421875
Gemstone-256x23,3,66780,280000000000,Unknown,0.453673376953125
Gemstone-256x23,3,67257,282000000000,Unknown,0.44993637109375
Gemstone-256x23,3,67734,284000000000,Unknown,0.453196005859375
Gemstone-256x23,3,68211,286000000000,Unknown,0.4559274697265625
Gemstone-256x23,3,68688,288000000000,Unknown,0.448247296875
Gemstone-256x23,3,69165,290000000000,Unknown,0.449583208984375
Gemstone-256x23,3,69642,292000000000,Unknown,0.445621923828125
Gemstone-256x23,3,70119,294000000000,Unknown,0.44979396875
Gemstone-256x23,3,70596,296000000000,Unknown,0.4529170830078125
Gemstone-256x23,3,71073,298000000000,Unknown,0.4517175830078125
Gemstone-256x23,3,71550,300000000000,Unknown,0.4504825302734375
Gemstone-256x23,3,72027,302000000000,Unknown,0.45076842578125
Gemstone-256x23,3,72504,304000000000,Unknown,0.4481344814453125
Gemstone-256x23,3,72981,306000000000,Unknown,0.444743908203125
Gemstone-256x23,3,73458,308000000000,Unknown,0.4427356689453125
Gemstone-256x23,3,73935,310000000000,Unknown,0.4483784697265625
Gemstone-256x23,3,74412,312000000000,Unknown,0.4474763681640625
Gemstone-256x23,3,74889,314000000000,Unknown,0.45060408203125
Gemstone-256x23,3,75366,316000000000,Unknown,0.441451384765625
Gemstone-256x23,3,75843,318000000000,Unknown,0.4452969140625
Gemstone-256x23,3,76320,320000000000,Unknown,0.4423112900390625
Gemstone-256x23,3,76797,322000000000,Unknown,0.448309484375
Gemstone-256x23,3,77274,324000000000,Unknown,0.457080314453125
Gemstone-256x23,3,77751,326000000000,Unknown,0.446258810546875
Gemstone-256x23,3,78228,328000000000,Unknown,0.4478486337890625
Gemstone-256x23,3,78705,330000000000,Unknown,0.443370109375
Gemstone-256x23,3,79182,332000000000,Unknown,0.4479264794921875
Gemstone-256x23,3,79659,334000000000,Unknown,0.44109921484375
Gemstone-256x23,3,80136,336000000000,Unknown,0.4404090068359375
Gemstone-256x23,3,80613,338000000000,Unknown,0.446465904296875
Gemstone-256x23,3,81090,340000000000,Unknown,0.4459752626953125
Gemstone-256x23,3,81567,342000000000,Unknown,0.4408906123046875
Gemstone-256x23,3,82044,344000000000,Unknown,0.444867951171875
Gemstone-256x23,3,82521,346000000000,Unknown,0.4479841689453125
Gemstone-256x23,3,82998,348000000000,Huge,0.4497614912109375
Gemstone-256x23,4,954,4000000000,Unknown,0.0729553698730468
Gemstone-256x23,4,1431,6000000000,Unknown,0.1261529853515625
Gemstone-256x23,4,1908,8000000000,Unknown,0.1986882961425781
Gemstone-256x23,4,2385,10000000000,Unknown,0.2714220712890625
Gemstone-256x23,4,2862,12000000000,Unknown,0.3333480571289062
Gemstone-256x23,4,3339,14000000000,Unknown,0.3859535014648437
Gemstone-256x23,4,3816,16000000000,Unknown,0.428394763671875
Gemstone-256x23,4,4293,18000000000,Unknown,0.47944976953125
Gemstone-256x23,4,4770,20000000000,Unknown,0.4995438134765625
Gemstone-256x23,4,5247,22000000000,Unknown,0.5267582236328126
Gemstone-256x23,4,5724,24000000000,Unknown,0.554471763671875
Gemstone-256x23,4,6201,26000000000,Unknown,0.5649708486328126
Gemstone-256x23,4,6678,28000000000,Unknown,0.5721908388671875
Gemstone-256x23,4,7155,30000000000,Unknown,0.5867572822265625
Gemstone-256x23,4,7632,32000000000,Unknown,0.5943899443359375
Gemstone-256x23,4,8109,34000000000,Unknown,0.5984367099609375
Gemstone-256x23,4,8586,36000000000,Unknown,0.6026267431640625
Gemstone-256x23,4,9063,38000000000,Unknown,0.600362078125
Gemstone-256x23,4,9540,40000000000,Unknown,0.59623260546875
Gemstone-256x23,4,10017,42000000000,Unknown,0.6037675712890626
Gemstone-256x23,4,10494,44000000000,Unknown,0.5980284658203125
Gemstone-256x23,4,10971,46000000000,Unknown,0.58817366015625
Gemstone-256x23,4,11448,48000000000,Unknown,0.5989140205078125
Gemstone-256x23,4,11925,50000000000,Unknown,0.5907850009765625
Gemstone-256x23,4,12402,52000000000,Unknown,0.5925812666015625
Gemstone-256x23,4,12879,54000000000,Unknown,0.584546826171875
Gemstone-256x23,4,13356,56000000000,Unknown,0.584204064453125
Gemstone-256x23,4,13833,58000000000,Unknown,0.58611408984375
Gemstone-256x23,4,14310,60000000000,Unknown,0.5787176923828125
Gemstone-256x23,4,14787,62000000000,Unknown,0.5770830205078125
Gemstone-256x23,4,15264,64000000000,Unknown,0.572713763671875
Gemstone-256x23,4,15741,66000000000,Unknown,0.5700117119140625
Gemstone-256x23,4,16218,68000000000,Unknown,0.5579869931640625
Gemstone-256x23,4,16695,70000000000,Unknown,0.560858712890625
Gemstone-256x23,4,17172,72000000000,Unknown,0.5639367626953125
Gemstone-256x23,4,17649,74000000000,Unknown,0.55347005078125
Gemstone-256x23,4,18126,76000000000,Unknown,0.5618429765625
Gemstone-256x23,4,18603,78000000000,Unknown,0.5548064990234375
Gemstone-256x23,4,19080,80000000000,Unknown,0.5550842724609375
Gemstone-256x23,4,19557,82000000000,Unknown,0.5471905390625
Gemstone-256x23,4,20034,84000000000,Unknown,0.549288859375
Gemstone-256x23,4,20511,86000000000,Unknown,0.541148587890625
Gemstone-256x23,4,20988,88000000000,Unknown,0.5463973388671876
Gemstone-256x23,4,21465,90000000000,Unknown,0.5378266064453125
Gemstone-256x23,4,21942,92000000000,Unknown,0.5399264736328125
Gemstone-256x23,4,22419,94000000000,Unknown,0.53414415234375
Gemstone-256x23,4,22896,96000000000,Unknown,0.535599888671875
Gemstone-256x23,4,23373,98000000000,Unknown,0.5351001982421875
Gemstone-256x23,4,23850,100000000000,Unknown,0.530096810546875
Gemstone-256x23,4,24327,102000000000,Unknown,0.527203806640625
Gemstone-256x23,4,24804,104000000000,Unknown,0.52661471484375
Gemstone-256x23,4,25281,106000000000,Unknown,0.5299720791015625
Gemstone-256x23,4,25758,108000000000,Unknown,0.522615208984375
Gemstone-256x23,4,26235,110000000000,Unknown,0.5286489453125
Gemstone-256x23,4,26712,112000000000,Unknown,0.52297023046875
Gemstone-256x23,4,27189,114000000000,Unknown,0.526249138671875
Gemstone-256x23,4,27666,116000000000,Unknown,0.5156208603515625
Gemstone-256x23,4,28143,118000000000,Unknown,0.5130467841796875
Gemstone-256x23,4,28620,120000000000,Unknown,0.515133673828125
Gemstone-256x23,4,29097,122000000000,Unknown,0.518333125
Gemstone-256x23,4,29574,124000000000,Unknown,0.5154390263671875
Gemstone-256x23,4,30051,126000000000,Unknown,0.5125783037109375
Gemstone-256x23,4,30528,128000000000,Unknown,0.5094855546875
Gemstone-256x23,4,31005,130000000000,Unknown,0.5122718828125
Gemstone-256x23,4,31482,132000000000,Unknown,0.514951119140625
Gemstone-256x23,4,31959,134000000000,Unknown,0.5079694169921875
Gemstone-256x23,4,32436,136000000000,Unknown,0.503950294921875
Gemstone-256x23,4,32913,138000000000,Unknown,0.50458196875
Gemstone-256x23,4,33390,140000000000,Unknown,0.5014115908203125
Gemstone-256x23,4,33867,142000000000,Unknown,0.5055728681640625
Gemstone-256x23,4,34344,144000000000,Unknown,0.500795771484375
Gemstone-256x23,4,34821,146000000000,Unknown,0.50310532421875
Gemstone-256x23,4,35298,148000000000,Unknown,0.5016642607421875
Gemstone-256x23,4,35775,150000000000,Unknown,0.4930959384765625
Gemstone-256x23,4,36252,152000000000,Unknown,0.495290103515625
Gemstone-256x23,4,36729,154000000000,Unknown,0.499146693359375
Gemstone-256x23,4,37206,156000000000,Unknown,0.4991854208984375
Gemstone-256x23,4,37683,158000000000,Unknown,0.49452791015625
Gemstone-256x23,4,38160,160000000000,Unknown,0.4917769306640625
Gemstone-256x23,4,38637,162000000000,Unknown,0.489978884765625
Gemstone-256x23,4,39114,164000000000,Unknown,0.4923129375
Gemstone-256x23,4,39591,166000000000,Unknown,0.4907032802734375
Gemstone-256x23,4,40068,168000000000,Unknown,0.4921568720703125
Gemstone-256x23,4,40545,170000000000,Unknown,0.487920115234375
Gemstone-256x23,4,41022,172000000000,Unknown,0.485818974609375
Gemstone-256x23,4,41499,174000000000,Unknown,0.4938914951171875
Gemstone-256x23,4,41976,176000000000,Unknown,0.4834907509765625
Gemstone-256x23,4,42453,178000000000,Unknown,0.4873589345703125
Gemstone-256x23,4,42930,180000000000,Unknown,0.4830828115234375
Gemstone-256x23,4,43407,182000000000,Unknown,0.4882175517578125
Gemstone-256x23,4,43884,184000000000,Unknown,0.4869047509765625
Gemstone-256x23,4,44361,186000000000,Unknown,0.4863551953125
Gemstone-256x23,4,44838,188000000000,Unknown,0.484383744140625
Gemstone-256x23,4,45315,190000000000,Unknown,0.482007060546875
Gemstone-256x23,4,45792,192000000000,Unknown,0.4835018046875
Gemstone-256x23,4,46269,194000000000,Unknown,0.475713623046875
Gemstone-256x23,4,46746,196000000000,Unknown,0.4777903173828125
Gemstone-256x23,4,47223,198000000000,Unknown,0.481386166015625
Gemstone-256x23,4,47700,200000000000,Unknown,0.48169330078125
Gemstone-256x23,4,48177,202000000000,Unknown,0.4849334423828125
Gemstone-256x23,4,48654,204000000000,Unknown,0.4877038896484375
Gemstone-256x23,4,49131,206000000000,Unknown,0.475937341796875
Gemstone-256x23,4,49608,208000000000,Unknown,0.4776728154296875
Gemstone-256x23,4,50085,210000000000,Unknown,0.483483515625
Gemstone-256x23,4,50562,212000000000,Unknown,0.480086078125
Gemstone-256x23,4,51039,214000000000,Unknown,0.476483525390625
Gemstone-256x23,4,51516,216000000000,Unknown,0.4760015478515625
Gemstone-256x23,4,51993,218000000000,Unknown,0.4808443251953125
Gemstone-256x23,4,52470,220000000000,Unknown,0.4799621669921875
Gemstone-256x23,4,52947,222000000000,Unknown,0.482057552734375
Gemstone-256x23,4,53424,224000000000,Unknown,0.4748408193359375
Gemstone-256x23,4,53901,226000000000,Unknown,0.4685551435546875
Gemstone-256x23,4,54378,228000000000,Unknown,0.47880376953125
Gemstone-256x23,4,54855,230000000000,Unknown,0.4819394970703125
Gemstone-256x23,4,55332,232000000000,Unknown,0.4723085966796875
Gemstone-256x23,4,55809,234000000000,Unknown,0.48396133203125
Gemstone-256x23,4,56286,236000000000,Unknown,0.4726836083984375
Gemstone-256x23,4,56763,238000000000,Unknown,0.4779690341796875
Gemstone-256x23,4,57240,240000000000,Unknown,0.48054215234375
Gemstone-256x23,4,57717,242000000000,Unknown,0.47621226953125
Gemstone-256x23,4,58194,244000000000,Unknown,0.4728230615234375
Gemstone-256x23,4,58671,246000000000,Unknown,0.4773550244140625
Gemstone-256x23,4,59148,248000000000,Unknown,0.475435193359375
Gemstone-256x23,4,59625,250000000000,Unknown,0.4788038564453125
Gemstone-256x23,4,60102,252000000000,Unknown,0.4714230478515625
Gemstone-256x23,4,60579,254000000000,Unknown,0.477793333984375
Gemstone-256x23,4,61056,256000000000,Unknown,0.4800440224609375
Gemstone-256x23,4,61533,258000000000,Unknown,0.4758683017578125
Gemstone-256x23,4,62010,260000000000,Unknown,0.475205505859375
Gemstone-256x23,4,62487,262000000000,Unknown,0.4703356484375
Gemstone-256x23,4,62964,264000000000,Unknown,0.477272759765625
Gemstone-256x23,4,63441,266000000000,Unknown,0.478686517578125
Gemstone-256x23,4,63918,268000000000,Unknown,0.4793118251953125
Gemstone-256x23,4,64395,270000000000,Unknown,0.47128396484375
Gemstone-256x23,4,64872,272000000000,Unknown,0.480117173828125
Gemstone-256x23,4,65349,274000000000,Unknown,0.47323084375
Gemstone-256x23,4,65826,276000000000,Unknown,0.4740270693359375
Gemstone-256x23,4,66303,278000000000,Unknown,0.472046279296875
Gemstone-256x23,4,66780,280000000000,Unknown,0.47198205078125
Gemstone-256x23,4,67257,282000000000,Unknown,0.4735914775390625
Gemstone-256x23,4,67734,284000000000,Unknown,0.474856849609375
Gemstone-256x23,4,68211,286000000000,Unknown,0.477920271484375
Gemstone-256x23,4,68688,288000000000,Unknown,0.4704646123046875
Gemstone-256x23,4,69165,290000000000,Unknown,0.4714487900390625
Gemstone-256x23,4,69642,292000000000,Unknown,0.4668053232421875
Gemstone-256x23,4,70119,294000000000,Unknown,0.4698199716796875
Gemstone-256x23,4,70596,296000000000,Unknown,0.4733841171875
Gemstone-256x23,4,71073,298000000000,Unknown,0.4718602958984375
Gemstone-256x23,4,71550,300000000000,Unknown,0.472716529296875
Gemstone-256x23,4,72027,302000000000,Unknown,0.472406005859375
Gemstone-256x23,4,72504,304000000000,Unknown,0.46930841796875
Gemstone-256x23,4,72981,306000000000,Unknown,0.4666624921875
Gemstone-256x23,4,73458,308000000000,Unknown,0.4638584765625
Gemstone-256x23,4,73935,310000000000,Unknown,0.4678220986328125
Gemstone-256x23,4,74412,312000000000,Unknown,0.469088453125
Gemstone-256x23,4,74889,314000000000,Unknown,0.471438580078125
Gemstone-256x23,4,75366,316000000000,Unknown,0.4656321201171875
Gemstone-256x23,4,75843,318000000000,Unknown,0.4657935322265625
Gemstone-256x23,4,76320,320000000000,Unknown,0.4654981748046875
Gemstone-256x23,4,76797,322000000000,Unknown,0.4736544619140625
Gemstone-256x23,4,77274,324000000000,Unknown,0.4747893447265625
Gemstone-256x23,4,77751,326000000000,Unknown,0.46737830078125
Gemstone-256x23,4,78228,328000000000,Unknown,0.468665064453125
Gemstone-256x23,4,78705,330000000000,Unknown,0.4693110390625
Gemstone-256x23,4,79182,332000000000,Unknown,0.469083060546875
Gemstone-256x23,4,79659,334000000000,Unknown,0.4642748193359375
Gemstone-256x23,4,80136,336000000000,Unknown,0.4635228427734375
Gemstone-256x23,4,80613,338000000000,Unknown,0.4715244482421875
Gemstone-256x23,4,81090,340000000000,Unknown,0.46875803515625
Gemstone-256x23,4,81567,342000000000,Unknown,0.461846109375
Gemstone-256x23,4,82044,344000000000,Unknown,0.46723557421875
Gemstone-256x23,4,82521,346000000000,Unknown,0.472133154296875
Gemstone-256x23,4,82998,348000000000,Huge,0.4711449208984375
Gemstone-256x23,5,954,4000000000,Unknown,0.0839634451904296
Gemstone-256x23,5,1431,6000000000,Unknown,0.1531974792480468
Gemstone-256x23,5,1908,8000000000,Unknown,0.2489590043945312
Gemstone-256x23,5,2385,10000000000,Unknown,0.3411325395507812
Gemstone-256x23,5,2862,12000000000,Unknown,0.417903927734375
Gemstone-256x23,5,3339,14000000000,Unknown,0.4716067119140625
Gemstone-256x23,5,3816,16000000000,Unknown,0.5115867294921875
Gemstone-256x23,5,4293,18000000000,Unknown,0.5574647470703125
Gemstone-256x23,5,4770,20000000000,Unknown,0.5720269150390624
Gemstone-256x23,5,5247,22000000000,Unknown,0.59101919921875
Gemstone-256x23,5,5724,24000000000,Unknown,0.60904021484375
Gemstone-256x23,5,6201,26000000000,Unknown,0.6154537861328125
Gemstone-256x23,5,6678,28000000000,Unknown,0.615228177734375
Gemstone-256x23,5,7155,30000000000,Unknown,0.6255688544921875
Gemstone-256x23,5,7632,32000000000,Unknown,0.6273420029296874
Gemstone-256x23,5,8109,34000000000,Unknown,0.630034859375
Gemstone-256x23,5,8586,36000000000,Unknown,0.629799314453125
Gemstone-256x23,5,9063,38000000000,Unknown,0.627191353515625
Gemstone-256x23,5,9540,40000000000,Unknown,0.6212181337890625
Gemstone-256x23,5,10017,42000000000,Unknown,0.6261349736328125
Gemstone-256x23,5,10494,44000000000,Unknown,0.6211773583984375
Gemstone-256x23,5,10971,46000000000,Unknown,0.609146357421875
Gemstone-256x23,5,11448,48000000000,Unknown,0.6192437275390625
Gemstone-256x23,5,11925,50000000000,Unknown,0.6114469013671875
Gemstone-256x23,5,12402,52000000000,Unknown,0.612422017578125
Gemstone-256x23,5,12879,54000000000,Unknown,0.602983583984375
Gemstone-256x23,5,13356,56000000000,Unknown,0.6066749599609375
Gemstone-256x23,5,13833,58000000000,Unknown,0.6051323046875
Gemstone-256x23,5,14310,60000000000,Unknown,0.5972054970703125
Gemstone-256x23,5,14787,62000000000,Unknown,0.5972819453125
Gemstone-256x23,5,15264,64000000000,Unknown,0.5934598681640625
Gemstone-256x23,5,15741,66000000000,Unknown,0.5902165107421875
Gemstone-256x23,5,16218,68000000000,Unknown,0.5759118935546875
Gemstone-256x23,5,16695,70000000000,Unknown,0.578833556640625
Gemstone-256x23,5,17172,72000000000,Unknown,0.5842229580078125
Gemstone-256x23,5,17649,74000000000,Unknown,0.5724469921875
Gemstone-256x23,5,18126,76000000000,Unknown,0.5822905107421875
Gemstone-256x23,5,18603,78000000000,Unknown,0.5753214423828125
Gemstone-256x23,5,19080,80000000000,Unknown,0.5735278740234375
Gemstone-256x23,5,19557,82000000000,Unknown,0.5662267685546875
Gemstone-256x23,5,20034,84000000000,Unknown,0.5705909619140626
Gemstone-256x23,5,20511,86000000000,Unknown,0.5590317626953125
Gemstone-256x23,5,20988,88000000000,Unknown,0.5670353408203125
Gemstone-256x23,5,21465,90000000000,Unknown,0.5580675830078125
Gemstone-256x23,5,21942,92000000000,Unknown,0.5617030849609375
Gemstone-256x23,5,22419,94000000000,Unknown,0.5546029453125
Gemstone-256x23,5,22896,96000000000,Unknown,0.5572887578125
Gemstone-256x23,5,23373,98000000000,Unknown,0.556199181640625
Gemstone-256x23,5,23850,100000000000,Unknown,0.5496730791015625
Gemstone-256x23,5,24327,102000000000,Unknown,0.547405306640625
Gemstone-256x23,5,24804,104000000000,Unknown,0.5453707294921875
Gemstone-256x23,5,25281,106000000000,Unknown,0.5489506708984375
Gemstone-256x23,5,25758,108000000000,Unknown,0.53746564453125
Gemstone-256x23,5,26235,110000000000,Unknown,0.54668040625
Gemstone-256x23,5,26712,112000000000,Unknown,0.5436306708984375
Gemstone-256x23,5,27189,114000000000,Unknown,0.5464885185546875
Gemstone-256x23,5,27666,116000000000,Unknown,0.533045384765625
Gemstone-256x23,5,28143,118000000000,Unknown,0.5310118759765625
Gemstone-256x23,5,28620,120000000000,Unknown,0.53471101953125
Gemstone-256x23,5,29097,122000000000,Unknown,0.5373802685546875
Gemstone-256x23,5,29574,124000000000,Unknown,0.535619462890625
Gemstone-256x23,5,30051,126000000000,Unknown,0.5310405869140625
Gemstone-256x23,5,30528,128000000000,Unknown,0.5291690126953125
Gemstone-256x23,5,31005,130000000000,Unknown,0.5304968134765625
Gemstone-256x23,5,31482,132000000000,Unknown,0.5285354326171875
Gemstone-256x23,5,31959,134000000000,Unknown,0.5259000771484375
Gemstone-256x23,5,32436,136000000000,Unknown,0.520634423828125
Gemstone-256x23,5,32913,138000000000,Unknown,0.521234189453125
Gemstone-256x23,5,33390,140000000000,Unknown,0.5187713935546875
Gemstone-256x23,5,33867,142000000000,Unknown,0.524223369140625
Gemstone-256x23,5,34344,144000000000,Unknown,0.5162700634765625
Gemstone-256x23,5,34821,146000000000,Unknown,0.52019901171875
Gemstone-256x23,5,35298,148000000000,Unknown,0.5188178564453125
Gemstone-256x23,5,35775,150000000000,Unknown,0.5105143369140624
Gemstone-256x23,5,36252,152000000000,Unknown,0.510932390625
Gemstone-256x23,5,36729,154000000000,Unknown,0.514791705078125
Gemstone-256x23,5,37206,156000000000,Unknown,0.515530583984375
Gemstone-256x23,5,37683,158000000000,Unknown,0.5104683203125
Gemstone-256x23,5,38160,160000000000,Unknown,0.507378177734375
Gemstone-256x23,5,38637,162000000000,Unknown,0.5038137255859375
Gemstone-256x23,5,39114,164000000000,Unknown,0.505927576171875
Gemstone-256x23,5,39591,166000000000,Unknown,0.50402134765625
Gemstone-256x23,5,40068,168000000000,Unknown,0.5061154970703124
Gemstone-256x23,5,40545,170000000000,Unknown,0.50244502734375
Gemstone-256x23,5,41022,172000000000,Unknown,0.4977694375
Gemstone-256x23,5,41499,174000000000,Unknown,0.5079038720703125
Gemstone-256x23,5,41976,176000000000,Unknown,0.495028943359375
Gemstone-256x23,5,42453,178000000000,Unknown,0.4988603427734375
Gemstone-256x23,5,42930,180000000000,Unknown,0.496795759765625
Gemstone-256x23,5,43407,182000000000,Unknown,0.5018246728515625
Gemstone-256x23,5,43884,184000000000,Unknown,0.5000292626953124
Gemstone-256x23,5,44361,186000000000,Unknown,0.50018592578125
Gemstone-256x23,5,44838,188000000000,Unknown,0.497631046875
Gemstone-256x23,5,45315,190000000000,Unknown,0.4944553798828125
Gemstone-256x23,5,45792,192000000000,Unknown,0.4920210810546875
Gemstone-256x23,5,46269,194000000000,Unknown,0.48548801171875
Gemstone-256x23,5,46746,196000000000,Unknown,0.4907784228515625
Gemstone-256x23,5,47223,198000000000,Unknown,0.4930342060546875
Gemstone-256x23,5,47700,200000000000,Unknown,0.4921496123046875
Gemstone-256x23,5,48177,202000000000,Unknown,0.4978791572265625
Gemstone-256x23,5,48654,204000000000,Unknown,0.4984301669921875
Gemstone-256x23,5,49131,206000000000,Unknown,0.48691651953125
Gemstone-256x23,5,49608,208000000000,Unknown,0.489987294921875
Gemstone-256x23,5,50085,210000000000,Unknown,0.4960410224609375
Gemstone-256x23,5,50562,212000000000,Unknown,0.4914459384765625
Gemstone-256x23,5,51039,214000000000,Unknown,0.484077126953125
Gemstone-256x23,5,51516,216000000000,Unknown,0.483020095703125
Gemstone-256x23,5,51993,218000000000,Unknown,0.49400324609375
Gemstone-256x23,5,52470,220000000000,Unknown,0.4924685693359375
Gemstone-256x23,5,52947,222000000000,Unknown,0.4920486748046875
Gemstone-256x23,5,53424,224000000000,Unknown,0.4851291982421875
Gemstone-256x23,5,53901,226000000000,Unknown,0.4741801669921875
Gemstone-256x23,5,54378,228000000000,Unknown,0.487912435546875
Gemstone-256x23,5,54855,230000000000,Unknown,0.49441290625
Gemstone-256x23,5,55332,232000000000,Unknown,0.482072763671875
Gemstone-256x23,5,55809,234000000000,Unknown,0.4955771806640625
Gemstone-256x23,5,56286,236000000000,Unknown,0.4833368408203125
Gemstone-256x23,5,56763,238000000000,Unknown,0.48695346875
Gemstone-256x23,5,57240,240000000000,Unknown,0.488562783203125
Gemstone-256x23,5,57717,242000000000,Unknown,0.485254830078125
Gemstone-256x23,5,58194,244000000000,Unknown,0.479512615234375
Gemstone-256x23,5,58671,246000000000,Unknown,0.4865356298828125
Gemstone-256x23,5,59148,248000000000,Unknown,0.4837229990234375
Gemstone-256x23,5,59625,250000000000,Unknown,0.4860703896484375
Gemstone-256x23,5,60102,252000000000,Unknown,0.47844254296875
Gemstone-256x23,5,60579,254000000000,Unknown,0.4860983408203125
Gemstone-256x23,5,61056,256000000000,Unknown,0.48619870703125
Gemstone-256x23,5,61533,258000000000,Unknown,0.4845462666015625
Gemstone-256x23,5,62010,260000000000,Unknown,0.48298458984375
Gemstone-256x23,5,62487,262000000000,Unknown,0.4777634580078125
Gemstone-256x23,5,62964,264000000000,Unknown,0.4859708681640625
Gemstone-256x23,5,63441,266000000000,Unknown,0.487627939453125
Gemstone-256x23,5,63918,268000000000,Unknown,0.4877573193359375
Gemstone-256x23,5,64395,270000000000,Unknown,0.47948673046875
Gemstone-256x23,5,64872,272000000000,Unknown,0.487569546875
Gemstone-256x23,5,65349,274000000000,Unknown,0.4797833017578125
Gemstone-256x23,5,65826,276000000000,Unknown,0.481316353515625
Gemstone-256x23,5,66303,278000000000,Unknown,0.4777708291015625
Gemstone-256x23,5,66780,280000000000,Unknown,0.481359671875
Gemstone-256x23,5,67257,282000000000,Unknown,0.4814594306640625
Gemstone-256x23,5,67734,284000000000,Unknown,0.480555640625
Gemstone-256x23,5,68211,286000000000,Unknown,0.4859916650390625
Gemstone-256x23,5,68688,288000000000,Unknown,0.4763638515625
Gemstone-256x23,5,69165,290000000000,Unknown,0.479168166015625
Gemstone-256x23,5,69642,292000000000,Unknown,0.47235788671875
Gemstone-256x23,5,70119,294000000000,Unknown,0.4786781787109375
Gemstone-256x23,5,70596,296000000000,Unknown,0.4800704658203125
Gemstone-256x23,5,71073,298000000000,Unknown,0.4794670263671875
Gemstone-256x23,5,71550,300000000000,Unknown,0.48084615625
Gemstone-256x23,5,72027,302000000000,Unknown,0.4793566455078125
Gemstone-256x23,5,72504,304000000000,Unknown,0.4739624619140625
Gemstone-256x23,5,72981,306000000000,Unknown,0.474183626953125
Gemstone-256x23,5,73458,308000000000,Unknown,0.468670830078125
Gemstone-256x23,5,73935,310000000000,Unknown,0.4758367177734375
Gemstone-256x23,5,74412,312000000000,Unknown,0.477235982421875
Gemstone-256x23,5,74889,314000000000,Unknown,0.477578646484375
Gemstone-256x23,5,75366,316000000000,Unknown,0.472721298828125
Gemstone-256x23,5,75843,318000000000,Unknown,0.4733831015625
Gemstone-256x23,5,76320,320000000000,Unknown,0.4700430478515625
Gemstone-256x23,5,76797,322000000000,Unknown,0.476093166015625
Gemstone-256x23,5,77274,324000000000,Unknown,0.4816743798828125
Gemstone-256x23,5,77751,326000000000,Unknown,0.47345346875
Gemstone-256x23,5,78228,328000000000,Unknown,0.47439515625
Gemstone-256x23,5,78705,330000000000,Unknown,0.474331376953125
Gemstone-256x23,5,79182,332000000000,Unknown,0.4749376943359375
Gemstone-256x23,5,79659,334000000000,Unknown,0.472111765625
Gemstone-256x23,5,80136,336000000000,Unknown,0.47150726953125
Gemstone-256x23,5,80613,338000000000,Unknown,0.4776719794921875
Gemstone-256x23,5,81090,340000000000,Unknown,0.4742474755859375
Gemstone-256x23,5,81567,342000000000,Unknown,0.468118107421875
Gemstone-256x23,5,82044,344000000000,Unknown,0.4730315146484375
Gemstone-256x23,5,82521,346000000000,Unknown,0.4762329453125
Gemstone-256x23,5,82998,348000000000,Huge,0.4781954716796875
Gemstone-256x23,6,954,4000000000,Unknown,0.0958554344482421
Gemstone-256x23,6,1431,6000000000,Unknown,0.1676638537597656
Gemstone-256x23,6,1908,8000000000,Unknown,0.2718605903320312
Gemstone-256x23,6,2385,10000000000,Unknown,0.3635166015625
Gemstone-256x23,6,2862,12000000000,Unknown,0.435432419921875
Gemstone-256x23,6,3339,14000000000,Unknown,0.485477501953125
Gemstone-256x23,6,3816,16000000000,Unknown,0.522687341796875
Gemstone-256x23,6,4293,18000000000,Unknown,0.5603750107421875
Gemstone-256x23,6,4770,20000000000,Unknown,0.5702862158203125
Gemstone-256x23,6,5247,22000000000,Unknown,0.5826722451171875
Gemstone-256x23,6,5724,24000000000,Unknown,0.5970548466796874
Gemstone-256x23,6,6201,26000000000,Unknown,0.59983728125
Gemstone-256x23,6,6678,28000000000,Unknown,0.5978056923828124
Gemstone-256x23,6,7155,30000000000,Unknown,0.606915568359375
Gemstone-256x23,6,7632,32000000000,Unknown,0.6047866357421875
Gemstone-256x23,6,8109,34000000000,Unknown,0.6077111796875
Gemstone-256x23,6,8586,36000000000,Unknown,0.605508599609375
Gemstone-256x23,6,9063,38000000000,Unknown,0.6028930126953125
Gemstone-256x23,6,9540,40000000000,Unknown,0.5963836767578125
Gemstone-256x23,6,10017,42000000000,Unknown,0.5989018701171875
Gemstone-256x23,6,10494,44000000000,Unknown,0.593489802734375
Gemstone-256x23,6,10971,46000000000,Unknown,0.584649703125
Gemstone-256x23,6,11448,48000000000,Unknown,0.5913659541015625
Gemstone-256x23,6,11925,50000000000,Unknown,0.5834154970703125
Gemstone-256x23,6,12402,52000000000,Unknown,0.5832800869140625
Gemstone-256x23,6,12879,54000000000,Unknown,0.5745252265625
Gemstone-256x23,6,13356,56000000000,Unknown,0.580624796875
Gemstone-256x23,6,13833,58000000000,Unknown,0.57570621875
Gemstone-256x23,6,14310,60000000000,Unknown,0.56695915625
Gemstone-256x23,6,14787,62000000000,Unknown,0.567413669921875
Gemstone-256x23,6,15264,64000000000,Unknown,0.5636446982421875
Gemstone-256x23,6,15741,66000000000,Unknown,0.5579289326171875
Gemstone-256x23,6,16218,68000000000,Unknown,0.5589064833984375
Gemstone-256x23,6,16695,70000000000,Unknown,0.54805603515625
Gemstone-256x23,6,17172,72000000000,Unknown,0.55366998046875
Gemstone-256x23,6,17649,74000000000,Unknown,0.5441438369140625
Gemstone-256x23,6,18126,76000000000,Unknown,0.552802681640625
Gemstone-256x23,6,18603,78000000000,Unknown,0.546640890625
Gemstone-256x23,6,19080,80000000000,Unknown,0.5441752470703125
Gemstone-256x23,6,19557,82000000000,Unknown,0.53793223828125
Gemstone-256x23,6,20034,84000000000,Unknown,0.5386792099609375
Gemstone-256x23,6,20511,86000000000,Unknown,0.5293093046875
Gemstone-256x23,6,20988,88000000000,Unknown,0.536408501953125
Gemstone-256x23,6,21465,90000000000,Unknown,0.5278243740234375
Gemstone-256x23,6,21942,92000000000,Unknown,0.534167087890625
Gemstone-256x23,6,22419,94000000000,Unknown,0.526762341796875
Gemstone-256x23,6,22896,96000000000,Unknown,0.528939052734375
Gemstone-256x23,6,23373,98000000000,Unknown,0.52820728125
Gemstone-256x23,6,23850,100000000000,Unknown,0.522483244140625
Gemstone-256x23,6,24327,102000000000,Unknown,0.5176141806640625
Gemstone-256x23,6,24804,104000000000,Unknown,0.516828029296875
Gemstone-256x23,6,25281,106000000000,Unknown,0.518141869140625
Gemstone-256x23,6,25758,108000000000,Unknown,0.50962103515625
Gemstone-256x23,6,26235,110000000000,Unknown,0.5161687373046875
Gemstone-256x23,6,26712,112000000000,Unknown,0.517435775390625
Gemstone-256x23,6,27189,114000000000,Unknown,0.5142653564453125
Gemstone-256x23,6,27666,116000000000,Unknown,0.500154220703125
Gemstone-256x23,6,28143,118000000000,Unknown,0.50480345703125
Gemstone-256x23,6,28620,120000000000,Unknown,0.505125419921875
Gemstone-256x23,6,29097,122000000000,Unknown,0.508209109375
Gemstone-256x23,6,29574,124000000000,Unknown,0.503493337890625
Gemstone-256x23,6,30051,126000000000,Unknown,0.50396266796875
Gemstone-256x23,6,30528,128000000000,Unknown,0.5007399482421875
Gemstone-256x23,6,31005,130000000000,Unknown,0.5032948125
Gemstone-256x23,6,31482,132000000000,Unknown,0.501570421875
Gemstone-256x23,6,31959,134000000000,Unknown,0.4946256337890625
Gemstone-256x23,6,32436,136000000000,Unknown,0.4906169091796875
Gemstone-256x23,6,32913,138000000000,Unknown,0.4905240458984375
Gemstone-256x23,6,33390,140000000000,Unknown,0.490073224609375
Gemstone-256x23,6,33867,142000000000,Unknown,0.493188837890625
Gemstone-256x23,6,34344,144000000000,Unknown,0.4862489140625
Gemstone-256x23,6,34821,146000000000,Unknown,0.490373697265625
Gemstone-256x23,6,35298,148000000000,Unknown,0.489240109375
Gemstone-256x23,6,35775,150000000000,Unknown,0.48277323828125
Gemstone-256x23,6,36252,152000000000,Unknown,0.480964158203125
Gemstone-256x23,6,36729,154000000000,Unknown,0.48373283984375
Gemstone-256x23,6,37206,156000000000,Unknown,0.4856738994140625
Gemstone-256x23,6,37683,158000000000,Unknown,0.4834973916015625
Gemstone-256x23,6,38160,160000000000,Unknown,0.479561765625
Gemstone-256x23,6,38637,162000000000,Unknown,0.473823640625
Gemstone-256x23,6,39114,164000000000,Unknown,0.4739025224609375
Gemstone-256x23,6,39591,166000000000,Unknown,0.4745734921875
Gemstone-256x23,6,40068,168000000000,Unknown,0.4773156484375
Gemstone-256x23,6,40545,170000000000,Unknown,0.4724204619140625
Gemstone-256x23,6,41022,172000000000,Unknown,0.4690185927734375
Gemstone-256x23,6,41499,174000000000,Unknown,0.490429173828125
Gemstone-256x23,6,41976,176000000000,Unknown,0.4669909130859375
Gemstone-256x23,6,42453,178000000000,Unknown,0.47178353125
Gemstone-256x23,6,42930,180000000000,Unknown,0.46812664453125
Gemstone-256x23,6,43407,182000000000,Unknown,0.4730218564453125
Gemstone-256x23,6,43884,184000000000,Unknown,0.47170907421875
Gemstone-256x23,6,44361,186000000000,Unknown,0.47279191796875
Gemstone-256x23,6,44838,188000000000,Unknown,0.4662205380859375
Gemstone-256x23,6,45315,190000000000,Unknown,0.465967337890625
Gemstone-256x23,6,45792,192000000000,Unknown,0.4631607880859375
Gemstone-256x23,6,46269,194000000000,Unknown,0.4570040439453125
Gemstone-256x23,6,46746,196000000000,Unknown,0.463180876953125
Gemstone-256x23,6,47223,198000000000,Unknown,0.4651255234375
Gemstone-256x23,6,47700,200000000000,Unknown,0.4636686015625
Gemstone-256x23,6,48177,202000000000,Unknown,0.469861765625
Gemstone-256x23,6,48654,204000000000,Unknown,0.4715659052734375
Gemstone-256x23,6,49131,206000000000,Unknown,0.4573541962890625
Gemstone-256x23,6,49608,208000000000,Unknown,0.4628446884765625
Gemstone-256x23,6,50085,210000000000,Unknown,0.47196330859375
Gemstone-256x23,6,50562,212000000000,Unknown,0.462610125
Gemstone-256x23,6,51039,214000000000,Unknown,0.45837803515625
Gemstone-256x23,6,51516,216000000000,Unknown,0.4542552861328125
Gemstone-256x23,6,51993,218000000000,Unknown,0.471447541015625
Gemstone-256x23,6,52470,220000000000,Unknown,0.467078638671875
Gemstone-256x23,6,52947,222000000000,Unknown,0.464491931640625
Gemstone-256x23,6,53424,224000000000,Unknown,0.461094103515625
Gemstone-256x23,6,53901,226000000000,Unknown,0.4496614619140625
Gemstone-256x23,6,54378,228000000000,Unknown,0.464015580078125
Gemstone-256x23,6,54855,230000000000,Unknown,0.4676289423828125
Gemstone-256x23,6,55332,232000000000,Unknown,0.4590859697265625
Gemstone-256x23,6,55809,234000000000,Unknown,0.476680546875
Gemstone-256x23,6,56286,236000000000,Unknown,0.4572520859375
Gemstone-256x23,6,56763,238000000000,Unknown,0.4625489384765625
Gemstone-256x23,6,57240,240000000000,Unknown,0.4630523330078125
Gemstone-256x23,6,57717,242000000000,Unknown,0.4604271689453125
Gemstone-256x23,6,58194,244000000000,Unknown,0.4514477021484375
Gemstone-256x23,6,58671,246000000000,Unknown,0.4594760498046875
Gemstone-256x23,6,59148,248000000000,Unknown,0.456671396484375
Gemstone-256x23,6,59625,250000000000,Unknown,0.4584296728515625
Gemstone-256x23,6,60102,252000000000,Unknown,0.46288988671875
Gemstone-256x23,6,60579,254000000000,Unknown,0.4593196103515625
Gemstone-256x23,6,61056,256000000000,Unknown,0.4568748515625
Gemstone-256x23,6,61533,258000000000,Unknown,0.4588065703125
Gemstone-256x23,6,62010,260000000000,Unknown,0.4537984326171875
Gemstone-256x23,6,62487,262000000000,Unknown,0.450801001953125
Gemstone-256x23,6,62964,264000000000,Unknown,0.4598862314453125
Gemstone-256x23,6,63441,266000000000,Unknown,0.46094139453125
Gemstone-256x23,6,63918,268000000000,Unknown,0.45884458984375
Gemstone-256x23,6,64395,270000000000,Unknown,0.44803109765625
Gemstone-256x23,6,64872,272000000000,Unknown,0.4582000556640625
Gemstone-256x23,6,65349,274000000000,Unknown,0.454154119140625
Gemstone-256x23,6,65826,276000000000,Unknown,0.4548406171875
Gemstone-256x23,6,66303,278000000000,Unknown,0.452548568359375
Gemstone-256x23,6,66780,280000000000,Unknown,0.4545070703125
Gemstone-256x23,6,67257,282000000000,Unknown,0.4545147587890625
Gemstone-256x23,6,67734,284000000000,Unknown,0.456383466796875
Gemstone-256x23,6,68211,286000000000,Unknown,0.4617837060546875
Gemstone-256x23,6,68688,288000000000,Unknown,0.451230603515625
Gemstone-256x23,6,69165,290000000000,Unknown,0.4557243056640625
Gemstone-256x23,6,69642,292000000000,Unknown,0.4464546181640625
Gemstone-256x23,6,70119,294000000000,Unknown,0.4551376962890625
Gemstone-256x23,6,70596,296000000000,Unknown,0.4531503583984375
Gemstone-256x23,6,71073,298000000000,Unknown,0.4546363046875
Gemstone-256x23,6,71550,300000000000,Unknown,0.4550089345703125
Gemstone-256x23,6,72027,302000000000,Unknown,0.45166884765625
Gemstone-256x23,6,72504,304000000000,Unknown,0.44824892578125
Gemstone-256x23,6,72981,306000000000,Unknown,0.4491602734375
Gemstone-256x23,6,73458,308000000000,Unknown,0.44329335546875
Gemstone-256x23,6,73935,310000000000,Unknown,0.4514417626953125
Gemstone-256x23,6,74412,312000000000,Unknown,0.450215791015625
Gemstone-256x23,6,74889,314000000000,Unknown,0.4528031083984375
Gemstone-256x23,6,75366,316000000000,Unknown,0.44853705859375
Gemstone-256x23,6,75843,318000000000,Unknown,0.4482244072265625
Gemstone-256x23,6,76320,320000000000,Unknown,0.4456942197265625
Gemstone-256x23,6,76797,322000000000,Unknown,0.4512125341796875
Gemstone-256x23,6,77274,324000000000,Unknown,0.457393728515625
Gemstone-256x23,6,77751,326000000000,Unknown,0.4487576591796875
Gemstone-256x23,6,78228,328000000000,Unknown,0.4511465693359375
Gemstone-256x23,6,78705,330000000000,Unknown,0.44814834765625
Gemstone-256x23,6,79182,332000000000,Unknown,0.4508141015625
Gemstone-256x23,6,79659,334000000000,Unknown,0.4484300087890625
Gemstone-256x23,6,80136,336000000000,Unknown,0.45177801171875
Gemstone-256x23,6,80613,338000000000,Unknown,0.4537893017578125
Gemstone-256x23,6,81090,340000000000,Unknown,0.452204158203125
Gemstone-256x23,6,81567,342000000000,Unknown,0.4465523388671875
Gemstone-256x23,6,82044,344000000000,Unknown,0.45241864453125
Gemstone-256x23,6,82521,346000000000,Unknown,0.455256296875
Gemstone-256x23,6,82998,348000000000,Huge,0.454119599609375
Gemstone-256x23,7,954,4000000000,Unknown,0.0963463812255859
Gemstone-256x23,7,1431,6000000000,Unknown,0.1676027036132812
Gemstone-256x23,7,1908,8000000000,Unknown,0.2724142641601562
Gemstone-256x23,7,2385,10000000000,Unknown,0.3578338876953125
Gemstone-256x23,7,2862,12000000000,Unknown,0.4224437216796875
Gemstone-256x23,7,3339,14000000000,Unknown,0.4683582431640625
Gemstone-256x23,7,3816,16000000000,Unknown,0.501392310546875
Gemstone-256x23,7,4293,18000000000,Unknown,0.5351748427734375
Gemstone-256x23,7,4770,20000000000,Unknown,0.5425738349609375
Gemstone-256x23,7,5247,22000000000,Unknown,0.5521673369140625
Gemstone-256x23,7,5724,24000000000,Unknown,0.5647689609375
Gemstone-256x23,7,6201,26000000000,Unknown,0.5650621318359375
Gemstone-256x23,7,6678,28000000000,Unknown,0.56178751171875
Gemstone-256x23,7,7155,30000000000,Unknown,0.5705706904296876
Gemstone-256x23,7,7632,32000000000,Unknown,0.5682260078125
Gemstone-256x23,7,8109,34000000000,Unknown,0.5708062353515625
Gemstone-256x23,7,8586,36000000000,Unknown,0.56766219140625
Gemstone-256x23,7,9063,38000000000,Unknown,0.566859189453125
Gemstone-256x23,7,9540,40000000000,Unknown,0.55954390234375
Gemstone-256x23,7,10017,42000000000,Unknown,0.5631084599609375
Gemstone-256x23,7,10494,44000000000,Unknown,0.55581629296875
Gemstone-256x23,7,10971,46000000000,Unknown,0.54700126953125
Gemstone-256x23,7,11448,48000000000,Unknown,0.5550322041015625
Gemstone-256x23,7,11925,50000000000,Unknown,0.547663171875
Gemstone-256x23,7,12402,52000000000,Unknown,0.5468998359375
Gemstone-256x23,7,12879,54000000000,Unknown,0.53638348046875
Gemstone-256x23,7,13356,56000000000,Unknown,0.5460344248046874
Gemstone-256x23,7,13833,58000000000,Unknown,0.5374195263671875
Gemstone-256x23,7,14310,60000000000,Unknown,0.52875255078125
Gemstone-256x23,7,14787,62000000000,Unknown,0.5290327900390625
Gemstone-256x23,7,15264,64000000000,Unknown,0.5255156435546875
Gemstone-256x23,7,15741,66000000000,Unknown,0.51799475390625
Gemstone-256x23,7,16218,68000000000,Unknown,0.5284109580078125
Gemstone-256x23,7,16695,70000000000,Unknown,0.51047398828125
Gemstone-256x23,7,17172,72000000000,Unknown,0.513515126953125
Gemstone-256x23,7,17649,74000000000,Unknown,0.507905865234375
Gemstone-256x23,7,18126,76000000000,Unknown,0.5150299521484375
Gemstone-256x23,7,18603,78000000000,Unknown,0.5116908046875
Gemstone-256x23,7,19080,80000000000,Unknown,0.5073409482421875
Gemstone-256x23,7,19557,82000000000,Unknown,0.5010279462890626
Gemstone-256x23,7,20034,84000000000,Unknown,0.5034526904296875
Gemstone-256x23,7,20511,86000000000,Unknown,0.492234189453125
Gemstone-256x23,7,20988,88000000000,Unknown,0.4985534619140625
Gemstone-256x23,7,21465,90000000000,Unknown,0.491304876953125
Gemstone-256x23,7,21942,92000000000,Unknown,0.499138884765625
Gemstone-256x23,7,22419,94000000000,Unknown,0.489502171875
Gemstone-256x23,7,22896,96000000000,Unknown,0.492089123046875
Gemstone-256x23,7,23373,98000000000,Unknown,0.4931204013671875
Gemstone-256x23,7,23850,100000000000,Unknown,0.4867078984375
Gemstone-256x23,7,24327,102000000000,Unknown,0.4815185478515625
Gemstone-256x23,7,24804,104000000000,Unknown,0.481649232421875
Gemstone-256x23,7,25281,106000000000,Unknown,0.480564390625
Gemstone-256x23,7,25758,108000000000,Unknown,0.4758684228515625
Gemstone-256x23,7,26235,110000000000,Unknown,0.47998266015625
Gemstone-256x23,7,26712,112000000000,Unknown,0.4825572900390625
Gemstone-256x23,7,27189,114000000000,Unknown,0.4768683125
Gemstone-256x23,7,27666,116000000000,Unknown,0.460531884765625
Gemstone-256x23,7,28143,118000000000,Unknown,0.471864599609375
Gemstone-256x23,7,28620,120000000000,Unknown,0.4681340146484375
Gemstone-256x23,7,29097,122000000000,Unknown,0.471157509765625
Gemstone-256x23,7,29574,124000000000,Unknown,0.4678037705078125
Gemstone-256x23,7,30051,126000000000,Unknown,0.47154551953125
Gemstone-256x23,7,30528,128000000000,Unknown,0.4662067255859375
Gemstone-256x23,7,31005,130000000000,Unknown,0.4714532568359375
Gemstone-256x23,7,31482,132000000000,Unknown,0.4641264521484375
Gemstone-256x23,7,31959,134000000000,Unknown,0.4576472412109375
Gemstone-256x23,7,32436,136000000000,Unknown,0.4554592529296875
Gemstone-256x23,7,32913,138000000000,Unknown,0.45410302734375
Gemstone-256x23,7,33390,140000000000,Unknown,0.4551170185546875
Gemstone-256x23,7,33867,142000000000,Unknown,0.460485099609375
Gemstone-256x23,7,34344,144000000000,Unknown,0.4493930634765625
Gemstone-256x23,7,34821,146000000000,Unknown,0.454604103515625
Gemstone-256x23,7,35298,148000000000,Unknown,0.452561021484375
Gemstone-256x23,7,35775,150000000000,Unknown,0.4487925673828125
Gemstone-256x23,7,36252,152000000000,Unknown,0.4430222978515625
Gemstone-256x23,7,36729,154000000000,Unknown,0.4444663271484375
Gemstone-256x23,7,37206,156000000000,Unknown,0.44869410546875
Gemstone-256x23,7,37683,158000000000,Unknown,0.4468278681640625
Gemstone-256x23,7,38160,160000000000,Unknown,0.4452468359375
Gemstone-256x23,7,38637,162000000000,Unknown,0.434489232421875
Gemstone-256x23,7,39114,164000000000,Unknown,0.433424669921875
Gemstone-256x23,7,39591,166000000000,Unknown,0.43712369140625
Gemstone-256x23,7,40068,168000000000,Unknown,0.43939641015625
Gemstone-256x23,7,40545,170000000000,Unknown,0.4319956748046875
Gemstone-256x23,7,41022,172000000000,Unknown,0.4310586337890625
Gemstone-256x23,7,41499,174000000000,Unknown,0.464098658203125
Gemstone-256x23,7,41976,176000000000,Unknown,0.4312897568359375
Gemstone-256x23,7,42453,178000000000,Unknown,0.435464798828125
Gemstone-256x23,7,42930,180000000000,Unknown,0.4310395634765625
Gemstone-256x23,7,43407,182000000000,Unknown,0.427874421875
Gemstone-256x23,7,43884,184000000000,Unknown,0.4324381328125
Gemstone-256x23,7,44361,186000000000,Unknown,0.433994556640625
Gemstone-256x23,7,44838,188000000000,Unknown,0.4284565439453125
Gemstone-256x23,7,45315,190000000000,Unknown,0.42773418359375
Gemstone-256x23,7,45792,192000000000,Unknown,0.426615328125
Gemstone-256x23,7,46269,194000000000,Unknown,0.420564556640625
Gemstone-256x23,7,46746,196000000000,Unknown,0.4265499140625
Gemstone-256x23,7,47223,198000000000,Unknown,0.427743794921875
Gemstone-256x23,7,47700,200000000000,Unknown,0.425353376953125
Gemstone-256x23,7,48177,202000000000,Unknown,0.4309455869140625
Gemstone-256x23,7,48654,204000000000,Unknown,0.4328532568359375
Gemstone-256x23,7,49131,206000000000,Unknown,0.4181173310546875
Gemstone-256x23,7,49608,208000000000,Unknown,0.4241828203125
Gemstone-256x23,7,50085,210000000000,Unknown,0.4354034541015625
Gemstone-256x23,7,50562,212000000000,Unknown,0.422099966796875
Gemstone-256x23,7,51039,214000000000,Unknown,0.42169916015625
Gemstone-256x23,7,51516,216000000000,Unknown,0.4162715888671875
Gemstone-256x23,7,51993,218000000000,Unknown,0.43107078515625
Gemstone-256x23,7,52470,220000000000,Unknown,0.4275649814453125
Gemstone-256x23,7,52947,222000000000,Unknown,0.426700185546875
Gemstone-256x23,7,53424,224000000000,Unknown,0.421465888671875
Gemstone-256x23,7,53901,226000000000,Unknown,0.4157173095703125
Gemstone-256x23,7,54378,228000000000,Unknown,0.4255055341796875
Gemstone-256x23,7,54855,230000000000,Unknown,0.4275355625
Gemstone-256x23,7,55332,232000000000,Unknown,0.4215110234375
Gemstone-256x23,7,55809,234000000000,Unknown,0.4474730859375
Gemstone-256x23,7,56286,236000000000,Unknown,0.418907857421875
Gemstone-256x23,7,56763,238000000000,Unknown,0.422640212890625
Gemstone-256x23,7,57240,240000000000,Unknown,0.4233854375
Gemstone-256x23,7,57717,242000000000,Unknown,0.422006294921875
Gemstone-256x23,7,58194,244000000000,Unknown,0.4101241118164062
Gemstone-256x23,7,58671,246000000000,Unknown,0.417412259765625
Gemstone-256x23,7,59148,248000000000,Unknown,0.4170757197265625
Gemstone-256x23,7,59625,250000000000,Unknown,0.4210297255859375
Gemstone-256x23,7,60102,252000000000,Unknown,0.434307068359375
Gemstone-256x23,7,60579,254000000000,Unknown,0.425230802734375
Gemstone-256x23,7,61056,256000000000,Unknown,0.4138031484375
Gemstone-256x23,7,61533,258000000000,Unknown,0.42371320703125
Gemstone-256x23,7,62010,260000000000,Unknown,0.41793183203125
Gemstone-256x23,7,62487,262000000000,Unknown,0.412264056640625
Gemstone-256x23,7,62964,264000000000,Unknown,0.42399561328125
Gemstone-256x23,7,63441,266000000000,Unknown,0.4234446171875
Gemstone-256x23,7,63918,268000000000,Unknown,0.4230770859375
Gemstone-256x23,7,64395,270000000000,Unknown,0.4100884350585937
Gemstone-256x23,7,64872,272000000000,Unknown,0.4217544267578125
Gemstone-256x23,7,65349,274000000000,Unknown,0.4176364990234375
Gemstone-256x23,7,65826,276000000000,Unknown,0.41609490625
Gemstone-256x23,7,66303,278000000000,Unknown,0.41983743359375
Gemstone-256x23,7,66780,280000000000,Unknown,0.41776842578125
Gemstone-256x23,7,67257,282000000000,Unknown,0.4182778466796875
Gemstone-256x23,7,67734,284000000000,Unknown,0.4220978896484375
Gemstone-256x23,7,68211,286000000000,Unknown,0.4281273349609375
Gemstone-256x23,7,68688,288000000000,Unknown,0.414695791015625
Gemstone-256x23,7,69165,290000000000,Unknown,0.4208972490234375
Gemstone-256x23,7,69642,292000000000,Unknown,0.40974763671875
Gemstone-256x23,7,70119,294000000000,Unknown,0.4224796796875
Gemstone-256x23,7,70596,296000000000,Unknown,0.4152397158203125
Gemstone-256x23,7,71073,298000000000,Unknown,0.4186760068359375
Gemstone-256x23,7,71550,300000000000,Unknown,0.421081501953125
Gemstone-256x23,7,72027,302000000000,Unknown,0.41421729296875
Gemstone-256x23,7,72504,304000000000,Unknown,0.4083483510742187
Gemstone-256x23,7,72981,306000000000,Unknown,0.4100806845703125
Gemstone-256x23,7,73458,308000000000,Unknown,0.4072188930664062
Gemstone-256x23,7,73935,310000000000,Unknown,0.4155577734375
Gemstone-256x23,7,74412,312000000000,Unknown,0.41170248046875
Gemstone-256x23,7,74889,314000000000,Unknown,0.41482963671875
Gemstone-256x23,7,75366,316000000000,Unknown,0.4113444926757812
Gemstone-256x23,7,75843,318000000000,Unknown,0.4091039252929687
Gemstone-256x23,7,76320,320000000000,Unknown,0.40736641015625
Gemstone-256x23,7,76797,322000000000,Unknown,0.409854640625
Gemstone-256x23,7,77274,324000000000,Unknown,0.4158159306640625
Gemstone-256x23,7,77751,326000000000,Unknown,0.4127762294921875
Gemstone-256x23,7,78228,328000000000,Unknown,0.4110476811523437
Gemstone-256x23,7,78705,330000000000,Unknown,0.40489832421875
Gemstone-256x23,7,79182,332000000000,Unknown,0.411073482421875
Gemstone-256x23,7,79659,334000000000,Unknown,0.4100844995117187
Gemstone-256x23,7,80136,336000000000,Unknown,0.412249408203125
Gemstone-256x23,7,80613,338000000000,Unknown,0.4136893603515625
Gemstone-256x23,7,81090,340000000000,Unknown,0.4128463935546875
Gemstone-256x23,7,81567,342000000000,Unknown,0.4069188334960937
Gemstone-256x23,7,82044,344000000000,Unknown,0.4150633310546875
Gemstone-256x23,7,82521,346000000000,Unknown,0.4145642001953125
Gemstone-256x23,7,82998,348000000000,Huge,0.4150116328125
Gemstone-256x23,8,954,4000000000,Unknown,0.09496780859375
Gemstone-256x23,8,1431,6000000000,Unknown,0.1644564833984375
Gemstone-256x23,8,1908,8000000000,Unknown,0.2663875356445312
Gemstone-256x23,8,2385,10000000000,Unknown,0.3472205947265625
Gemstone-256x23,8,2862,12000000000,Unknown,0.409741650390625
Gemstone-256x23,8,3339,14000000000,Unknown,0.4522867392578125
Gemstone-256x23,8,3816,16000000000,Unknown,0.4836598037109375
Gemstone-256x23,8,4293,18000000000,Unknown,0.5158922919921874
Gemstone-256x23,8,4770,20000000000,Unknown,0.5231755927734375
Gemstone-256x23,8,5247,22000000000,Unknown,0.532407943359375
Gemstone-256x23,8,5724,24000000000,Unknown,0.5432194970703125
Gemstone-256x23,8,6201,26000000000,Unknown,0.545103994140625
Gemstone-256x23,8,6678,28000000000,Unknown,0.541497076171875
Gemstone-256x23,8,7155,30000000000,Unknown,0.5501337431640625
Gemstone-256x23,8,7632,32000000000,Unknown,0.5491336533203125
Gemstone-256x23,8,8109,34000000000,Unknown,0.5510675576171875
Gemstone-256x23,8,8586,36000000000,Unknown,0.5472314306640625
Gemstone-256x23,8,9063,38000000000,Unknown,0.54631415234375
Gemstone-256x23,8,9540,40000000000,Unknown,0.5407364013671875
Gemstone-256x23,8,10017,42000000000,Unknown,0.543531294921875
Gemstone-256x23,8,10494,44000000000,Unknown,0.53757126171875
Gemstone-256x23,8,10971,46000000000,Unknown,0.526984064453125
Gemstone-256x23,8,11448,48000000000,Unknown,0.536834916015625
Gemstone-256x23,8,11925,50000000000,Unknown,0.5294948173828125
Gemstone-256x23,8,12402,52000000000,Unknown,0.5295720888671875
Gemstone-256x23,8,12879,54000000000,Unknown,0.519194033203125
Gemstone-256x23,8,13356,56000000000,Unknown,0.52963737890625
Gemstone-256x23,8,13833,58000000000,Unknown,0.520776916015625
Gemstone-256x23,8,14310,60000000000,Unknown,0.51032193359375
Gemstone-256x23,8,14787,62000000000,Unknown,0.5116843798828125
Gemstone-256x23,8,15264,64000000000,Unknown,0.5073001162109375
Gemstone-256x23,8,15741,66000000000,Unknown,0.498747712890625
Gemstone-256x23,8,16218,68000000000,Unknown,0.5094778935546875
Gemstone-256x23,8,16695,70000000000,Unknown,0.4926728916015625
Gemstone-256x23,8,17172,72000000000,Unknown,0.4981723857421875
Gemstone-256x23,8,17649,74000000000,Unknown,0.48965830078125
Gemstone-256x23,8,18126,76000000000,Unknown,0.4951748984375
Gemstone-256x23,8,18603,78000000000,Unknown,0.494068984375
Gemstone-256x23,8,19080,80000000000,Unknown,0.48798303125
Gemstone-256x23,8,19557,82000000000,Unknown,0.4830589482421875
Gemstone-256x23,8,20034,84000000000,Unknown,0.4837094541015625
Gemstone-256x23,8,20511,86000000000,Unknown,0.4749647314453125
Gemstone-256x23,8,20988,88000000000,Unknown,0.4782296943359375
Gemstone-256x23,8,21465,90000000000,Unknown,0.4721577470703125
Gemstone-256x23,8,21942,92000000000,Unknown,0.4786474990234375
Gemstone-256x23,8,22419,94000000000,Unknown,0.469514494140625
Gemstone-256x23,8,22896,96000000000,Unknown,0.474134125
Gemstone-256x23,8,23373,98000000000,Unknown,0.4730591416015625
Gemstone-256x23,8,23850,100000000000,Unknown,0.4642769609375
Gemstone-256x23,8,24327,102000000000,Unknown,0.45932821484375
Gemstone-256x23,8,24804,104000000000,Unknown,0.45829
Gemstone-256x23,8,25281,106000000000,Unknown,0.4592490810546875
Gemstone-256x23,8,25758,108000000000,Unknown,0.4550918671875
Gemstone-256x23,8,26235,110000000000,Unknown,0.458084251953125
Gemstone-256x23,8,26712,112000000000,Unknown,0.459492884765625
Gemstone-256x23,8,27189,114000000000,Unknown,0.454330224609375
Gemstone-256x23,8,27666,116000000000,Unknown,0.4443457470703125
Gemstone-256x23,8,28143,118000000000,Unknown,0.4487805341796875
Gemstone-256x23,8,28620,120000000000,Unknown,0.447008052734375
Gemstone-256x23,8,29097,122000000000,Unknown,0.4480951875
Gemstone-256x23,8,29574,124000000000,Unknown,0.4437747021484375
Gemstone-256x23,8,30051,126000000000,Unknown,0.4471787978515625
Gemstone-256x23,8,30528,128000000000,Unknown,0.4407948291015625
Gemstone-256x23,8,31005,130000000000,Unknown,0.4465159306640625
Gemstone-256x23,8,31482,132000000000,Unknown,0.44324847265625
Gemstone-256x23,8,31959,134000000000,Unknown,0.4364395361328125
Gemstone-256x23,8,32436,136000000000,Unknown,0.4323491279296875
Gemstone-256x23,8,32913,138000000000,Unknown,0.43096087890625
Gemstone-256x23,8,33390,140000000000,Unknown,0.43072279296875
Gemstone-256x23,8,33867,142000000000,Unknown,0.43434487890625
Gemstone-256x23,8,34344,144000000000,Unknown,0.428110291015625
Gemstone-256x23,8,34821,146000000000,Unknown,0.429937171875
Gemstone-256x23,8,35298,148000000000,Unknown,0.4278278662109375
Gemstone-256x23,8,35775,150000000000,Unknown,0.4223998603515625
Gemstone-256x23,8,36252,152000000000,Unknown,0.417937353515625
Gemstone-256x23,8,36729,154000000000,Unknown,0.419003513671875
Gemstone-256x23,8,37206,156000000000,Unknown,0.4218491875
Gemstone-256x23,8,37683,158000000000,Unknown,0.419914087890625
Gemstone-256x23,8,38160,160000000000,Unknown,0.41698545703125
Gemstone-256x23,8,38637,162000000000,Unknown,0.4077889096679687
Gemstone-256x23,8,39114,164000000000,Unknown,0.408854197265625
Gemstone-256x23,8,39591,166000000000,Unknown,0.4092631000976562
Gemstone-256x23,8,40068,168000000000,Unknown,0.409932298828125
Gemstone-256x23,8,40545,170000000000,Unknown,0.4034940263671875
Gemstone-256x23,8,41022,172000000000,Unknown,0.4034921840820312
Gemstone-256x23,8,41499,174000000000,Unknown,0.4289852392578125
Gemstone-256x23,8,41976,176000000000,Unknown,0.3994080102539062
Gemstone-256x23,8,42453,178000000000,Unknown,0.4034675375976562
Gemstone-256x23,8,42930,180000000000,Unknown,0.400327400390625
Gemstone-256x23,8,43407,182000000000,Unknown,0.4023513315429687
Gemstone-256x23,8,43884,184000000000,Unknown,0.4035713388671875
Gemstone-256x23,8,44361,186000000000,Unknown,0.40419709765625
Gemstone-256x23,8,44838,188000000000,Unknown,0.398662857421875
Gemstone-256x23,8,45315,190000000000,Unknown,0.3963839594726562
Gemstone-256x23,8,45792,192000000000,Unknown,0.399829294921875
Gemstone-256x23,8,46269,194000000000,Unknown,0.3897676782226562
Gemstone-256x23,8,46746,196000000000,Unknown,0.3954762900390625
Gemstone-256x23,8,47223,198000000000,Unknown,0.3967517314453125
Gemstone-256x23,8,47700,200000000000,Unknown,0.39051951953125
Gemstone-256x23,8,48177,202000000000,Unknown,0.3965855556640625
Gemstone-256x23,8,48654,204000000000,Unknown,0.4007627680664062
Gemstone-256x23,8,49131,206000000000,Unknown,0.3860429140625
Gemstone-256x23,8,49608,208000000000,Unknown,0.3917587778320312
Gemstone-256x23,8,50085,210000000000,Unknown,0.4016227221679687
Gemstone-256x23,8,50562,212000000000,Unknown,0.3895051025390625
Gemstone-256x23,8,51039,214000000000,Unknown,0.3872755107421875
Gemstone-256x23,8,51516,216000000000,Unknown,0.3856639184570312
Gemstone-256x23,8,51993,218000000000,Unknown,0.3957663955078125
Gemstone-256x23,8,52470,220000000000,Unknown,0.3956388803710937
Gemstone-256x23,8,52947,222000000000,Unknown,0.3931944135742187
Gemstone-256x23,8,53424,224000000000,Unknown,0.3917343637695312
Gemstone-256x23,8,53901,226000000000,Unknown,0.3857032646484375
Gemstone-256x23,8,54378,228000000000,Unknown,0.3927464653320312
Gemstone-256x23,8,54855,230000000000,Unknown,0.3949048325195312
Gemstone-256x23,8,55332,232000000000,Unknown,0.3905397314453125
Gemstone-256x23,8,55809,234000000000,Unknown,0.4085593115234375
Gemstone-256x23,8,56286,236000000000,Unknown,0.3829611123046875
Gemstone-256x23,8,56763,238000000000,Unknown,0.3897021669921875
Gemstone-256x23,8,57240,240000000000,Unknown,0.3915226162109375
Gemstone-256x23,8,57717,242000000000,Unknown,0.3903144897460937
Gemstone-256x23,8,58194,244000000000,Unknown,0.3813755190429687
Gemstone-256x23,8,58671,246000000000,Unknown,0.3911065522460937
Gemstone-256x23,8,59148,248000000000,Unknown,0.3850789399414062
Gemstone-256x23,8,59625,250000000000,Unknown,0.3887697333984375
Gemstone-256x23,8,60102,252000000000,Unknown,0.3940674750976563
Gemstone-256x23,8,60579,254000000000,Unknown,0.3927515991210937
Gemstone-256x23,8,61056,256000000000,Unknown,0.3869230498046875
Gemstone-256x23,8,61533,258000000000,Unknown,0.3912740444335937
Gemstone-256x23,8,62010,260000000000,Unknown,0.38738700390625
Gemstone-256x23,8,62487,262000000000,Unknown,0.384438076171875
Gemstone-256x23,8,62964,264000000000,Unknown,0.3910286586914062
Gemstone-256x23,8,63441,266000000000,Unknown,0.3919330439453125
Gemstone-256x23,8,63918,268000000000,Unknown,0.390842578125
Gemstone-256x23,8,64395,270000000000,Unknown,0.3817731005859375
Gemstone-256x23,8,64872,272000000000,Unknown,0.3873648159179687
Gemstone-256x23,8,65349,274000000000,Unknown,0.38248878125
Gemstone-256x23,8,65826,276000000000,Unknown,0.3839126196289062
Gemstone-256x23,8,66303,278000000000,Unknown,0.3884199975585937
Gemstone-256x23,8,66780,280000000000,Unknown,0.3852002421875
Gemstone-256x23,8,67257,282000000000,Unknown,0.3840619951171875
Gemstone-256x23,8,67734,284000000000,Unknown,0.3902994697265625
Gemstone-256x23,8,68211,286000000000,Unknown,0.39666572265625
Gemstone-256x23,8,68688,288000000000,Unknown,0.3838857749023437
Gemstone-256x23,8,69165,290000000000,Unknown,0.389883513671875
Gemstone-256x23,8,69642,292000000000,Unknown,0.3794479389648437
Gemstone-256x23,8,70119,294000000000,Unknown,0.3873558012695312
Gemstone-256x23,8,70596,296000000000,Unknown,0.3836004409179687
Gemstone-256x23,8,71073,298000000000,Unknown,0.3872827983398437
Gemstone-256x23,8,71550,300000000000,Unknown,0.3853328012695312
Gemstone-256x23,8,72027,302000000000,Unknown,0.384631455078125
Gemstone-256x23,8,72504,304000000000,Unknown,0.3772379765625
Gemstone-256x23,8,72981,306000000000,Unknown,0.3764892729492187
Gemstone-256x23,8,73458,308000000000,Unknown,0.3749967504882812
Gemstone-256x23,8,73935,310000000000,Unknown,0.382253923828125
Gemstone-256x23,8,74412,312000000000,Unknown,0.3805255380859375
Gemstone-256x23,8,74889,314000000000,Unknown,0.3814402060546875
Gemstone-256x23,8,75366,316000000000,Unknown,0.38023615625
Gemstone-256x23,8,75843,318000000000,Unknown,0.3782949760742187
Gemstone-256x23,8,76320,320000000000,Unknown,0.37989827734375
Gemstone-256x23,8,76797,322000000000,Unknown,0.3827948994140625
Gemstone-256x23,8,77274,324000000000,Unknown,0.3854158696289062
Gemstone-256x23,8,77751,326000000000,Unknown,0.3813518823242187
Gemstone-256x23,8,78228,328000000000,Unknown,0.37980226953125
Gemstone-256x23,8,78705,330000000000,Unknown,0.3764349721679687
Gemstone-256x23,8,79182,332000000000,Unknown,0.3790952631835937
Gemstone-256x23,8,79659,334000000000,Unknown,0.3794943374023437
Gemstone-256x23,8,80136,336000000000,Unknown,0.381727392578125
Gemstone-256x23,8,80613,338000000000,Unknown,0.3810204438476562
Gemstone-256x23,8,81090,340000000000,Unknown,0.3810102934570312
Gemstone-256x23,8,81567,342000000000,Unknown,0.3749223681640625
Gemstone-256x23,8,82044,344000000000,Unknown,0.3827899389648437
Gemstone-256x23,8,82521,346000000000,Unknown,0.3844235029296875
Gemstone-256x23,8,82998,348000000000,Huge,0.384140318359375
Gemstone-256x23,9,954,4000000000,Unknown,0.0981380428466797
Gemstone-256x23,9,1431,6000000000,Unknown,0.1657863151855468
Gemstone-256x23,9,1908,8000000000,Unknown,0.2665727153320312
Gemstone-256x23,9,2385,10000000000,Unknown,0.3476479057617187
Gemstone-256x23,9,2862,12000000000,Unknown,0.4092477641601562
Gemstone-256x23,9,3339,14000000000,Unknown,0.451917134765625
Gemstone-256x23,9,3816,16000000000,Unknown,0.479234044921875
Gemstone-256x23,9,4293,18000000000,Unknown,0.511961345703125
Gemstone-256x23,9,4770,20000000000,Unknown,0.5198934326171875
Gemstone-256x23,9,5247,22000000000,Unknown,0.5282885439453125
Gemstone-256x23,9,5724,24000000000,Unknown,0.54026366015625
Gemstone-256x23,9,6201,26000000000,Unknown,0.542359720703125
Gemstone-256x23,9,6678,28000000000,Unknown,0.5392759375
Gemstone-256x23,9,7155,30000000000,Unknown,0.545199884765625
Gemstone-256x23,9,7632,32000000000,Unknown,0.5472326005859375
Gemstone-256x23,9,8109,34000000000,Unknown,0.54797382421875
Gemstone-256x23,9,8586,36000000000,Unknown,0.5451900556640625
Gemstone-256x23,9,9063,38000000000,Unknown,0.5456550166015625
Gemstone-256x23,9,9540,40000000000,Unknown,0.540435244140625
Gemstone-256x23,9,10017,42000000000,Unknown,0.5423656328125
Gemstone-256x23,9,10494,44000000000,Unknown,0.5363674775390626
Gemstone-256x23,9,10971,46000000000,Unknown,0.525942427734375
Gemstone-256x23,9,11448,48000000000,Unknown,0.5379878251953125
Gemstone-256x23,9,11925,50000000000,Unknown,0.5283151318359375
Gemstone-256x23,9,12402,52000000000,Unknown,0.5292758173828125
Gemstone-256x23,9,12879,54000000000,Unknown,0.5184514228515625
Gemstone-256x23,9,13356,56000000000,Unknown,0.530397125
Gemstone-256x23,9,13833,58000000000,Unknown,0.5251372705078124
Gemstone-256x23,9,14310,60000000000,Unknown,0.5150652470703125
Gemstone-256x23,9,14787,62000000000,Unknown,0.5183395830078125
Gemstone-256x23,9,15264,64000000000,Unknown,0.5141438046875
Gemstone-256x23,9,15741,66000000000,Unknown,0.506664705078125
Gemstone-256x23,9,16218,68000000000,Unknown,0.5157669931640625
Gemstone-256x23,9,16695,70000000000,Unknown,0.504432048828125
Gemstone-256x23,9,17172,72000000000,Unknown,0.5119147080078125
Gemstone-256x23,9,17649,74000000000,Unknown,0.502367552734375
Gemstone-256x23,9,18126,76000000000,Unknown,0.5083947607421875
Gemstone-256x23,9,18603,78000000000,Unknown,0.5090726416015625
Gemstone-256x23,9,19080,80000000000,Unknown,0.501862849609375
Gemstone-256x23,9,19557,82000000000,Unknown,0.4991638017578125
Gemstone-256x23,9,20034,84000000000,Unknown,0.50012218359375
Gemstone-256x23,9,20511,86000000000,Unknown,0.49230234375
Gemstone-256x23,9,20988,88000000000,Unknown,0.497178875
Gemstone-256x23,9,21465,90000000000,Unknown,0.4909267939453125
Gemstone-256x23,9,21942,92000000000,Unknown,0.4970664140625
Gemstone-256x23,9,22419,94000000000,Unknown,0.4898349130859375
Gemstone-256x23,9,22896,96000000000,Unknown,0.49439760546875
Gemstone-256x23,9,23373,98000000000,Unknown,0.4922221181640625
Gemstone-256x23,9,23850,100000000000,Unknown,0.4858060732421875
Gemstone-256x23,9,24327,102000000000,Unknown,0.48289058984375
Gemstone-256x23,9,24804,104000000000,Unknown,0.481453861328125
Gemstone-256x23,9,25281,106000000000,Unknown,0.48333715234375
Gemstone-256x23,9,25758,108000000000,Unknown,0.479552173828125
Gemstone-256x23,9,26235,110000000000,Unknown,0.4819870869140625
Gemstone-256x23,9,26712,112000000000,Unknown,0.480726634765625
Gemstone-256x23,9,27189,114000000000,Unknown,0.47903799609375
Gemstone-256x23,9,27666,116000000000,Unknown,0.468081484375
Gemstone-256x23,9,28143,118000000000,Unknown,0.4745264853515625
Gemstone-256x23,9,28620,120000000000,Unknown,0.4734054365234375
Gemstone-256x23,9,29097,122000000000,Unknown,0.4727699365234375
Gemstone-256x23,9,29574,124000000000,Unknown,0.4671830498046875
Gemstone-256x23,9,30051,126000000000,Unknown,0.473470291015625
Gemstone-256x23,9,30528,128000000000,Unknown,0.4686081806640625
Gemstone-256x23,9,31005,130000000000,Unknown,0.4712986552734375
Gemstone-256x23,9,31482,132000000000,Unknown,0.46637721875
Gemstone-256x23,9,31959,134000000000,Unknown,0.4602670068359375
Gemstone-256x23,9,32436,136000000000,Unknown,0.4556576689453125
Gemstone-256x23,9,32913,138000000000,Unknown,0.4529289716796875
Gemstone-256x23,9,33390,140000000000,Unknown,0.4528560703125
Gemstone-256x23,9,33867,142000000000,Unknown,0.455119732421875
Gemstone-256x23,9,34344,144000000000,Unknown,0.4484643603515625
Gemstone-256x23,9,34821,146000000000,Unknown,0.449468048828125
Gemstone-256x23,9,35298,148000000000,Unknown,0.445240009765625
Gemstone-256x23,9,35775,150000000000,Unknown,0.439920072265625
Gemstone-256x23,9,36252,152000000000,Unknown,0.4352140185546875
Gemstone-256x23,9,36729,154000000000,Unknown,0.4375243310546875
Gemstone-256x23,9,37206,156000000000,Unknown,0.439285814453125
Gemstone-256x23,9,37683,158000000000,Unknown,0.4350231875
Gemstone-256x23,9,38160,160000000000,Unknown,0.4338546962890625
Gemstone-256x23,9,38637,162000000000,Unknown,0.424071529296875
Gemstone-256x23,9,39114,164000000000,Unknown,0.4258171640625
Gemstone-256x23,9,39591,166000000000,Unknown,0.4266217265625
Gemstone-256x23,9,40068,168000000000,Unknown,0.4267828671875
Gemstone-256x23,9,40545,170000000000,Unknown,0.422363193359375
Gemstone-256x23,9,41022,172000000000,Unknown,0.420323353515625
Gemstone-256x23,9,41499,174000000000,Unknown,0.43489663671875
Gemstone-256x23,9,41976,176000000000,Unknown,0.4156340439453125
Gemstone-256x23,9,42453,178000000000,Unknown,0.4195369384765625
Gemstone-256x23,9,42930,180000000000,Unknown,0.416316841796875
Gemstone-256x23,9,43407,182000000000,Unknown,0.4152436337890625
Gemstone-256x23,9,43884,184000000000,Unknown,0.4190803076171875
Gemstone-256x23,9,44361,186000000000,Unknown,0.4182361298828125
Gemstone-256x23,9,44838,188000000000,Unknown,0.4146903681640625
Gemstone-256x23,9,45315,190000000000,Unknown,0.4097823984375
Gemstone-256x23,9,45792,192000000000,Unknown,0.415397109375
Gemstone-256x23,9,46269,194000000000,Unknown,0.4044398276367187
Gemstone-256x23,9,46746,196000000000,Unknown,0.4092982080078125
Gemstone-256x23,9,47223,198000000000,Unknown,0.4100427368164062
Gemstone-256x23,9,47700,200000000000,Unknown,0.4047420908203125
Gemstone-256x23,9,48177,202000000000,Unknown,0.4082907573242187
Gemstone-256x23,9,48654,204000000000,Unknown,0.4127301298828125
Gemstone-256x23,9,49131,206000000000,Unknown,0.400158716796875
Gemstone-256x23,9,49608,208000000000,Unknown,0.4050821430664063
Gemstone-256x23,9,50085,210000000000,Unknown,0.4111375751953125
Gemstone-256x23,9,50562,212000000000,Unknown,0.4022151020507812
Gemstone-256x23,9,51039,214000000000,Unknown,0.395864783203125
Gemstone-256x23,9,51516,216000000000,Unknown,0.39743544921875
Gemstone-256x23,9,51993,218000000000,Unknown,0.4029799794921875
Gemstone-256x23,9,52470,220000000000,Unknown,0.4047123212890625
Gemstone-256x23,9,52947,222000000000,Unknown,0.4028285776367187
Gemstone-256x23,9,53424,224000000000,Unknown,0.4028352138671875
Gemstone-256x23,9,53901,226000000000,Unknown,0.394799845703125
Gemstone-256x23,9,54378,228000000000,Unknown,0.4017793305664062
Gemstone-256x23,9,54855,230000000000,Unknown,0.4031718994140625
Gemstone-256x23,9,55332,232000000000,Unknown,0.3974435415039062
Gemstone-256x23,9,55809,234000000000,Unknown,0.4037075395507812
Gemstone-256x23,9,56286,236000000000,Unknown,0.39131565234375
Gemstone-256x23,9,56763,238000000000,Unknown,0.3978311088867187
Gemstone-256x23,9,57240,240000000000,Unknown,0.39800840625
Gemstone-256x23,9,57717,242000000000,Unknown,0.3945728969726562
Gemstone-256x23,9,58194,244000000000,Unknown,0.3925768916015625
Gemstone-256x23,9,58671,246000000000,Unknown,0.3995996044921875
Gemstone-256x23,9,59148,248000000000,Unknown,0.391923158203125
Gemstone-256x23,9,59625,250000000000,Unknown,0.39604296484375
Gemstone-256x23,9,60102,252000000000,Unknown,0.395538939453125
Gemstone-256x23,9,60579,254000000000,Unknown,0.3976327426757812
Gemstone-256x23,9,61056,256000000000,Unknown,0.39664912109375
Gemstone-256x23,9,61533,258000000000,Unknown,0.3984675600585937
Gemstone-256x23,9,62010,260000000000,Unknown,0.3940373359375
Gemstone-256x23,9,62487,262000000000,Unknown,0.3927947861328125
Gemstone-256x23,9,62964,264000000000,Unknown,0.3958925004882812
Gemstone-256x23,9,63441,266000000000,Unknown,0.3988318452148437
Gemstone-256x23,9,63918,268000000000,Unknown,0.398416236328125
Gemstone-256x23,9,64395,270000000000,Unknown,0.3921744848632812
Gemstone-256x23,9,64872,272000000000,Unknown,0.3925629575195312
Gemstone-256x23,9,65349,274000000000,Unknown,0.388355939453125
Gemstone-256x23,9,65826,276000000000,Unknown,0.3913292485351562
Gemstone-256x23,9,66303,278000000000,Unknown,0.3964705278320312
Gemstone-256x23,9,66780,280000000000,Unknown,0.3921458422851562
Gemstone-256x23,9,67257,282000000000,Unknown,0.3938822236328125
Gemstone-256x23,9,67734,284000000000,Unknown,0.395919537109375
Gemstone-256x23,9,68211,286000000000,Unknown,0.4007119169921875
Gemstone-256x23,9,68688,288000000000,Unknown,0.3920559448242187
Gemstone-256x23,9,69165,290000000000,Unknown,0.394842525390625
Gemstone-256x23,9,69642,292000000000,Unknown,0.38811165625
Gemstone-256x23,9,70119,294000000000,Unknown,0.3951389340820312
Gemstone-256x23,9,70596,296000000000,Unknown,0.3913807421875
Gemstone-256x23,9,71073,298000000000,Unknown,0.3958000405273437
Gemstone-256x23,9,71550,300000000000,Unknown,0.39227500390625
Gemstone-256x23,9,72027,302000000000,Unknown,0.3936657133789062
Gemstone-256x23,9,72504,304000000000,Unknown,0.3878670874023437
Gemstone-256x23,9,72981,306000000000,Unknown,0.3833487329101562
Gemstone-256x23,9,73458,308000000000,Unknown,0.3840284536132812
Gemstone-256x23,9,73935,310000000000,Unknown,0.3894946806640625
Gemstone-256x23,9,74412,312000000000,Unknown,0.3876406401367187
Gemstone-256x23,9,74889,314000000000,Unknown,0.38878409375
Gemstone-256x23,9,75366,316000000000,Unknown,0.3875619526367188
Gemstone-256x23,9,75843,318000000000,Unknown,0.384048236328125
Gemstone-256x23,9,76320,320000000000,Unknown,0.38572462109375
Gemstone-256x23,9,76797,322000000000,Unknown,0.38811759375
Gemstone-256x23,9,77274,324000000000,Unknown,0.3922211708984375
Gemstone-256x23,9,77751,326000000000,Unknown,0.3872182026367187
Gemstone-256x23,9,78228,328000000000,Unknown,0.3871783388671875
Gemstone-256x23,9,78705,330000000000,Unknown,0.3850776879882812
Gemstone-256x23,9,79182,332000000000,Unknown,0.3850307856445312
Gemstone-256x23,9,79659,334000000000,Unknown,0.387623146484375
Gemstone-256x23,9,80136,336000000000,Unknown,0.3902653095703125
Gemstone-256x23,9,80613,338000000000,Unknown,0.38765003125
Gemstone-256x23,9,81090,340000000000,Unknown,0.3894890063476562
Gemstone-256x23,9,81567,342000000000,Unknown,0.38373392578125
Gemstone-256x23,9,82044,344000000000,Unknown,0.39099812890625
Gemstone-256x23,9,82521,346000000000,Unknown,0.3918277041015625
Gemstone-256x23,9,82998,348000000000,Huge,0.3920093681640625
Gemstone-256x23,10,954,4000000000,Unknown,0.1012919730224609
Gemstone-256x23,10,1431,6000000000,Unknown,0.1643844877929687
Gemstone-256x23,10,1908,8000000000,Unknown,0.2599015756835937
Gemstone-256x23,10,2385,10000000000,Unknown,0.3388815751953125
Gemstone-256x23,10,2862,12000000000,Unknown,0.3971244516601562
Gemstone-256x23,10,3339,14000000000,Unknown,0.4374087197265625
Gemstone-256x23,10,3816,16000000000,Unknown,0.46333494140625
Gemstone-256x23,10,4293,18000000000,Unknown,0.495546001953125
Gemstone-256x23,10,4770,20000000000,Unknown,0.505511931640625
Gemstone-256x23,10,5247,22000000000,Unknown,0.5111638056640625
Gemstone-256x23,10,5724,24000000000,Unknown,0.5200310673828125
Gemstone-256x23,10,6201,26000000000,Unknown,0.519443732421875
Gemstone-256x23,10,6678,28000000000,Unknown,0.5214784423828125
Gemstone-256x23,10,7155,30000000000,Unknown,0.524654630859375
Gemstone-256x23,10,7632,32000000000,Unknown,0.52592160546875
Gemstone-256x23,10,8109,34000000000,Unknown,0.5273448193359375
Gemstone-256x23,10,8586,36000000000,Unknown,0.525236021484375
Gemstone-256x23,10,9063,38000000000,Unknown,0.5256904541015625
Gemstone-256x23,10,9540,40000000000,Unknown,0.5193220419921875
Gemstone-256x23,10,10017,42000000000,Unknown,0.520295375
Gemstone-256x23,10,10494,44000000000,Unknown,0.514562318359375
Gemstone-256x23,10,10971,46000000000,Unknown,0.506573203125
Gemstone-256x23,10,11448,48000000000,Unknown,0.51641671484375
Gemstone-256x23,10,11925,50000000000,Unknown,0.5082866328125
Gemstone-256x23,10,12402,52000000000,Unknown,0.5091961083984375
Gemstone-256x23,10,12879,54000000000,Unknown,0.498321306640625
Gemstone-256x23,10,13356,56000000000,Unknown,0.512581458984375
Gemstone-256x23,10,13833,58000000000,Unknown,0.50509365234375
Gemstone-256x23,10,14310,60000000000,Unknown,0.497323599609375
Gemstone-256x23,10,14787,62000000000,Unknown,0.5001885087890625
Gemstone-256x23,10,15264,64000000000,Unknown,0.495805875
Gemstone-256x23,10,15741,66000000000,Unknown,0.48862953515625
Gemstone-256x23,10,16218,68000000000,Unknown,0.4985166142578125
Gemstone-256x23,10,16695,70000000000,Unknown,0.487573318359375
Gemstone-256x23,10,17172,72000000000,Unknown,0.4949966884765625
Gemstone-256x23,10,17649,74000000000,Unknown,0.4869255595703125
Gemstone-256x23,10,18126,76000000000,Unknown,0.490787173828125
Gemstone-256x23,10,18603,78000000000,Unknown,0.4934010361328125
Gemstone-256x23,10,19080,80000000000,Unknown,0.4838772109375
Gemstone-256x23,10,19557,82000000000,Unknown,0.483936197265625
Gemstone-256x23,10,20034,84000000000,Unknown,0.484242275390625
Gemstone-256x23,10,20511,86000000000,Unknown,0.4779916298828125
Gemstone-256x23,10,20988,88000000000,Unknown,0.4806497412109375
Gemstone-256x23,10,21465,90000000000,Unknown,0.478234673828125
Gemstone-256x23,10,21942,92000000000,Unknown,0.4828130673828125
Gemstone-256x23,10,22419,94000000000,Unknown,0.474682392578125
Gemstone-256x23,10,22896,96000000000,Unknown,0.479509556640625
Gemstone-256x23,10,23373,98000000000,Unknown,0.4771831513671875
Gemstone-256x23,10,23850,100000000000,Unknown,0.4708438779296875
Gemstone-256x23,10,24327,102000000000,Unknown,0.4702373720703125
Gemstone-256x23,10,24804,104000000000,Unknown,0.466285095703125
Gemstone-256x23,10,25281,106000000000,Unknown,0.4676804736328125
Gemstone-256x23,10,25758,108000000000,Unknown,0.4661284892578125
Gemstone-256x23,10,26235,110000000000,Unknown,0.4674737109375
Gemstone-256x23,10,26712,112000000000,Unknown,0.4658940546875
Gemstone-256x23,10,27189,114000000000,Unknown,0.46583442578125
Gemstone-256x23,10,27666,116000000000,Unknown,0.4540008486328125
Gemstone-256x23,10,28143,118000000000,Unknown,0.460837376953125
Gemstone-256x23,10,28620,120000000000,Unknown,0.4584142666015625
Gemstone-256x23,10,29097,122000000000,Unknown,0.4576005673828125
Gemstone-256x23,10,29574,124000000000,Unknown,0.4523178115234375
Gemstone-256x23,10,30051,126000000000,Unknown,0.460488390625
Gemstone-256x23,10,30528,128000000000,Unknown,0.454993849609375
Gemstone-256x23,10,31005,130000000000,Unknown,0.45721416796875
Gemstone-256x23,10,31482,132000000000,Unknown,0.451783228515625
Gemstone-256x23,10,31959,134000000000,Unknown,0.4468425751953125
Gemstone-256x23,10,32436,136000000000,Unknown,0.4409907802734375
Gemstone-256x23,10,32913,138000000000,Unknown,0.4389049130859375
Gemstone-256x23,10,33390,140000000000,Unknown,0.441917134765625
Gemstone-256x23,10,33867,142000000000,Unknown,0.4412591904296875
Gemstone-256x23,10,34344,144000000000,Unknown,0.4346723095703125
Gemstone-256x23,10,34821,146000000000,Unknown,0.4353833173828125
Gemstone-256x23,10,35298,148000000000,Unknown,0.4332119912109375
Gemstone-256x23,10,35775,150000000000,Unknown,0.427589326171875
Gemstone-256x23,10,36252,152000000000,Unknown,0.4228538876953125
Gemstone-256x23,10,36729,154000000000,Unknown,0.4248529619140625
Gemstone-256x23,10,37206,156000000000,Unknown,0.426455296875
Gemstone-256x23,10,37683,158000000000,Unknown,0.4213750322265625
Gemstone-256x23,10,38160,160000000000,Unknown,0.422191287109375
Gemstone-256x23,10,38637,162000000000,Unknown,0.4130016318359375
Gemstone-256x23,10,39114,164000000000,Unknown,0.4148650634765625
Gemstone-256x23,10,39591,166000000000,Unknown,0.4164091162109375
Gemstone-256x23,10,40068,168000000000,Unknown,0.4150191494140625
Gemstone-256x23,10,40545,170000000000,Unknown,0.4119146860351562
Gemstone-256x23,10,41022,172000000000,Unknown,0.4081280415039062
Gemstone-256x23,10,41499,174000000000,Unknown,0.42498203515625
Gemstone-256x23,10,41976,176000000000,Unknown,0.40512301953125
Gemstone-256x23,10,42453,178000000000,Unknown,0.406544564453125
Gemstone-256x23,10,42930,180000000000,Unknown,0.4042607778320312
Gemstone-256x23,10,43407,182000000000,Unknown,0.402973826171875
Gemstone-256x23,10,43884,184000000000,Unknown,0.4068217309570312
Gemstone-256x23,10,44361,186000000000,Unknown,0.406131435546875
Gemstone-256x23,10,44838,188000000000,Unknown,0.4034317612304687
Gemstone-256x23,10,45315,190000000000,Unknown,0.3976332109375
Gemstone-256x23,10,45792,192000000000,Unknown,0.403892578125
Gemstone-256x23,10,46269,194000000000,Unknown,0.39340259375
Gemstone-256x23,10,46746,196000000000,Unknown,0.397844390625
Gemstone-256x23,10,47223,198000000000,Unknown,0.3973888344726562
Gemstone-256x23,10,47700,200000000000,Unknown,0.3917875639648437
Gemstone-256x23,10,48177,202000000000,Unknown,0.3982310009765625
Gemstone-256x23,10,48654,204000000000,Unknown,0.4026767065429688
Gemstone-256x23,10,49131,206000000000,Unknown,0.3902085239257812
Gemstone-256x23,10,49608,208000000000,Unknown,0.3945360288085937
Gemstone-256x23,10,50085,210000000000,Unknown,0.4002169384765625
Gemstone-256x23,10,50562,212000000000,Unknown,0.3923235102539062
Gemstone-256x23,10,51039,214000000000,Unknown,0.38738594921875
Gemstone-256x23,10,51516,216000000000,Unknown,0.3891494975585937
Gemstone-256x23,10,51993,218000000000,Unknown,0.393560787109375
Gemstone-256x23,10,52470,220000000000,Unknown,0.39307703515625
Gemstone-256x23,10,52947,222000000000,Unknown,0.392631615234375
Gemstone-256x23,10,53424,224000000000,Unknown,0.3934416723632812
Gemstone-256x23,10,53901,226000000000,Unknown,0.3849357016601562
Gemstone-256x23,10,54378,228000000000,Unknown,0.3908105830078125
Gemstone-256x23,10,54855,230000000000,Unknown,0.39243749609375
Gemstone-256x23,10,55332,232000000000,Unknown,0.3869829848632812
Gemstone-256x23,10,55809,234000000000,Unknown,0.3928195864257812
Gemstone-256x23,10,56286,236000000000,Unknown,0.3820856684570312
Gemstone-256x23,10,56763,238000000000,Unknown,0.3874747119140625
Gemstone-256x23,10,57240,240000000000,Unknown,0.3877465239257812
Gemstone-256x23,10,57717,242000000000,Unknown,0.3836418935546875
Gemstone-256x23,10,58194,244000000000,Unknown,0.382767634765625
Gemstone-256x23,10,58671,246000000000,Unknown,0.3899956567382812
Gemstone-256x23,10,59148,248000000000,Unknown,0.3832548403320313
Gemstone-256x23,10,59625,250000000000,Unknown,0.3868849731445312
Gemstone-256x23,10,60102,252000000000,Unknown,0.3848756616210937
Gemstone-256x23,10,60579,254000000000,Unknown,0.3890218178710937
Gemstone-256x23,10,61056,256000000000,Unknown,0.3861370131835937
Gemstone-256x23,10,61533,258000000000,Unknown,0.3892254497070312
Gemstone-256x23,10,62010,260000000000,Unknown,0.3847918432617187
Gemstone-256x23,10,62487,262000000000,Unknown,0.3826159658203125
Gemstone-256x23,10,62964,264000000000,Unknown,0.385433142578125
Gemstone-256x23,10,63441,266000000000,Unknown,0.3878339985351562
Gemstone-256x23,10,63918,268000000000,Unknown,0.388791474609375
Gemstone-256x23,10,64395,270000000000,Unknown,0.3823342607421875
Gemstone-256x23,10,64872,272000000000,Unknown,0.3826108759765625
Gemstone-256x23,10,65349,274000000000,Unknown,0.3793307524414062
Gemstone-256x23,10,65826,276000000000,Unknown,0.383594939453125
Gemstone-256x23,10,66303,278000000000,Unknown,0.3866982177734375
Gemstone-256x23,10,66780,280000000000,Unknown,0.38296955859375
Gemstone-256x23,10,67257,282000000000,Unknown,0.3828285849609375
Gemstone-256x23,10,67734,284000000000,Unknown,0.3868898784179687
Gemstone-256x23,10,68211,286000000000,Unknown,0.39027643359375
Gemstone-256x23,10,68688,288000000000,Unknown,0.38291390234375
Gemstone-256x23,10,69165,290000000000,Unknown,0.3864494140625
Gemstone-256x23,10,69642,292000000000,Unknown,0.3796750981445312
Gemstone-256x23,10,70119,294000000000,Unknown,0.384935900390625
Gemstone-256x23,10,70596,296000000000,Unknown,0.3825886484375
Gemstone-256x23,10,71073,298000000000,Unknown,0.3868698774414063
Gemstone-256x23,10,71550,300000000000,Unknown,0.3835395600585937
Gemstone-256x23,10,72027,302000000000,Unknown,0.3840041323242187
Gemstone-256x23,10,72504,304000000000,Unknown,0.377891236328125
Gemstone-256x23,10,72981,306000000000,Unknown,0.3748177172851562
Gemstone-256x23,10,73458,308000000000,Unknown,0.3765776875
Gemstone-256x23,10,73935,310000000000,Unknown,0.379602646484375
Gemstone-256x23,10,74412,312000000000,Unknown,0.3792605615234375
Gemstone-256x23,10,74889,314000000000,Unknown,0.3810679887695312
Gemstone-256x23,10,75366,316000000000,Unknown,0.377474708984375
Gemstone-256x23,10,75843,318000000000,Unknown,0.375585708984375
Gemstone-256x23,10,76320,320000000000,Unknown,0.3777912788085937
Gemstone-256x23,10,76797,322000000000,Unknown,0.3790831948242187
Gemstone-256x23,10,77274,324000000000,Unknown,0.3838016376953125
Gemstone-256x23,10,77751,326000000000,Unknown,0.3792682524414063
Gemstone-256x23,10,78228,328000000000,Unknown,0.3781390903320312
Gemstone-256x23,10,78705,330000000000,Unknown,0.37731144921875
Gemstone-256x23,10,79182,332000000000,Unknown,0.3757763442382812
Gemstone-256x23,10,79659,334000000000,Unknown,0.3795535004882812
Gemstone-256x23,10,80136,336000000000,Unknown,0.3830044877929687
Gemstone-256x23,10,80613,338000000000,Unknown,0.3786829702148437
Gemstone-256x23,10,81090,340000000000,Unknown,0.3806103369140625
Gemstone-256x23,10,81567,342000000000,Unknown,0.373624693359375
Gemstone-256x23,10,82044,344000000000,Unknown,0.38199710546875
Gemstone-256x23,10,82521,346000000000,Unknown,0.3829974614257812
Gemstone-256x23,10,82998,348000000000,Huge,0.384250259765625
Gemstone-256x23,11,954,4000000000,Unknown,0.1039614206542968
Gemstone-256x23,11,1431,6000000000,Unknown,0.1581649538574218
Gemstone-256x23,11,1908,8000000000,Unknown,0.243877376953125
Gemstone-256x23,11,2385,10000000000,Unknown,0.3177570263671875
Gemstone-256x23,11,2862,12000000000,Unknown,0.3727351430664062
Gemstone-256x23,11,3339,14000000000,Unknown,0.4124419467773437
Gemstone-256x23,11,3816,16000000000,Unknown,0.4392139130859375
Gemstone-256x23,11,4293,18000000000,Unknown,0.4703152177734375
Gemstone-256x23,11,4770,20000000000,Unknown,0.47985183203125
Gemstone-256x23,11,5247,22000000000,Unknown,0.4864709423828125
Gemstone-256x23,11,5724,24000000000,Unknown,0.4961724609375
Gemstone-256x23,11,6201,26000000000,Unknown,0.4958891572265625
Gemstone-256x23,11,6678,28000000000,Unknown,0.49886667578125
Gemstone-256x23,11,7155,30000000000,Unknown,0.50193481640625
Gemstone-256x23,11,7632,32000000000,Unknown,0.5045386044921875
Gemstone-256x23,11,8109,34000000000,Unknown,0.506961185546875
Gemstone-256x23,11,8586,36000000000,Unknown,0.503296529296875
Gemstone-256x23,11,9063,38000000000,Unknown,0.505110837890625
Gemstone-256x23,11,9540,40000000000,Unknown,0.498237552734375
Gemstone-256x23,11,10017,42000000000,Unknown,0.5000013564453125
Gemstone-256x23,11,10494,44000000000,Unknown,0.4941575556640625
Gemstone-256x23,11,10971,46000000000,Unknown,0.48681336328125
Gemstone-256x23,11,11448,48000000000,Unknown,0.496909064453125
Gemstone-256x23,11,11925,50000000000,Unknown,0.4893903740234375
Gemstone-256x23,11,12402,52000000000,Unknown,0.49019113671875
Gemstone-256x23,11,12879,54000000000,Unknown,0.4787005908203125
Gemstone-256x23,11,13356,56000000000,Unknown,0.4933185224609375
Gemstone-256x23,11,13833,58000000000,Unknown,0.4881271416015625
Gemstone-256x23,11,14310,60000000000,Unknown,0.4807183701171875
Gemstone-256x23,11,14787,62000000000,Unknown,0.484166421875
Gemstone-256x23,11,15264,64000000000,Unknown,0.4800800166015625
Gemstone-256x23,11,15741,66000000000,Unknown,0.4726902509765625
Gemstone-256x23,11,16218,68000000000,Unknown,0.483157001953125
Gemstone-256x23,11,16695,70000000000,Unknown,0.4717913447265625
Gemstone-256x23,11,17172,72000000000,Unknown,0.4798953642578125
Gemstone-256x23,11,17649,74000000000,Unknown,0.4700582294921875
Gemstone-256x23,11,18126,76000000000,Unknown,0.4760805185546875
Gemstone-256x23,11,18603,78000000000,Unknown,0.4785843056640625
Gemstone-256x23,11,19080,80000000000,Unknown,0.4687985986328125
Gemstone-256x23,11,19557,82000000000,Unknown,0.46805500390625
Gemstone-256x23,11,20034,84000000000,Unknown,0.4691684677734375
Gemstone-256x23,11,20511,86000000000,Unknown,0.46239833203125
Gemstone-256x23,11,20988,88000000000,Unknown,0.4664692705078125
Gemstone-256x23,11,21465,90000000000,Unknown,0.46434902734375
Gemstone-256x23,11,21942,92000000000,Unknown,0.467839251953125
Gemstone-256x23,11,22419,94000000000,Unknown,0.4612365537109375
Gemstone-256x23,11,22896,96000000000,Unknown,0.4653347724609375
Gemstone-256x23,11,23373,98000000000,Unknown,0.4641884697265625
Gemstone-256x23,11,23850,100000000000,Unknown,0.4568016826171875
Gemstone-256x23,11,24327,102000000000,Unknown,0.4574563583984375
Gemstone-256x23,11,24804,104000000000,Unknown,0.4525550107421875
Gemstone-256x23,11,25281,106000000000,Unknown,0.4545431826171875
Gemstone-256x23,11,25758,108000000000,Unknown,0.4525812978515625
Gemstone-256x23,11,26235,110000000000,Unknown,0.4546427998046875
Gemstone-256x23,11,26712,112000000000,Unknown,0.454138958984375
Gemstone-256x23,11,27189,114000000000,Unknown,0.4523637880859375
Gemstone-256x23,11,27666,116000000000,Unknown,0.44080612890625
Gemstone-256x23,11,28143,118000000000,Unknown,0.4484499892578125
Gemstone-256x23,11,28620,120000000000,Unknown,0.4458921884765625
Gemstone-256x23,11,29097,122000000000,Unknown,0.4469993095703125
Gemstone-256x23,11,29574,124000000000,Unknown,0.439310119140625
Gemstone-256x23,11,30051,126000000000,Unknown,0.448159345703125
Gemstone-256x23,11,30528,128000000000,Unknown,0.4441318544921875
Gemstone-256x23,11,31005,130000000000,Unknown,0.4448134931640625
Gemstone-256x23,11,31482,132000000000,Unknown,0.4388256708984375
Gemstone-256x23,11,31959,134000000000,Unknown,0.4354064033203125
Gemstone-256x23,11,32436,136000000000,Unknown,0.429536873046875
Gemstone-256x23,11,32913,138000000000,Unknown,0.4273564921875
Gemstone-256x23,11,33390,140000000000,Unknown,0.431400076171875
Gemstone-256x23,11,33867,142000000000,Unknown,0.430940576171875
Gemstone-256x23,11,34344,144000000000,Unknown,0.424936314453125
Gemstone-256x23,11,34821,146000000000,Unknown,0.4238738203125
Gemstone-256x23,11,35298,148000000000,Unknown,0.4238796123046875
Gemstone-256x23,11,35775,150000000000,Unknown,0.41726220703125
Gemstone-256x23,11,36252,152000000000,Unknown,0.413274013671875
Gemstone-256x23,11,36729,154000000000,Unknown,0.4155047421875
Gemstone-256x23,11,37206,156000000000,Unknown,0.417160083984375
Gemstone-256x23,11,37683,158000000000,Unknown,0.4124221064453125
Gemstone-256x23,11,38160,160000000000,Unknown,0.414331630859375
Gemstone-256x23,11,38637,162000000000,Unknown,0.404584302734375
Gemstone-256x23,11,39114,164000000000,Unknown,0.4059064750976562
Gemstone-256x23,11,39591,166000000000,Unknown,0.4067849008789062
Gemstone-256x23,11,40068,168000000000,Unknown,0.4066217568359375
Gemstone-256x23,11,40545,170000000000,Unknown,0.4039456108398437
Gemstone-256x23,11,41022,172000000000,Unknown,0.4000862578125
Gemstone-256x23,11,41499,174000000000,Unknown,0.414846099609375
Gemstone-256x23,11,41976,176000000000,Unknown,0.396667732421875
Gemstone-256x23,11,42453,178000000000,Unknown,0.4008821889648437
Gemstone-256x23,11,42930,180000000000,Unknown,0.3976664624023437
Gemstone-256x23,11,43407,182000000000,Unknown,0.3965375151367187
Gemstone-256x23,11,43884,184000000000,Unknown,0.4007843061523437
Gemstone-256x23,11,44361,186000000000,Unknown,0.4005509399414062
Gemstone-256x23,11,44838,188000000000,Unknown,0.3967200307617187
Gemstone-256x23,11,45315,190000000000,Unknown,0.3906200693359375
Gemstone-256x23,11,45792,192000000000,Unknown,0.39792686328125
Gemstone-256x23,11,46269,194000000000,Unknown,0.3873545571289062
Gemstone-256x23,11,46746,196000000000,Unknown,0.3933301030273437
Gemstone-256x23,11,47223,198000000000,Unknown,0.3928695717773438
Gemstone-256x23,11,47700,200000000000,Unknown,0.387172625
Gemstone-256x23,11,48177,202000000000,Unknown,0.3930489624023437
Gemstone-256x23,11,48654,204000000000,Unknown,0.3973032778320312
Gemstone-256x23,11,49131,206000000000,Unknown,0.38460926953125
Gemstone-256x23,11,49608,208000000000,Unknown,0.38892763671875
Gemstone-256x23,11,50085,210000000000,Unknown,0.395584392578125
Gemstone-256x23,11,50562,212000000000,Unknown,0.3881227299804687
Gemstone-256x23,11,51039,214000000000,Unknown,0.3819185200195312
Gemstone-256x23,11,51516,216000000000,Unknown,0.3851194150390625
Gemstone-256x23,11,51993,218000000000,Unknown,0.388163603515625
Gemstone-256x23,11,52470,220000000000,Unknown,0.38732014453125
Gemstone-256x23,11,52947,222000000000,Unknown,0.3887672329101562
Gemstone-256x23,11,53424,224000000000,Unknown,0.3893336772460937
Gemstone-256x23,11,53901,226000000000,Unknown,0.3813961865234375
Gemstone-256x23,11,54378,228000000000,Unknown,0.3867636655273437
Gemstone-256x23,11,54855,230000000000,Unknown,0.3885508374023437
Gemstone-256x23,11,55332,232000000000,Unknown,0.3828995063476562
Gemstone-256x23,11,55809,234000000000,Unknown,0.3891280092773437
Gemstone-256x23,11,56286,236000000000,Unknown,0.3774451884765625
Gemstone-256x23,11,56763,238000000000,Unknown,0.3842492290039062
Gemstone-256x23,11,57240,240000000000,Unknown,0.3847248188476562
Gemstone-256x23,11,57717,242000000000,Unknown,0.3815651860351562
Gemstone-256x23,11,58194,244000000000,Unknown,0.381122888671875
Gemstone-256x23,11,58671,246000000000,Unknown,0.3864956235351562
Gemstone-256x23,11,59148,248000000000,Unknown,0.3800669565429687
Gemstone-256x23,11,59625,250000000000,Unknown,0.3840874970703125
Gemstone-256x23,11,60102,252000000000,Unknown,0.382371376953125
Gemstone-256x23,11,60579,254000000000,Unknown,0.3851302392578125
Gemstone-256x23,11,61056,256000000000,Unknown,0.3820806157226562
Gemstone-256x23,11,61533,258000000000,Unknown,0.3877539291992187
Gemstone-256x23,11,62010,260000000000,Unknown,0.3847057998046875
Gemstone-256x23,11,62487,262000000000,Unknown,0.3804185258789062
Gemstone-256x23,11,62964,264000000000,Unknown,0.3850572392578125
Gemstone-256x23,11,63441,266000000000,Unknown,0.38690695703125
Gemstone-256x23,11,63918,268000000000,Unknown,0.3879945434570312
Gemstone-256x23,11,64395,270000000000,Unknown,0.3822826215820312
Gemstone-256x23,11,64872,272000000000,Unknown,0.3812421450195312
Gemstone-256x23,11,65349,274000000000,Unknown,0.3780719868164062
Gemstone-256x23,11,65826,276000000000,Unknown,0.3832443916015625
Gemstone-256x23,11,66303,278000000000,Unknown,0.3864329106445312
Gemstone-256x23,11,66780,280000000000,Unknown,0.3821844521484375
Gemstone-256x23,11,67257,282000000000,Unknown,0.3853767192382812
Gemstone-256x23,11,67734,284000000000,Unknown,0.387013728515625
Gemstone-256x23,11,68211,286000000000,Unknown,0.3903250556640625
Gemstone-256x23,11,68688,288000000000,Unknown,0.3839407749023437
Gemstone-256x23,11,69165,290000000000,Unknown,0.3872456909179687
Gemstone-256x23,11,69642,292000000000,Unknown,0.38266635546875
Gemstone-256x23,11,70119,294000000000,Unknown,0.3855390336914062
Gemstone-256x23,11,70596,296000000000,Unknown,0.3847280932617187
Gemstone-256x23,11,71073,298000000000,Unknown,0.3897491005859375
Gemstone-256x23,11,71550,300000000000,Unknown,0.3857976342773437
Gemstone-256x23,11,72027,302000000000,Unknown,0.3867395126953125
Gemstone-256x23,11,72504,304000000000,Unknown,0.380741373046875
Gemstone-256x23,11,72981,306000000000,Unknown,0.37581312109375
Gemstone-256x23,11,73458,308000000000,Unknown,0.3786470698242187
Gemstone-256x23,11,73935,310000000000,Unknown,0.3827873896484375
Gemstone-256x23,11,74412,312000000000,Unknown,0.3806188979492187
Gemstone-256x23,11,74889,314000000000,Unknown,0.3846257177734375
Gemstone-256x23,11,75366,316000000000,Unknown,0.3800448798828125
Gemstone-256x23,11,75843,318000000000,Unknown,0.3784840043945312
Gemstone-256x23,11,76320,320000000000,Unknown,0.3817727744140625
Gemstone-256x23,11,76797,322000000000,Unknown,0.3809034916992188
Gemstone-256x23,11,77274,324000000000,Unknown,0.3873895053710937
Gemstone-256x23,11,77751,326000000000,Unknown,0.3818660356445312
Gemstone-256x23,11,78228,328000000000,Unknown,0.3820031865234375
Gemstone-256x23,11,78705,330000000000,Unknown,0.3806046513671875
Gemstone-256x23,11,79182,332000000000,Unknown,0.3790382202148437
Gemstone-256x23,11,79659,334000000000,Unknown,0.3831483422851562
Gemstone-256x23,11,80136,336000000000,Unknown,0.3866197412109375
Gemstone-256x23,11,80613,338000000000,Unknown,0.3831484536132812
Gemstone-256x23,11,81090,340000000000,Unknown,0.3848679233398437
Gemstone-256x23,11,81567,342000000000,Unknown,0.3779214228515625
Gemstone-256x23,11,82044,344000000000,Unknown,0.385399154296875
Gemstone-256x23,11,82521,346000000000,Unknown,0.3876353276367187
Gemstone-256x23,11,82998,348000000000,Huge,0.3873461357421875
Gemstone-256x23,12,954,4000000000,Unknown,0.1107569545898437
Gemstone-256x23,12,1431,6000000000,Unknown,0.1569711879882812
Gemstone-256x23,12,1908,8000000000,Unknown,0.238091564453125
Gemstone-256x23,12,2385,10000000000,Unknown,0.3099667543945312
Gemstone-256x23,12,2862,12000000000,Unknown,0.366377443359375
Gemstone-256x23,12,3339,14000000000,Unknown,0.4011557607421875
Gemstone-256x23,12,3816,16000000000,Unknown,0.428597732421875
Gemstone-256x23,12,4293,18000000000,Unknown,0.4601040458984375
Gemstone-256x23,12,4770,20000000000,Unknown,0.4689703017578125
Gemstone-256x23,12,5247,22000000000,Unknown,0.4735270537109375
Gemstone-256x23,12,5724,24000000000,Unknown,0.4860442109375
Gemstone-256x23,12,6201,26000000000,Unknown,0.48590101171875
Gemstone-256x23,12,6678,28000000000,Unknown,0.488478208984375
Gemstone-256x23,12,7155,30000000000,Unknown,0.491778662109375
Gemstone-256x23,12,7632,32000000000,Unknown,0.49330911328125
Gemstone-256x23,12,8109,34000000000,Unknown,0.49655183984375
Gemstone-256x23,12,8586,36000000000,Unknown,0.492614125
Gemstone-256x23,12,9063,38000000000,Unknown,0.4948507421875
Gemstone-256x23,12,9540,40000000000,Unknown,0.4892644775390625
Gemstone-256x23,12,10017,42000000000,Unknown,0.4909749853515625
Gemstone-256x23,12,10494,44000000000,Unknown,0.4847101953125
Gemstone-256x23,12,10971,46000000000,Unknown,0.47718221484375
Gemstone-256x23,12,11448,48000000000,Unknown,0.488595939453125
Gemstone-256x23,12,11925,50000000000,Unknown,0.4805707490234375
Gemstone-256x23,12,12402,52000000000,Unknown,0.482295201171875
Gemstone-256x23,12,12879,54000000000,Unknown,0.4715757470703125
Gemstone-256x23,12,13356,56000000000,Unknown,0.4870225966796875
Gemstone-256x23,12,13833,58000000000,Unknown,0.4826623896484375
Gemstone-256x23,12,14310,60000000000,Unknown,0.4749989150390625
Gemstone-256x23,12,14787,62000000000,Unknown,0.478419314453125
Gemstone-256x23,12,15264,64000000000,Unknown,0.47634253125
Gemstone-256x23,12,15741,66000000000,Unknown,0.4667605634765625
Gemstone-256x23,12,16218,68000000000,Unknown,0.478496876953125
Gemstone-256x23,12,16695,70000000000,Unknown,0.46908958203125
Gemstone-256x23,12,17172,72000000000,Unknown,0.4758601455078125
Gemstone-256x23,12,17649,74000000000,Unknown,0.4668716923828125
Gemstone-256x23,12,18126,76000000000,Unknown,0.47173832421875
Gemstone-256x23,12,18603,78000000000,Unknown,0.47525475
Gemstone-256x23,12,19080,80000000000,Unknown,0.46610669140625
Gemstone-256x23,12,19557,82000000000,Unknown,0.4662032607421875
Gemstone-256x23,12,20034,84000000000,Unknown,0.4668458798828125
Gemstone-256x23,12,20511,86000000000,Unknown,0.459693970703125
Gemstone-256x23,12,20988,88000000000,Unknown,0.46599893359375
Gemstone-256x23,12,21465,90000000000,Unknown,0.462684955078125
Gemstone-256x23,12,21942,92000000000,Unknown,0.466508380859375
Gemstone-256x23,12,22419,94000000000,Unknown,0.4590822919921875
Gemstone-256x23,12,22896,96000000000,Unknown,0.463542548828125
Gemstone-256x23,12,23373,98000000000,Unknown,0.462533103515625
Gemstone-256x23,12,23850,100000000000,Unknown,0.4565310361328125
Gemstone-256x23,12,24327,102000000000,Unknown,0.4574810751953125
Gemstone-256x23,12,24804,104000000000,Unknown,0.45026567578125
Gemstone-256x23,12,25281,106000000000,Unknown,0.454635625
Gemstone-256x23,12,25758,108000000000,Unknown,0.4500534560546875
Gemstone-256x23,12,26235,110000000000,Unknown,0.4540604482421875
Gemstone-256x23,12,26712,112000000000,Unknown,0.4527768203125
Gemstone-256x23,12,27189,114000000000,Unknown,0.4532389208984375
Gemstone-256x23,12,27666,116000000000,Unknown,0.442725970703125
Gemstone-256x23,12,28143,118000000000,Unknown,0.4489158857421875
Gemstone-256x23,12,28620,120000000000,Unknown,0.44530337890625
Gemstone-256x23,12,29097,122000000000,Unknown,0.445789404296875
Gemstone-256x23,12,29574,124000000000,Unknown,0.4385217412109375
Gemstone-256x23,12,30051,126000000000,Unknown,0.4494017197265625
Gemstone-256x23,12,30528,128000000000,Unknown,0.442831923828125
Gemstone-256x23,12,31005,130000000000,Unknown,0.4459932294921875
Gemstone-256x23,12,31482,132000000000,Unknown,0.4412170302734375
Gemstone-256x23,12,31959,134000000000,Unknown,0.435490380859375
Gemstone-256x23,12,32436,136000000000,Unknown,0.4308122060546875
Gemstone-256x23,12,32913,138000000000,Unknown,0.42759548046875
Gemstone-256x23,12,33390,140000000000,Unknown,0.43198293359375
Gemstone-256x23,12,33867,142000000000,Unknown,0.43175208203125
Gemstone-256x23,12,34344,144000000000,Unknown,0.426595609375
Gemstone-256x23,12,34821,146000000000,Unknown,0.424636201171875
Gemstone-256x23,12,35298,148000000000,Unknown,0.4249349892578125
Gemstone-256x23,12,35775,150000000000,Unknown,0.4180924296875
Gemstone-256x23,12,36252,152000000000,Unknown,0.414081673828125
Gemstone-256x23,12,36729,154000000000,Unknown,0.4176533935546875
Gemstone-256x23,12,37206,156000000000,Unknown,0.4196175400390625
Gemstone-256x23,12,37683,158000000000,Unknown,0.4126177177734375
Gemstone-256x23,12,38160,160000000000,Unknown,0.4157106328125
Gemstone-256x23,12,38637,162000000000,Unknown,0.4036350522460937
Gemstone-256x23,12,39114,164000000000,Unknown,0.4032110356445312
Gemstone-256x23,12,39591,166000000000,Unknown,0.4057454267578125
Gemstone-256x23,12,40068,168000000000,Unknown,0.4073110380859375
Gemstone-256x23,12,40545,170000000000,Unknown,0.402770765625
Gemstone-256x23,12,41022,172000000000,Unknown,0.3985660747070312
Gemstone-256x23,12,41499,174000000000,Unknown,0.41486869140625
Gemstone-256x23,12,41976,176000000000,Unknown,0.3943506157226562
Gemstone-256x23,12,42453,178000000000,Unknown,0.3978475434570312
Gemstone-256x23,12,42930,180000000000,Unknown,0.3960120395507812
Gemstone-256x23,12,43407,182000000000,Unknown,0.3950848745117187
Gemstone-256x23,12,43884,184000000000,Unknown,0.39845382421875
Gemstone-256x23,12,44361,186000000000,Unknown,0.3973082021484375
Gemstone-256x23,12,44838,188000000000,Unknown,0.3941658559570312
Gemstone-256x23,12,45315,190000000000,Unknown,0.387282712890625
Gemstone-256x23,12,45792,192000000000,Unknown,0.3937606748046875
Gemstone-256x23,12,46269,194000000000,Unknown,0.383847439453125
Gemstone-256x23,12,46746,196000000000,Unknown,0.3891646748046875
Gemstone-256x23,12,47223,198000000000,Unknown,0.389118404296875
Gemstone-256x23,12,47700,200000000000,Unknown,0.3829481645507812
Gemstone-256x23,12,48177,202000000000,Unknown,0.386284826171875
Gemstone-256x23,12,48654,204000000000,Unknown,0.3947545703125
Gemstone-256x23,12,49131,206000000000,Unknown,0.3807418891601563
Gemstone-256x23,12,49608,208000000000,Unknown,0.3853534375
Gemstone-256x23,12,50085,210000000000,Unknown,0.392787375
Gemstone-256x23,12,50562,212000000000,Unknown,0.3835570874023437
Gemstone-256x23,12,51039,214000000000,Unknown,0.3773049013671875
Gemstone-256x23,12,51516,216000000000,Unknown,0.38186095703125
Gemstone-256x23,12,51993,218000000000,Unknown,0.3835433076171875
Gemstone-256x23,12,52470,220000000000,Unknown,0.3831550483398437
Gemstone-256x23,12,52947,222000000000,Unknown,0.384222076171875
Gemstone-256x23,12,53424,224000000000,Unknown,0.3840264614257812
Gemstone-256x23,12,53901,226000000000,Unknown,0.375392447265625
Gemstone-256x23,12,54378,228000000000,Unknown,0.3817326298828125
Gemstone-256x23,12,54855,230000000000,Unknown,0.38380819140625
Gemstone-256x23,12,55332,232000000000,Unknown,0.3769838305664063
Gemstone-256x23,12,55809,234000000000,Unknown,0.3841151298828125
Gemstone-256x23,12,56286,236000000000,Unknown,0.3714383403320312
Gemstone-256x23,12,56763,238000000000,Unknown,0.3766031005859375
Gemstone-256x23,12,57240,240000000000,Unknown,0.3785213559570312
Gemstone-256x23,12,57717,242000000000,Unknown,0.3753819067382812
Gemstone-256x23,12,58194,244000000000,Unknown,0.374199134765625
Gemstone-256x23,12,58671,246000000000,Unknown,0.3813244921875
Gemstone-256x23,12,59148,248000000000,Unknown,0.3727217763671875
Gemstone-256x23,12,59625,250000000000,Unknown,0.376055892578125
Gemstone-256x23,12,60102,252000000000,Unknown,0.3765493764648437
Gemstone-256x23,12,60579,254000000000,Unknown,0.3788625126953125
Gemstone-256x23,12,61056,256000000000,Unknown,0.3762623598632812
Gemstone-256x23,12,61533,258000000000,Unknown,0.3808886665039062
Gemstone-256x23,12,62010,260000000000,Unknown,0.3758270092773437
Gemstone-256x23,12,62487,262000000000,Unknown,0.3731309287109375
Gemstone-256x23,12,62964,264000000000,Unknown,0.3771180717773437
Gemstone-256x23,12,63441,266000000000,Unknown,0.380636181640625
Gemstone-256x23,12,63918,268000000000,Unknown,0.380307314453125
Gemstone-256x23,12,64395,270000000000,Unknown,0.3758909555664062
Gemstone-256x23,12,64872,272000000000,Unknown,0.3736874877929687
Gemstone-256x23,12,65349,274000000000,Unknown,0.3691478203125
Gemstone-256x23,12,65826,276000000000,Unknown,0.374546150390625
Gemstone-256x23,12,66303,278000000000,Unknown,0.377852447265625
Gemstone-256x23,12,66780,280000000000,Unknown,0.3735537314453125
Gemstone-256x23,12,67257,282000000000,Unknown,0.3756364614257813
Gemstone-256x23,12,67734,284000000000,Unknown,0.3786086391601562
Gemstone-256x23,12,68211,286000000000,Unknown,0.383516302734375
Gemstone-256x23,12,68688,288000000000,Unknown,0.3757465986328125
Gemstone-256x23,12,69165,290000000000,Unknown,0.3788216704101562
Gemstone-256x23,12,69642,292000000000,Unknown,0.3732836372070312
Gemstone-256x23,12,70119,294000000000,Unknown,0.37807492578125
Gemstone-256x23,12,70596,296000000000,Unknown,0.3748196904296875
Gemstone-256x23,12,71073,298000000000,Unknown,0.3817017768554687
Gemstone-256x23,12,71550,300000000000,Unknown,0.3766866811523437
Gemstone-256x23,12,72027,302000000000,Unknown,0.37632413671875
Gemstone-256x23,12,72504,304000000000,Unknown,0.3735066030273437
Gemstone-256x23,12,72981,306000000000,Unknown,0.3654976635742187
Gemstone-256x23,12,73458,308000000000,Unknown,0.37055821484375
Gemstone-256x23,12,73935,310000000000,Unknown,0.3740919736328125
Gemstone-256x23,12,74412,312000000000,Unknown,0.3711079287109375
Gemstone-256x23,12,74889,314000000000,Unknown,0.3744888227539062
Gemstone-256x23,12,75366,316000000000,Unknown,0.371484732421875
Gemstone-256x23,12,75843,318000000000,Unknown,0.3703492451171875
Gemstone-256x23,12,76320,320000000000,Unknown,0.3736218764648437
Gemstone-256x23,12,76797,322000000000,Unknown,0.3719926455078125
Gemstone-256x23,12,77274,324000000000,Unknown,0.3779359921875
Gemstone-256x23,12,77751,326000000000,Unknown,0.3728734448242187
Gemstone-256x23,12,78228,328000000000,Unknown,0.37187407421875
Gemstone-256x23,12,78705,330000000000,Unknown,0.3715650161132812
Gemstone-256x23,12,79182,332000000000,Unknown,0.3700058447265625
Gemstone-256x23,12,79659,334000000000,Unknown,0.3747108872070313
Gemstone-256x23,12,80136,336000000000,Unknown,0.3781045205078125
Gemstone-256x23,12,80613,338000000000,Unknown,0.3749334296875
Gemstone-256x23,12,81090,340000000000,Unknown,0.376010724609375
Gemstone-256x23,12,81567,342000000000,Unknown,0.3696448037109375
Gemstone-256x23,12,82044,344000000000,Unknown,0.3783341591796875
Gemstone-256x23,12,82521,346000000000,Unknown,0.3789665
Gemstone-256x23,12,82998,348000000000,Huge,0.3786128369140625
Gemstone-256x23,13,954,4000000000,Unknown,0.1161073820800781
Gemstone-256x23,13,1431,6000000000,Unknown,0.1596784692382812
Gemstone-256x23,13,1908,8000000000,Unknown,0.2430959331054687
Gemstone-256x23,13,2385,10000000000,Unknown,0.3105819248046875
Gemstone-256x23,13,2862,12000000000,Unknown,0.367154703125
Gemstone-256x23,13,3339,14000000000,Unknown,0.4009971376953125
Gemstone-256x23,13,3816,16000000000,Unknown,0.4292623515625
Gemstone-256x23,13,4293,18000000000,Unknown,0.46071592578125
Gemstone-256x23,13,4770,20000000000,Unknown,0.468701990234375
Gemstone-256x23,13,5247,22000000000,Unknown,0.472761513671875
Gemstone-256x23,13,5724,24000000000,Unknown,0.4843192724609375
Gemstone-256x23,13,6201,26000000000,Unknown,0.4848576259765625
Gemstone-256x23,13,6678,28000000000,Unknown,0.485924369140625
Gemstone-256x23,13,7155,30000000000,Unknown,0.4908416943359375
Gemstone-256x23,13,7632,32000000000,Unknown,0.4907944228515625
Gemstone-256x23,13,8109,34000000000,Unknown,0.4947871240234375
Gemstone-256x23,13,8586,36000000000,Unknown,0.4901859365234375
Gemstone-256x23,13,9063,38000000000,Unknown,0.49248776953125
Gemstone-256x23,13,9540,40000000000,Unknown,0.4870092060546875
Gemstone-256x23,13,10017,42000000000,Unknown,0.48807880859375
Gemstone-256x23,13,10494,44000000000,Unknown,0.4800972802734375
Gemstone-256x23,13,10971,46000000000,Unknown,0.4732537568359375
Gemstone-256x23,13,11448,48000000000,Unknown,0.4838710615234375
Gemstone-256x23,13,11925,50000000000,Unknown,0.4772120400390625
Gemstone-256x23,13,12402,52000000000,Unknown,0.4782317373046875
Gemstone-256x23,13,12879,54000000000,Unknown,0.4674032763671875
Gemstone-256x23,13,13356,56000000000,Unknown,0.483459611328125
Gemstone-256x23,13,13833,58000000000,Unknown,0.4808522763671875
Gemstone-256x23,13,14310,60000000000,Unknown,0.4719200546875
Gemstone-256x23,13,14787,62000000000,Unknown,0.473918693359375
Gemstone-256x23,13,15264,64000000000,Unknown,0.473551859375
Gemstone-256x23,13,15741,66000000000,Unknown,0.464111
Gemstone-256x23,13,16218,68000000000,Unknown,0.474933869140625
Gemstone-256x23,13,16695,70000000000,Unknown,0.466782978515625
Gemstone-256x23,13,17172,72000000000,Unknown,0.4708590537109375
Gemstone-256x23,13,17649,74000000000,Unknown,0.4624815166015625
Gemstone-256x23,13,18126,76000000000,Unknown,0.46768960546875
Gemstone-256x23,13,18603,78000000000,Unknown,0.4713592685546875
Gemstone-256x23,13,19080,80000000000,Unknown,0.46286047265625
Gemstone-256x23,13,19557,82000000000,Unknown,0.461008791015625
Gemstone-256x23,13,20034,84000000000,Unknown,0.4608131328125
Gemstone-256x23,13,20511,86000000000,Unknown,0.4562391435546875
Gemstone-256x23,13,20988,88000000000,Unknown,0.462071244140625
Gemstone-256x23,13,21465,90000000000,Unknown,0.4600044814453125
Gemstone-256x23,13,21942,92000000000,Unknown,0.4628050029296875
Gemstone-256x23,13,22419,94000000000,Unknown,0.455871740234375
Gemstone-256x23,13,22896,96000000000,Unknown,0.4594078193359375
Gemstone-256x23,13,23373,98000000000,Unknown,0.4584687099609375
Gemstone-256x23,13,23850,100000000000,Unknown,0.4528303544921875
Gemstone-256x23,13,24327,102000000000,Unknown,0.45463757421875
Gemstone-256x23,13,24804,104000000000,Unknown,0.4480702958984375
Gemstone-256x23,13,25281,106000000000,Unknown,0.450978078125
Gemstone-256x23,13,25758,108000000000,Unknown,0.4477732685546875
Gemstone-256x23,13,26235,110000000000,Unknown,0.45037849609375
Gemstone-256x23,13,26712,112000000000,Unknown,0.4500439970703125
Gemstone-256x23,13,27189,114000000000,Unknown,0.4503250654296875
Gemstone-256x23,13,27666,116000000000,Unknown,0.441463822265625
Gemstone-256x23,13,28143,118000000000,Unknown,0.446679232421875
Gemstone-256x23,13,28620,120000000000,Unknown,0.44252494140625
Gemstone-256x23,13,29097,122000000000,Unknown,0.444049619140625
Gemstone-256x23,13,29574,124000000000,Unknown,0.43683542578125
Gemstone-256x23,13,30051,126000000000,Unknown,0.4473525380859375
Gemstone-256x23,13,30528,128000000000,Unknown,0.44094658984375
Gemstone-256x23,13,31005,130000000000,Unknown,0.4457649970703125
Gemstone-256x23,13,31482,132000000000,Unknown,0.43969994921875
Gemstone-256x23,13,31959,134000000000,Unknown,0.4337327919921875
Gemstone-256x23,13,32436,136000000000,Unknown,0.4285556142578125
Gemstone-256x23,13,32913,138000000000,Unknown,0.4278246015625
Gemstone-256x23,13,33390,140000000000,Unknown,0.4319805185546875
Gemstone-256x23,13,33867,142000000000,Unknown,0.4311990546875
Gemstone-256x23,13,34344,144000000000,Unknown,0.425396267578125
Gemstone-256x23,13,34821,146000000000,Unknown,0.4254164951171875
Gemstone-256x23,13,35298,148000000000,Unknown,0.4235600302734375
Gemstone-256x23,13,35775,150000000000,Unknown,0.4174479033203125
Gemstone-256x23,13,36252,152000000000,Unknown,0.4140364130859375
Gemstone-256x23,13,36729,154000000000,Unknown,0.4184290458984375
Gemstone-256x23,13,37206,156000000000,Unknown,0.4207319189453125
Gemstone-256x23,13,37683,158000000000,Unknown,0.4111875708007813
Gemstone-256x23,13,38160,160000000000,Unknown,0.416531998046875
Gemstone-256x23,13,38637,162000000000,Unknown,0.405252462890625
Gemstone-256x23,13,39114,164000000000,Unknown,0.4046070732421875
Gemstone-256x23,13,39591,166000000000,Unknown,0.4069770048828125
Gemstone-256x23,13,40068,168000000000,Unknown,0.4083581176757812
Gemstone-256x23,13,40545,170000000000,Unknown,0.404603603515625
Gemstone-256x23,13,41022,172000000000,Unknown,0.4005929892578125
Gemstone-256x23,13,41499,174000000000,Unknown,0.4184964658203125
Gemstone-256x23,13,41976,176000000000,Unknown,0.396306318359375
Gemstone-256x23,13,42453,178000000000,Unknown,0.3994052377929687
Gemstone-256x23,13,42930,180000000000,Unknown,0.3993713627929687
Gemstone-256x23,13,43407,182000000000,Unknown,0.3979227998046875
Gemstone-256x23,13,43884,184000000000,Unknown,0.4024055444335938
Gemstone-256x23,13,44361,186000000000,Unknown,0.4012396958007812
Gemstone-256x23,13,44838,188000000000,Unknown,0.3982442934570313
Gemstone-256x23,13,45315,190000000000,Unknown,0.390607943359375
Gemstone-256x23,13,45792,192000000000,Unknown,0.39742732421875
Gemstone-256x23,13,46269,194000000000,Unknown,0.38701643359375
Gemstone-256x23,13,46746,196000000000,Unknown,0.3934134135742188
Gemstone-256x23,13,47223,198000000000,Unknown,0.391504455078125
Gemstone-256x23,13,47700,200000000000,Unknown,0.3871246870117187
Gemstone-256x23,13,48177,202000000000,Unknown,0.3894690551757812
Gemstone-256x23,13,48654,204000000000,Unknown,0.398572525390625
Gemstone-256x23,13,49131,206000000000,Unknown,0.3848382358398437
Gemstone-256x23,13,49608,208000000000,Unknown,0.3907010141601562
Gemstone-256x23,13,50085,210000000000,Unknown,0.3982672939453125
Gemstone-256x23,13,50562,212000000000,Unknown,0.3895230131835937
Gemstone-256x23,13,51039,214000000000,Unknown,0.38193494921875
Gemstone-256x23,13,51516,216000000000,Unknown,0.3876440141601562
Gemstone-256x23,13,51993,218000000000,Unknown,0.389285171875
Gemstone-256x23,13,52470,220000000000,Unknown,0.3896044555664062
Gemstone-256x23,13,52947,222000000000,Unknown,0.39024130078125
Gemstone-256x23,13,53424,224000000000,Unknown,0.3900392563476562
Gemstone-256x23,13,53901,226000000000,Unknown,0.3797104775390625
Gemstone-256x23,13,54378,228000000000,Unknown,0.3887806791992187
Gemstone-256x23,13,54855,230000000000,Unknown,0.3901341142578125
Gemstone-256x23,13,55332,232000000000,Unknown,0.38319178125
Gemstone-256x23,13,55809,234000000000,Unknown,0.3906727456054688
Gemstone-256x23,13,56286,236000000000,Unknown,0.3783397563476562
Gemstone-256x23,13,56763,238000000000,Unknown,0.3844101752929687
Gemstone-256x23,13,57240,240000000000,Unknown,0.3860409350585937
Gemstone-256x23,13,57717,242000000000,Unknown,0.382858849609375
Gemstone-256x23,13,58194,244000000000,Unknown,0.3808342934570312
Gemstone-256x23,13,58671,246000000000,Unknown,0.38924596875
Gemstone-256x23,13,59148,248000000000,Unknown,0.3802666333007812
Gemstone-256x23,13,59625,250000000000,Unknown,0.3843449916992187
Gemstone-256x23,13,60102,252000000000,Unknown,0.3842162314453125
Gemstone-256x23,13,60579,254000000000,Unknown,0.3871103076171875
Gemstone-256x23,13,61056,256000000000,Unknown,0.3845455610351562
Gemstone-256x23,13,61533,258000000000,Unknown,0.3892801225585937
Gemstone-256x23,13,62010,260000000000,Unknown,0.3846931772460937
Gemstone-256x23,13,62487,262000000000,Unknown,0.3813752880859375
Gemstone-256x23,13,62964,264000000000,Unknown,0.3864169775390625
Gemstone-256x23,13,63441,266000000000,Unknown,0.3895815620117187
Gemstone-256x23,13,63918,268000000000,Unknown,0.3897778984375
Gemstone-256x23,13,64395,270000000000,Unknown,0.3841349038085938
Gemstone-256x23,13,64872,272000000000,Unknown,0.3820552124023437
Gemstone-256x23,13,65349,274000000000,Unknown,0.37775016015625
Gemstone-256x23,13,65826,276000000000,Unknown,0.383570126953125
Gemstone-256x23,13,66303,278000000000,Unknown,0.3866695805664062
Gemstone-256x23,13,66780,280000000000,Unknown,0.381791865234375
Gemstone-256x23,13,67257,282000000000,Unknown,0.3855055971679687
Gemstone-256x23,13,67734,284000000000,Unknown,0.38971555078125
Gemstone-256x23,13,68211,286000000000,Unknown,0.3937496806640625
Gemstone-256x23,13,68688,288000000000,Unknown,0.3865030244140625
Gemstone-256x23,13,69165,290000000000,Unknown,0.3876507231445312
Gemstone-256x23,13,69642,292000000000,Unknown,0.3836949736328125
Gemstone-256x23,13,70119,294000000000,Unknown,0.3886046420898437
Gemstone-256x23,13,70596,296000000000,Unknown,0.38455976171875
Gemstone-256x23,13,71073,298000000000,Unknown,0.3919458544921875
Gemstone-256x23,13,71550,300000000000,Unknown,0.3858448735351562
Gemstone-256x23,13,72027,302000000000,Unknown,0.3863745659179687
Gemstone-256x23,13,72504,304000000000,Unknown,0.384550228515625
Gemstone-256x23,13,72981,306000000000,Unknown,0.37504710546875
Gemstone-256x23,13,73458,308000000000,Unknown,0.3800802700195312
Gemstone-256x23,13,73935,310000000000,Unknown,0.3835399125976562
Gemstone-256x23,13,74412,312000000000,Unknown,0.3819830263671875
Gemstone-256x23,13,74889,314000000000,Unknown,0.3855745073242188
Gemstone-256x23,13,75366,316000000000,Unknown,0.3823716982421875
Gemstone-256x23,13,75843,318000000000,Unknown,0.380513349609375
Gemstone-256x23,13,76320,320000000000,Unknown,0.3843494223632812
Gemstone-256x23,13,76797,322000000000,Unknown,0.3817696259765625
Gemstone-256x23,13,77274,324000000000,Unknown,0.3884848173828125
Gemstone-256x23,13,77751,326000000000,Unknown,0.3849224692382813
Gemstone-256x23,13,78228,328000000000,Unknown,0.3828635615234375
Gemstone-256x23,13,78705,330000000000,Unknown,0.3815340122070312
Gemstone-256x23,13,79182,332000000000,Unknown,0.3816603334960937
Gemstone-256x23,13,79659,334000000000,Unknown,0.3860654677734375
Gemstone-256x23,13,80136,336000000000,Unknown,0.3879549052734375
Gemstone-256x23,13,80613,338000000000,Unknown,0.3842107182617187
Gemstone-256x23,13,81090,340000000000,Unknown,0.387084130859375
Gemstone-256x23,13,81567,342000000000,Unknown,0.3796591591796875
Gemstone-256x23,13,82044,344000000000,Unknown,0.389394330078125
Gemstone-256x23,13,82521,346000000000,Unknown,0.3912179565429687
Gemstone-256x23,13,82998,348000000000,Huge,0.389424681640625
Gemstone-256x23,14,954,4000000000,Unknown,0.1312950407714843
Gemstone-256x23,14,1431,6000000000,Unknown,0.1687990432128906
Gemstone-256x23,14,1908,8000000000,Unknown,0.252185009765625
Gemstone-256x23,14,2385,10000000000,Unknown,0.3180684765625
Gemstone-256x23,14,2862,12000000000,Unknown,0.3727501064453125
Gemstone-256x23,14,3339,14000000000,Unknown,0.401792484375
Gemstone-256x23,14,3816,16000000000,Unknown,0.4288536044921875
Gemstone-256x23,14,4293,18000000000,Unknown,0.4603550419921875
Gemstone-256x23,14,4770,20000000000,Unknown,0.4693304248046875
Gemstone-256x23,14,5247,22000000000,Unknown,0.472287986328125
Gemstone-256x23,14,5724,24000000000,Unknown,0.4862412431640625
Gemstone-256x23,14,6201,26000000000,Unknown,0.49039498046875
Gemstone-256x23,14,6678,28000000000,Unknown,0.4907171435546875
Gemstone-256x23,14,7155,30000000000,Unknown,0.4937325478515625
Gemstone-256x23,14,7632,32000000000,Unknown,0.4951743681640625
Gemstone-256x23,14,8109,34000000000,Unknown,0.500473181640625
Gemstone-256x23,14,8586,36000000000,Unknown,0.4948175029296875
Gemstone-256x23,14,9063,38000000000,Unknown,0.498333638671875
Gemstone-256x23,14,9540,40000000000,Unknown,0.4946668857421875
Gemstone-256x23,14,10017,42000000000,Unknown,0.4951794296875
Gemstone-256x23,14,10494,44000000000,Unknown,0.4896877958984375
Gemstone-256x23,14,10971,46000000000,Unknown,0.4847356611328125
Gemstone-256x23,14,11448,48000000000,Unknown,0.49716698828125
Gemstone-256x23,14,11925,50000000000,Unknown,0.490259330078125
Gemstone-256x23,14,12402,52000000000,Unknown,0.4941797822265625
Gemstone-256x23,14,12879,54000000000,Unknown,0.483823556640625
Gemstone-256x23,14,13356,56000000000,Unknown,0.4980429755859375
Gemstone-256x23,14,13833,58000000000,Unknown,0.497337353515625
Gemstone-256x23,14,14310,60000000000,Unknown,0.4880104130859375
Gemstone-256x23,14,14787,62000000000,Unknown,0.4903905244140625
Gemstone-256x23,14,15264,64000000000,Unknown,0.4886902900390625
Gemstone-256x23,14,15741,66000000000,Unknown,0.48070808203125
Gemstone-256x23,14,16218,68000000000,Unknown,0.4925170439453125
Gemstone-256x23,14,16695,70000000000,Unknown,0.48606353515625
Gemstone-256x23,14,17172,72000000000,Unknown,0.487742353515625
Gemstone-256x23,14,17649,74000000000,Unknown,0.4818975107421875
Gemstone-256x23,14,18126,76000000000,Unknown,0.4863893359375
Gemstone-256x23,14,18603,78000000000,Unknown,0.48814305859375
Gemstone-256x23,14,19080,80000000000,Unknown,0.4826528212890625
Gemstone-256x23,14,19557,82000000000,Unknown,0.4816848447265625
Gemstone-256x23,14,20034,84000000000,Unknown,0.48135300390625
Gemstone-256x23,14,20511,86000000000,Unknown,0.4742383603515625
Gemstone-256x23,14,20988,88000000000,Unknown,0.4817749853515625
Gemstone-256x23,14,21465,90000000000,Unknown,0.4797954736328125
Gemstone-256x23,14,21942,92000000000,Unknown,0.481848728515625
Gemstone-256x23,14,22419,94000000000,Unknown,0.4774999775390625
Gemstone-256x23,14,22896,96000000000,Unknown,0.4784432705078125
Gemstone-256x23,14,23373,98000000000,Unknown,0.479856591796875
Gemstone-256x23,14,23850,100000000000,Unknown,0.473869658203125
Gemstone-256x23,14,24327,102000000000,Unknown,0.4741452802734375
Gemstone-256x23,14,24804,104000000000,Unknown,0.470726150390625
Gemstone-256x23,14,25281,106000000000,Unknown,0.47435149609375
Gemstone-256x23,14,25758,108000000000,Unknown,0.4666183837890625
Gemstone-256x23,14,26235,110000000000,Unknown,0.4744800458984375
Gemstone-256x23,14,26712,112000000000,Unknown,0.47291716015625
Gemstone-256x23,14,27189,114000000000,Unknown,0.4743851953125
Gemstone-256x23,14,27666,116000000000,Unknown,0.46548810546875
Gemstone-256x23,14,28143,118000000000,Unknown,0.4696455498046875
Gemstone-256x23,14,28620,120000000000,Unknown,0.466514111328125
Gemstone-256x23,14,29097,122000000000,Unknown,0.467989134765625
Gemstone-256x23,14,29574,124000000000,Unknown,0.4622334658203125
Gemstone-256x23,14,30051,126000000000,Unknown,0.471704236328125
Gemstone-256x23,14,30528,128000000000,Unknown,0.4655199287109375
Gemstone-256x23,14,31005,130000000000,Unknown,0.4713102216796875
Gemstone-256x23,14,31482,132000000000,Unknown,0.4636836376953125
Gemstone-256x23,14,31959,134000000000,Unknown,0.4605039580078125
Gemstone-256x23,14,32436,136000000000,Unknown,0.4571231455078125
Gemstone-256x23,14,32913,138000000000,Unknown,0.4531394208984375
Gemstone-256x23,14,33390,140000000000,Unknown,0.45925094140625
Gemstone-256x23,14,33867,142000000000,Unknown,0.4589915615234375
Gemstone-256x23,14,34344,144000000000,Unknown,0.450688154296875
Gemstone-256x23,14,34821,146000000000,Unknown,0.4509790341796875
Gemstone-256x23,14,35298,148000000000,Unknown,0.4469295302734375
Gemstone-256x23,14,35775,150000000000,Unknown,0.441732982421875
Gemstone-256x23,14,36252,152000000000,Unknown,0.4369501845703125
Gemstone-256x23,14,36729,154000000000,Unknown,0.4422492080078125
Gemstone-256x23,14,37206,156000000000,Unknown,0.442793025390625
Gemstone-256x23,14,37683,158000000000,Unknown,0.4317569990234375
Gemstone-256x23,14,38160,160000000000,Unknown,0.4354518896484375
Gemstone-256x23,14,38637,162000000000,Unknown,0.42742409765625
Gemstone-256x23,14,39114,164000000000,Unknown,0.42553032421875
Gemstone-256x23,14,39591,166000000000,Unknown,0.4253952705078125
Gemstone-256x23,14,40068,168000000000,Unknown,0.426548384765625
Gemstone-256x23,14,40545,170000000000,Unknown,0.4246035556640625
Gemstone-256x23,14,41022,172000000000,Unknown,0.4189703759765625
Gemstone-256x23,14,41499,174000000000,Unknown,0.4376959990234375
Gemstone-256x23,14,41976,176000000000,Unknown,0.4173653701171875
Gemstone-256x23,14,42453,178000000000,Unknown,0.41838983984375
Gemstone-256x23,14,42930,180000000000,Unknown,0.419691935546875
Gemstone-256x23,14,43407,182000000000,Unknown,0.4174358984375
Gemstone-256x23,14,43884,184000000000,Unknown,0.4227373203125
Gemstone-256x23,14,44361,186000000000,Unknown,0.418723650390625
Gemstone-256x23,14,44838,188000000000,Unknown,0.4167648212890625
Gemstone-256x23,14,45315,190000000000,Unknown,0.40718911328125
Gemstone-256x23,14,45792,192000000000,Unknown,0.4176875673828125
Gemstone-256x23,14,46269,194000000000,Unknown,0.4064512514648437
Gemstone-256x23,14,46746,196000000000,Unknown,0.4124375087890625
Gemstone-256x23,14,47223,198000000000,Unknown,0.4098434252929687
Gemstone-256x23,14,47700,200000000000,Unknown,0.4050124165039062
Gemstone-256x23,14,48177,202000000000,Unknown,0.407059607421875
Gemstone-256x23,14,48654,204000000000,Unknown,0.4138273154296875
Gemstone-256x23,14,49131,206000000000,Unknown,0.403748697265625
Gemstone-256x23,14,49608,208000000000,Unknown,0.4087780581054687
Gemstone-256x23,14,50085,210000000000,Unknown,0.4148389013671875
Gemstone-256x23,14,50562,212000000000,Unknown,0.4076764116210937
Gemstone-256x23,14,51039,214000000000,Unknown,0.3985375004882812
Gemstone-256x23,14,51516,216000000000,Unknown,0.4061309272460937
Gemstone-256x23,14,51993,218000000000,Unknown,0.4067572778320312
Gemstone-256x23,14,52470,220000000000,Unknown,0.4073518090820312
Gemstone-256x23,14,52947,222000000000,Unknown,0.4089268837890625
Gemstone-256x23,14,53424,224000000000,Unknown,0.4084274204101562
Gemstone-256x23,14,53901,226000000000,Unknown,0.3972541010742187
Gemstone-256x23,14,54378,228000000000,Unknown,0.4050134936523437
Gemstone-256x23,14,54855,230000000000,Unknown,0.4082428940429687
Gemstone-256x23,14,55332,232000000000,Unknown,0.398085220703125
Gemstone-256x23,14,55809,234000000000,Unknown,0.4044095424804687
Gemstone-256x23,14,56286,236000000000,Unknown,0.395503048828125
Gemstone-256x23,14,56763,238000000000,Unknown,0.40229740234375
Gemstone-256x23,14,57240,240000000000,Unknown,0.4020518173828125
Gemstone-256x23,14,57717,242000000000,Unknown,0.3979128608398437
Gemstone-256x23,14,58194,244000000000,Unknown,0.3983594306640625
Gemstone-256x23,14,58671,246000000000,Unknown,0.4057706552734375
Gemstone-256x23,14,59148,248000000000,Unknown,0.3953559169921875
Gemstone-256x23,14,59625,250000000000,Unknown,0.4003152104492187
Gemstone-256x23,14,60102,252000000000,Unknown,0.40124023828125
Gemstone-256x23,14,60579,254000000000,Unknown,0.401913173828125
Gemstone-256x23,14,61056,256000000000,Unknown,0.4004008247070312
Gemstone-256x23,14,61533,258000000000,Unknown,0.4048980834960937
Gemstone-256x23,14,62010,260000000000,Unknown,0.4003221323242187
Gemstone-256x23,14,62487,262000000000,Unknown,0.396107671875
Gemstone-256x23,14,62964,264000000000,Unknown,0.4025273139648437
Gemstone-256x23,14,63441,266000000000,Unknown,0.4034414404296875
Gemstone-256x23,14,63918,268000000000,Unknown,0.4041556313476562
Gemstone-256x23,14,64395,270000000000,Unknown,0.39684095703125
Gemstone-256x23,14,64872,272000000000,Unknown,0.3938030239257812
Gemstone-256x23,14,65349,274000000000,Unknown,0.3922401201171875
Gemstone-256x23,14,65826,276000000000,Unknown,0.3976075200195312
Gemstone-256x23,14,66303,278000000000,Unknown,0.4001470512695312
Gemstone-256x23,14,66780,280000000000,Unknown,0.3951951220703125
Gemstone-256x23,14,67257,282000000000,Unknown,0.3995958041992187
Gemstone-256x23,14,67734,284000000000,Unknown,0.4021471845703125
Gemstone-256x23,14,68211,286000000000,Unknown,0.4073808139648437
Gemstone-256x23,14,68688,288000000000,Unknown,0.3995569985351562
Gemstone-256x23,14,69165,290000000000,Unknown,0.3985037504882812
Gemstone-256x23,14,69642,292000000000,Unknown,0.3969435297851562
Gemstone-256x23,14,70119,294000000000,Unknown,0.4021236650390625
Gemstone-256x23,14,70596,296000000000,Unknown,0.3965368720703125
Gemstone-256x23,14,71073,298000000000,Unknown,0.4022870703125
Gemstone-256x23,14,71550,300000000000,Unknown,0.3991833461914063
Gemstone-256x23,14,72027,302000000000,Unknown,0.3996616391601562
Gemstone-256x23,14,72504,304000000000,Unknown,0.3977320131835937
Gemstone-256x23,14,72981,306000000000,Unknown,0.387649447265625
Gemstone-256x23,14,73458,308000000000,Unknown,0.3924525717773438
Gemstone-256x23,14,73935,310000000000,Unknown,0.3964247456054687
Gemstone-256x23,14,74412,312000000000,Unknown,0.3960622353515625
Gemstone-256x23,14,74889,314000000000,Unknown,0.3979885532226562
Gemstone-256x23,14,75366,316000000000,Unknown,0.3959184013671875
Gemstone-256x23,14,75843,318000000000,Unknown,0.3930112485351562
Gemstone-256x23,14,76320,320000000000,Unknown,0.3971000859375
Gemstone-256x23,14,76797,322000000000,Unknown,0.3943978657226562
Gemstone-256x23,14,77274,324000000000,Unknown,0.3987338530273437
Gemstone-256x23,14,77751,326000000000,Unknown,0.3972571411132812
Gemstone-256x23,14,78228,328000000000,Unknown,0.3949827407226562
Gemstone-256x23,14,78705,330000000000,Unknown,0.3933925698242188
Gemstone-256x23,14,79182,332000000000,Unknown,0.3919075751953125
Gemstone-256x23,14,79659,334000000000,Unknown,0.3973530390625
Gemstone-256x23,14,80136,336000000000,Unknown,0.39881421484375
Gemstone-256x23,14,80613,338000000000,Unknown,0.3948928901367187
Gemstone-256x23,14,81090,340000000000,Unknown,0.3998318774414062
Gemstone-256x23,14,81567,342000000000,Unknown,0.39050489453125
Gemstone-256x23,14,82044,344000000000,Unknown,0.4006789130859375
Gemstone-256x23,14,82521,346000000000,Unknown,0.4009646416015625
Gemstone-256x23,14,82998,348000000000,Huge,0.4007153701171875
Gemstone-256x23,15,954,4000000000,Unknown,0.1442895859375
Gemstone-256x23,15,1431,6000000000,Unknown,0.1838649250488281
Gemstone-256x23,15,1908,8000000000,Unknown,0.2688554072265625
Gemstone-256x23,15,2385,10000000000,Unknown,0.3354130673828125
Gemstone-256x23,15,2862,12000000000,Unknown,0.385854470703125
Gemstone-256x23,15,3339,14000000000,Unknown,0.4116158486328125
Gemstone-256x23,15,3816,16000000000,Unknown,0.4350310166015625
Gemstone-256x23,15,4293,18000000000,Unknown,0.4706503466796875
Gemstone-256x23,15,4770,20000000000,Unknown,0.476335
Gemstone-256x23,15,5247,22000000000,Unknown,0.4790968544921875
Gemstone-256x23,15,5724,24000000000,Unknown,0.489694349609375
Gemstone-256x23,15,6201,26000000000,Unknown,0.496223453125
Gemstone-256x23,15,6678,28000000000,Unknown,0.49486412109375
Gemstone-256x23,15,7155,30000000000,Unknown,0.4988357744140625
Gemstone-256x23,15,7632,32000000000,Unknown,0.501611037109375
Gemstone-256x23,15,8109,34000000000,Unknown,0.504905458984375
Gemstone-256x23,15,8586,36000000000,Unknown,0.5004990009765625
Gemstone-256x23,15,9063,38000000000,Unknown,0.5024088330078125
Gemstone-256x23,15,9540,40000000000,Unknown,0.4975898388671875
Gemstone-256x23,15,10017,42000000000,Unknown,0.4989585458984375
Gemstone-256x23,15,10494,44000000000,Unknown,0.494209390625
Gemstone-256x23,15,10971,46000000000,Unknown,0.4893030537109375
Gemstone-256x23,15,11448,48000000000,Unknown,0.5047810693359375
Gemstone-256x23,15,11925,50000000000,Unknown,0.495151576171875
Gemstone-256x23,15,12402,52000000000,Unknown,0.5001131103515625
Gemstone-256x23,15,12879,54000000000,Unknown,0.4909126474609375
Gemstone-256x23,15,13356,56000000000,Unknown,0.5031847099609374
Gemstone-256x23,15,13833,58000000000,Unknown,0.5025416044921875
Gemstone-256x23,15,14310,60000000000,Unknown,0.49408355078125
Gemstone-256x23,15,14787,62000000000,Unknown,0.49616629296875
Gemstone-256x23,15,15264,64000000000,Unknown,0.4949289814453125
Gemstone-256x23,15,15741,66000000000,Unknown,0.486904201171875
Gemstone-256x23,15,16218,68000000000,Unknown,0.49738425
Gemstone-256x23,15,16695,70000000000,Unknown,0.4907424130859375
Gemstone-256x23,15,17172,72000000000,Unknown,0.49478976953125
Gemstone-256x23,15,17649,74000000000,Unknown,0.4870515029296875
Gemstone-256x23,15,18126,76000000000,Unknown,0.4930028583984375
Gemstone-256x23,15,18603,78000000000,Unknown,0.49204591015625
Gemstone-256x23,15,19080,80000000000,Unknown,0.4902829296875
Gemstone-256x23,15,19557,82000000000,Unknown,0.48739975
Gemstone-256x23,15,20034,84000000000,Unknown,0.4888999189453125
Gemstone-256x23,15,20511,86000000000,Unknown,0.478599072265625
Gemstone-256x23,15,20988,88000000000,Unknown,0.4888492021484375
Gemstone-256x23,15,21465,90000000000,Unknown,0.4855508583984375
Gemstone-256x23,15,21942,92000000000,Unknown,0.487868994140625
Gemstone-256x23,15,22419,94000000000,Unknown,0.4833387431640625
Gemstone-256x23,15,22896,96000000000,Unknown,0.4843190283203125
Gemstone-256x23,15,23373,98000000000,Unknown,0.4852669013671875
Gemstone-256x23,15,23850,100000000000,Unknown,0.478484568359375
Gemstone-256x23,15,24327,102000000000,Unknown,0.478682462890625
Gemstone-256x23,15,24804,104000000000,Unknown,0.4760602265625
Gemstone-256x23,15,25281,106000000000,Unknown,0.48119930859375
Gemstone-256x23,15,25758,108000000000,Unknown,0.4700119296875
Gemstone-256x23,15,26235,110000000000,Unknown,0.47891009765625
Gemstone-256x23,15,26712,112000000000,Unknown,0.47774428515625
Gemstone-256x23,15,27189,114000000000,Unknown,0.4781347490234375
Gemstone-256x23,15,27666,116000000000,Unknown,0.4685800185546875
Gemstone-256x23,15,28143,118000000000,Unknown,0.4744948720703125
Gemstone-256x23,15,28620,120000000000,Unknown,0.4711955244140625
Gemstone-256x23,15,29097,122000000000,Unknown,0.4709085888671875
Gemstone-256x23,15,29574,124000000000,Unknown,0.467571443359375
Gemstone-256x23,15,30051,126000000000,Unknown,0.4762900859375
Gemstone-256x23,15,30528,128000000000,Unknown,0.4699704736328125
Gemstone-256x23,15,31005,130000000000,Unknown,0.474892845703125
Gemstone-256x23,15,31482,132000000000,Unknown,0.46514755859375
Gemstone-256x23,15,31959,134000000000,Unknown,0.464344115234375
Gemstone-256x23,15,32436,136000000000,Unknown,0.4592879169921875
Gemstone-256x23,15,32913,138000000000,Unknown,0.4539303974609375
Gemstone-256x23,15,33390,140000000000,Unknown,0.4611344130859375
Gemstone-256x23,15,33867,142000000000,Unknown,0.46036370703125
Gemstone-256x23,15,34344,144000000000,Unknown,0.4530503046875
Gemstone-256x23,15,34821,146000000000,Unknown,0.4538638525390625
Gemstone-256x23,15,35298,148000000000,Unknown,0.4498359013671875
Gemstone-256x23,15,35775,150000000000,Unknown,0.4462568505859375
Gemstone-256x23,15,36252,152000000000,Unknown,0.4420633583984375
Gemstone-256x23,15,36729,154000000000,Unknown,0.4488319013671875
Gemstone-256x23,15,37206,156000000000,Unknown,0.448463892578125
Gemstone-256x23,15,37683,158000000000,Unknown,0.4368172109375
Gemstone-256x23,15,38160,160000000000,Unknown,0.4416828447265625
Gemstone-256x23,15,38637,162000000000,Unknown,0.4332652890625
Gemstone-256x23,15,39114,164000000000,Unknown,0.4302249638671875
Gemstone-256x23,15,39591,166000000000,Unknown,0.430728091796875
Gemstone-256x23,15,40068,168000000000,Unknown,0.431468453125
Gemstone-256x23,15,40545,170000000000,Unknown,0.4316775986328125
Gemstone-256x23,15,41022,172000000000,Unknown,0.4266887294921875
Gemstone-256x23,15,41499,174000000000,Unknown,0.4384541396484375
Gemstone-256x23,15,41976,176000000000,Unknown,0.42491241015625
Gemstone-256x23,15,42453,178000000000,Unknown,0.4243406044921875
Gemstone-256x23,15,42930,180000000000,Unknown,0.42362830078125
Gemstone-256x23,15,43407,182000000000,Unknown,0.4229637744140625
Gemstone-256x23,15,43884,184000000000,Unknown,0.4281313291015625
Gemstone-256x23,15,44361,186000000000,Unknown,0.424230609375
Gemstone-256x23,15,44838,188000000000,Unknown,0.4215173125
Gemstone-256x23,15,45315,190000000000,Unknown,0.4115833515625
Gemstone-256x23,15,45792,192000000000,Unknown,0.423101634765625
Gemstone-256x23,15,46269,194000000000,Unknown,0.41188044921875
Gemstone-256x23,15,46746,196000000000,Unknown,0.4168960302734375
Gemstone-256x23,15,47223,198000000000,Unknown,0.4137865185546875
Gemstone-256x23,15,47700,200000000000,Unknown,0.4098795834960937
Gemstone-256x23,15,48177,202000000000,Unknown,0.41117721875
Gemstone-256x23,15,48654,204000000000,Unknown,0.417702998046875
Gemstone-256x23,15,49131,206000000000,Unknown,0.4072063564453125
Gemstone-256x23,15,49608,208000000000,Unknown,0.413041228515625
Gemstone-256x23,15,50085,210000000000,Unknown,0.417787080078125
Gemstone-256x23,15,50562,212000000000,Unknown,0.4113779321289063
Gemstone-256x23,15,51039,214000000000,Unknown,0.3993423837890625
Gemstone-256x23,15,51516,216000000000,Unknown,0.4097167690429688
Gemstone-256x23,15,51993,218000000000,Unknown,0.4100992900390625
Gemstone-256x23,15,52470,220000000000,Unknown,0.4112584423828125
Gemstone-256x23,15,52947,222000000000,Unknown,0.414614427734375
Gemstone-256x23,15,53424,224000000000,Unknown,0.413567970703125
Gemstone-256x23,15,53901,226000000000,Unknown,0.400011095703125
Gemstone-256x23,15,54378,228000000000,Unknown,0.4066702407226562
Gemstone-256x23,15,54855,230000000000,Unknown,0.4110560625
Gemstone-256x23,15,55332,232000000000,Unknown,0.4001361416015625
Gemstone-256x23,15,55809,234000000000,Unknown,0.4067424829101562
Gemstone-256x23,15,56286,236000000000,Unknown,0.398359171875
Gemstone-256x23,15,56763,238000000000,Unknown,0.4051821118164062
Gemstone-256x23,15,57240,240000000000,Unknown,0.4052391420898437
Gemstone-256x23,15,57717,242000000000,Unknown,0.4003250712890625
Gemstone-256x23,15,58194,244000000000,Unknown,0.4020043984375
Gemstone-256x23,15,58671,246000000000,Unknown,0.4075273823242187
Gemstone-256x23,15,59148,248000000000,Unknown,0.3954882587890625
Gemstone-256x23,15,59625,250000000000,Unknown,0.4030216655273437
Gemstone-256x23,15,60102,252000000000,Unknown,0.4049092504882812
Gemstone-256x23,15,60579,254000000000,Unknown,0.4046527622070312
Gemstone-256x23,15,61056,256000000000,Unknown,0.4022340473632813
Gemstone-256x23,15,61533,258000000000,Unknown,0.4075393813476562
Gemstone-256x23,15,62010,260000000000,Unknown,0.4038608061523437
Gemstone-256x23,15,62487,262000000000,Unknown,0.3973186323242187
Gemstone-256x23,15,62964,264000000000,Unknown,0.4040623002929687
Gemstone-256x23,15,63441,266000000000,Unknown,0.4048124799804687
Gemstone-256x23,15,63918,268000000000,Unknown,0.4043820971679687
Gemstone-256x23,15,64395,270000000000,Unknown,0.3979735961914062
Gemstone-256x23,15,64872,272000000000,Unknown,0.396368841796875
Gemstone-256x23,15,65349,274000000000,Unknown,0.3932999096679687
Gemstone-256x23,15,65826,276000000000,Unknown,0.3985274931640625
Gemstone-256x23,15,66303,278000000000,Unknown,0.4002987934570312
Gemstone-256x23,15,66780,280000000000,Unknown,0.39564762109375
Gemstone-256x23,15,67257,282000000000,Unknown,0.3996295092773437
Gemstone-256x23,15,67734,284000000000,Unknown,0.4021806127929687
Gemstone-256x23,15,68211,286000000000,Unknown,0.4092146899414062
Gemstone-256x23,15,68688,288000000000,Unknown,0.4011616357421875
Gemstone-256x23,15,69165,290000000000,Unknown,0.3991051118164062
Gemstone-256x23,15,69642,292000000000,Unknown,0.3980554965820312
Gemstone-256x23,15,70119,294000000000,Unknown,0.4032068452148437
Gemstone-256x23,15,70596,296000000000,Unknown,0.3967608974609375
Gemstone-256x23,15,71073,298000000000,Unknown,0.402251931640625
Gemstone-256x23,15,71550,300000000000,Unknown,0.3989398911132812
Gemstone-256x23,15,72027,302000000000,Unknown,0.401180740234375
Gemstone-256x23,15,72504,304000000000,Unknown,0.3981995810546875
Gemstone-256x23,15,72981,306000000000,Unknown,0.38765156640625
Gemstone-256x23,15,73458,308000000000,Unknown,0.3933308037109375
Gemstone-256x23,15,73935,310000000000,Unknown,0.396425671875
Gemstone-256x23,15,74412,312000000000,Unknown,0.3981730395507812
Gemstone-256x23,15,74889,314000000000,Unknown,0.398651068359375
Gemstone-256x23,15,75366,316000000000,Unknown,0.3977631708984375
Gemstone-256x23,15,75843,318000000000,Unknown,0.3954946157226562
Gemstone-256x23,15,76320,320000000000,Unknown,0.3988849931640625
Gemstone-256x23,15,76797,322000000000,Unknown,0.3953004912109375
Gemstone-256x23,15,77274,324000000000,Unknown,0.39842653515625
Gemstone-256x23,15,77751,326000000000,Unknown,0.3976981943359375
Gemstone-256x23,15,78228,328000000000,Unknown,0.3974379638671875
Gemstone-256x23,15,78705,330000000000,Unknown,0.3941485717773437
Gemstone-256x23,15,79182,332000000000,Unknown,0.3933176552734375
Gemstone-256x23,15,79659,334000000000,Unknown,0.3986789921875
Gemstone-256x23,15,80136,336000000000,Unknown,0.3992648608398437
Gemstone-256x23,15,80613,338000000000,Unknown,0.3958212377929687
Gemstone-256x23,15,81090,340000000000,Unknown,0.4011140434570313
Gemstone-256x23,15,81567,342000000000,Unknown,0.391621404296875
Gemstone-256x23,15,82044,344000000000,Unknown,0.4000719306640625
Gemstone-256x23,15,82521,346000000000,Unknown,0.401538732421875
Gemstone-256x23,15,82998,348000000000,Huge,0.40123987109375
Gemstone-256x23,16,954,4000000000,Unknown,0.1496965727539062
Gemstone-256x23,16,1431,6000000000,Unknown,0.1966588620605468
Gemstone-256x23,16,1908,8000000000,Unknown,0.2864910751953125
Gemstone-256x23,16,2385,10000000000,Unknown,0.3502139609375
Gemstone-256x23,16,2862,12000000000,Unknown,0.3985079096679687
Gemstone-256x23,16,3339,14000000000,Unknown,0.4221416015625
Gemstone-256x23,16,3816,16000000000,Unknown,0.445688466796875
Gemstone-256x23,16,4293,18000000000,Unknown,0.47841543359375
Gemstone-256x23,16,4770,20000000000,Unknown,0.4796997783203125
Gemstone-256x23,16,5247,22000000000,Unknown,0.481864849609375
Gemstone-256x23,16,5724,24000000000,Unknown,0.496267033203125
Gemstone-256x23,16,6201,26000000000,Unknown,0.4977660498046875
Gemstone-256x23,16,6678,28000000000,Unknown,0.497604388671875
Gemstone-256x23,16,7155,30000000000,Unknown,0.505377388671875
Gemstone-256x23,16,7632,32000000000,Unknown,0.5072453544921876
Gemstone-256x23,16,8109,34000000000,Unknown,0.5112909150390625
Gemstone-256x23,16,8586,36000000000,Unknown,0.50579893359375
Gemstone-256x23,16,9063,38000000000,Unknown,0.50799774609375
Gemstone-256x23,16,9540,40000000000,Unknown,0.5082273076171875
Gemstone-256x23,16,10017,42000000000,Unknown,0.5077223671875
Gemstone-256x23,16,10494,44000000000,Unknown,0.502919248046875
Gemstone-256x23,16,10971,46000000000,Unknown,0.4937506533203125
Gemstone-256x23,16,11448,48000000000,Unknown,0.5107905908203125
Gemstone-256x23,16,11925,50000000000,Unknown,0.5004348515625
Gemstone-256x23,16,12402,52000000000,Unknown,0.50602994140625
Gemstone-256x23,16,12879,54000000000,Unknown,0.4944829892578125
Gemstone-256x23,16,13356,56000000000,Unknown,0.511897365234375
Gemstone-256x23,16,13833,58000000000,Unknown,0.50784053515625
Gemstone-256x23,16,14310,60000000000,Unknown,0.5001036181640625
Gemstone-256x23,16,14787,62000000000,Unknown,0.502520435546875
Gemstone-256x23,16,15264,64000000000,Unknown,0.5007074306640625
Gemstone-256x23,16,15741,66000000000,Unknown,0.4932676455078125
Gemstone-256x23,16,16218,68000000000,Unknown,0.506434103515625
Gemstone-256x23,16,16695,70000000000,Unknown,0.4979877626953125
Gemstone-256x23,16,17172,72000000000,Unknown,0.501472677734375
Gemstone-256x23,16,17649,74000000000,Unknown,0.4911416748046875
Gemstone-256x23,16,18126,76000000000,Unknown,0.496055822265625
Gemstone-256x23,16,18603,78000000000,Unknown,0.4987314970703125
Gemstone-256x23,16,19080,80000000000,Unknown,0.493608927734375
Gemstone-256x23,16,19557,82000000000,Unknown,0.4930599580078125
Gemstone-256x23,16,20034,84000000000,Unknown,0.4961177685546875
Gemstone-256x23,16,20511,86000000000,Unknown,0.484735330078125
Gemstone-256x23,16,20988,88000000000,Unknown,0.496108591796875
Gemstone-256x23,16,21465,90000000000,Unknown,0.4914038955078125
Gemstone-256x23,16,21942,92000000000,Unknown,0.4944165986328125
Gemstone-256x23,16,22419,94000000000,Unknown,0.4863290361328125
Gemstone-256x23,16,22896,96000000000,Unknown,0.489758990234375
Gemstone-256x23,16,23373,98000000000,Unknown,0.490534740234375
Gemstone-256x23,16,23850,100000000000,Unknown,0.4834733447265625
Gemstone-256x23,16,24327,102000000000,Unknown,0.4849296875
Gemstone-256x23,16,24804,104000000000,Unknown,0.478220154296875
Gemstone-256x23,16,25281,106000000000,Unknown,0.484048259765625
Gemstone-256x23,16,25758,108000000000,Unknown,0.4727961796875
Gemstone-256x23,16,26235,110000000000,Unknown,0.485341224609375
Gemstone-256x23,16,26712,112000000000,Unknown,0.48292652734375
Gemstone-256x23,16,27189,114000000000,Unknown,0.48158156640625
Gemstone-256x23,16,27666,116000000000,Unknown,0.473229611328125
Gemstone-256x23,16,28143,118000000000,Unknown,0.4802674228515625
Gemstone-256x23,16,28620,120000000000,Unknown,0.473359154296875
Gemstone-256x23,16,29097,122000000000,Unknown,0.477765189453125
Gemstone-256x23,16,29574,124000000000,Unknown,0.4686909921875
Gemstone-256x23,16,30051,126000000000,Unknown,0.4800901171875
Gemstone-256x23,16,30528,128000000000,Unknown,0.4732942734375
Gemstone-256x23,16,31005,130000000000,Unknown,0.4825770537109375
Gemstone-256x23,16,31482,132000000000,Unknown,0.471564931640625
Gemstone-256x23,16,31959,134000000000,Unknown,0.469221341796875
Gemstone-256x23,16,32436,136000000000,Unknown,0.4618512880859375
Gemstone-256x23,16,32913,138000000000,Unknown,0.457055333984375
Gemstone-256x23,16,33390,140000000000,Unknown,0.46940237890625
Gemstone-256x23,16,33867,142000000000,Unknown,0.4672435322265625
Gemstone-256x23,16,34344,144000000000,Unknown,0.461186177734375
Gemstone-256x23,16,34821,146000000000,Unknown,0.46099262109375
Gemstone-256x23,16,35298,148000000000,Unknown,0.45671863671875
Gemstone-256x23,16,35775,150000000000,Unknown,0.4533281845703125
Gemstone-256x23,16,36252,152000000000,Unknown,0.4458235224609375
Gemstone-256x23,16,36729,154000000000,Unknown,0.4561054091796875
Gemstone-256x23,16,37206,156000000000,Unknown,0.4589012119140625
Gemstone-256x23,16,37683,158000000000,Unknown,0.4457271181640625
Gemstone-256x23,16,38160,160000000000,Unknown,0.45299089453125
Gemstone-256x23,16,38637,162000000000,Unknown,0.4420489482421875
Gemstone-256x23,16,39114,164000000000,Unknown,0.436804423828125
Gemstone-256x23,16,39591,166000000000,Unknown,0.4431077314453125
Gemstone-256x23,16,40068,168000000000,Unknown,0.442530009765625
Gemstone-256x23,16,40545,170000000000,Unknown,0.44007909375
Gemstone-256x23,16,41022,172000000000,Unknown,0.4360322744140625
Gemstone-256x23,16,41499,174000000000,Unknown,0.451115427734375
Gemstone-256x23,16,41976,176000000000,Unknown,0.433531794921875
Gemstone-256x23,16,42453,178000000000,Unknown,0.43413750390625
Gemstone-256x23,16,42930,180000000000,Unknown,0.4338240419921875
Gemstone-256x23,16,43407,182000000000,Unknown,0.43422040234375
Gemstone-256x23,16,43884,184000000000,Unknown,0.4408162880859375
Gemstone-256x23,16,44361,186000000000,Unknown,0.436548462890625
Gemstone-256x23,16,44838,188000000000,Unknown,0.4316345244140625
Gemstone-256x23,16,45315,190000000000,Unknown,0.4220902080078125
Gemstone-256x23,16,45792,192000000000,Unknown,0.433242072265625
Gemstone-256x23,16,46269,194000000000,Unknown,0.4231310068359375
Gemstone-256x23,16,46746,196000000000,Unknown,0.4273056572265625
Gemstone-256x23,16,47223,198000000000,Unknown,0.427617958984375
Gemstone-256x23,16,47700,200000000000,Unknown,0.424180318359375
Gemstone-256x23,16,48177,202000000000,Unknown,0.4221243388671875
Gemstone-256x23,16,48654,204000000000,Unknown,0.4322244853515625
Gemstone-256x23,16,49131,206000000000,Unknown,0.41917999609375
Gemstone-256x23,16,49608,208000000000,Unknown,0.425420318359375
Gemstone-256x23,16,50085,210000000000,Unknown,0.4325114365234375
Gemstone-256x23,16,50562,212000000000,Unknown,0.427312798828125
Gemstone-256x23,16,51039,214000000000,Unknown,0.412822203125
Gemstone-256x23,16,51516,216000000000,Unknown,0.423530078125
Gemstone-256x23,16,51993,218000000000,Unknown,0.4240291015625
Gemstone-256x23,16,52470,220000000000,Unknown,0.4279184306640625
Gemstone-256x23,16,52947,222000000000,Unknown,0.4277731025390625
Gemstone-256x23,16,53424,224000000000,Unknown,0.4317558662109375
Gemstone-256x23,16,53901,226000000000,Unknown,0.4171726494140625
Gemstone-256x23,16,54378,228000000000,Unknown,0.42116526171875
Gemstone-256x23,16,54855,230000000000,Unknown,0.4287217373046875
Gemstone-256x23,16,55332,232000000000,Unknown,0.4156877255859375
Gemstone-256x23,16,55809,234000000000,Unknown,0.4250593486328125
Gemstone-256x23,16,56286,236000000000,Unknown,0.4112260063476562
Gemstone-256x23,16,56763,238000000000,Unknown,0.4201851845703125
Gemstone-256x23,16,57240,240000000000,Unknown,0.4227915927734375
Gemstone-256x23,16,57717,242000000000,Unknown,0.41568427734375
Gemstone-256x23,16,58194,244000000000,Unknown,0.4160539599609375
Gemstone-256x23,16,58671,246000000000,Unknown,0.4233277998046875
Gemstone-256x23,16,59148,248000000000,Unknown,0.4128801318359375
Gemstone-256x23,16,59625,250000000000,Unknown,0.4203624423828125
Gemstone-256x23,16,60102,252000000000,Unknown,0.4201053720703125
Gemstone-256x23,16,60579,254000000000,Unknown,0.420234498046875
Gemstone-256x23,16,61056,256000000000,Unknown,0.4191671806640625
Gemstone-256x23,16,61533,258000000000,Unknown,0.4248961962890625
Gemstone-256x23,16,62010,260000000000,Unknown,0.418711779296875
Gemstone-256x23,16,62487,262000000000,Unknown,0.4145375205078125
Gemstone-256x23,16,62964,264000000000,Unknown,0.4232194775390625
Gemstone-256x23,16,63441,266000000000,Unknown,0.4227706279296875
Gemstone-256x23,16,63918,268000000000,Unknown,0.4230422333984375
Gemstone-256x23,16,64395,270000000000,Unknown,0.4166391171875
Gemstone-256x23,16,64872,272000000000,Unknown,0.41433791796875
Gemstone-256x23,16,65349,274000000000,Unknown,0.40739691796875
Gemstone-256x23,16,65826,276000000000,Unknown,0.414315505859375
Gemstone-256x23,16,66303,278000000000,Unknown,0.4202457900390625
Gemstone-256x23,16,66780,280000000000,Unknown,0.410273568359375
Gemstone-256x23,16,67257,282000000000,Unknown,0.4161913193359375
Gemstone-256x23,16,67734,284000000000,Unknown,0.4208358408203125
Gemstone-256x23,16,68211,286000000000,Unknown,0.42743814453125
Gemstone-256x23,16,68688,288000000000,Unknown,0.4204444384765625
Gemstone-256x23,16,69165,290000000000,Unknown,0.4140223994140625
Gemstone-256x23,16,69642,292000000000,Unknown,0.4161492314453125
Gemstone-256x23,16,70119,294000000000,Unknown,0.42266434375
Gemstone-256x23,16,70596,296000000000,Unknown,0.4157614609375
Gemstone-256x23,16,71073,298000000000,Unknown,0.4219675341796875
Gemstone-256x23,16,71550,300000000000,Unknown,0.4176663662109375
Gemstone-256x23,16,72027,302000000000,Unknown,0.4205814404296875
Gemstone-256x23,16,72504,304000000000,Unknown,0.415381884765625
Gemstone-256x23,16,72981,306000000000,Unknown,0.4058155107421875
Gemstone-256x23,16,73458,308000000000,Unknown,0.4100775810546875
Gemstone-256x23,16,73935,310000000000,Unknown,0.41528223828125
Gemstone-256x23,16,74412,312000000000,Unknown,0.415844775390625
Gemstone-256x23,16,74889,314000000000,Unknown,0.417958830078125
Gemstone-256x23,16,75366,316000000000,Unknown,0.4156522109375
Gemstone-256x23,16,75843,318000000000,Unknown,0.4109750693359375
Gemstone-256x23,16,76320,320000000000,Unknown,0.4191828642578125
Gemstone-256x23,16,76797,322000000000,Unknown,0.415648640625
Gemstone-256x23,16,77274,324000000000,Unknown,0.417529515625
Gemstone-256x23,16,77751,326000000000,Unknown,0.4192381572265625
Gemstone-256x23,16,78228,328000000000,Unknown,0.41383256640625
Gemstone-256x23,16,78705,330000000000,Unknown,0.4125155576171875
Gemstone-256x23,16,79182,332000000000,Unknown,0.4101398422851562
Gemstone-256x23,16,79659,334000000000,Unknown,0.4204655087890625
Gemstone-256x23,16,80136,336000000000,Unknown,0.4216427001953125
Gemstone-256x23,16,80613,338000000000,Unknown,0.415823072265625
Gemstone-256x23,16,81090,340000000000,Unknown,0.4195186923828125
Gemstone-256x23,16,81567,342000000000,Unknown,0.4094996811523437
Gemstone-256x23,16,82044,344000000000,Unknown,0.4209938349609375
Gemstone-256x23,16,82521,346000000000,Unknown,0.42153218359375
Gemstone-256x23,16,82998,348000000000,Huge,0.42039578125
Gemstone-256x23,17,954,4000000000,Unknown,0.1565091840820312
Gemstone-256x23,17,1431,6000000000,Unknown,0.2022645102539062
Gemstone-256x23,17,1908,8000000000,Unknown,0.287041107421875
Gemstone-256x23,17,2385,10000000000,Unknown,0.3434483193359375
Gemstone-256x23,17,2862,12000000000,Unknown,0.387277498046875
Gemstone-256x23,17,3339,14000000000,Unknown,0.410901734375
Gemstone-256x23,17,3816,16000000000,Unknown,0.4296876142578125
Gemstone-256x23,17,4293,18000000000,Unknown,0.4639846201171875
Gemstone-256x23,17,4770,20000000000,Unknown,0.465906326171875
Gemstone-256x23,17,5247,22000000000,Unknown,0.4712874150390625
Gemstone-256x23,17,5724,24000000000,Unknown,0.48337877734375
Gemstone-256x23,17,6201,26000000000,Unknown,0.485253501953125
Gemstone-256x23,17,6678,28000000000,Unknown,0.4895748828125
Gemstone-256x23,17,7155,30000000000,Unknown,0.4960970869140625
Gemstone-256x23,17,7632,32000000000,Unknown,0.5002823173828125
Gemstone-256x23,17,8109,34000000000,Unknown,0.5058397568359375
Gemstone-256x23,17,8586,36000000000,Unknown,0.5004101787109375
Gemstone-256x23,17,9063,38000000000,Unknown,0.5013398603515625
Gemstone-256x23,17,9540,40000000000,Unknown,0.507412439453125
Gemstone-256x23,17,10017,42000000000,Unknown,0.5058630732421875
Gemstone-256x23,17,10494,44000000000,Unknown,0.5003678046875
Gemstone-256x23,17,10971,46000000000,Unknown,0.4894759912109375
Gemstone-256x23,17,11448,48000000000,Unknown,0.5134929541015625
Gemstone-256x23,17,11925,50000000000,Unknown,0.5010151728515625
Gemstone-256x23,17,12402,52000000000,Unknown,0.5077717578125
Gemstone-256x23,17,12879,54000000000,Unknown,0.4946716962890625
Gemstone-256x23,17,13356,56000000000,Unknown,0.5106627705078125
Gemstone-256x23,17,13833,58000000000,Unknown,0.5075358603515625
Gemstone-256x23,17,14310,60000000000,Unknown,0.5022941875
Gemstone-256x23,17,14787,62000000000,Unknown,0.50536155859375
Gemstone-256x23,17,15264,64000000000,Unknown,0.501568923828125
Gemstone-256x23,17,15741,66000000000,Unknown,0.490817734375
Gemstone-256x23,17,16218,68000000000,Unknown,0.5057578369140625
Gemstone-256x23,17,16695,70000000000,Unknown,0.503463498046875
Gemstone-256x23,17,17172,72000000000,Unknown,0.5047289990234375
Gemstone-256x23,17,17649,74000000000,Unknown,0.4945392890625
Gemstone-256x23,17,18126,76000000000,Unknown,0.49967853125
Gemstone-256x23,17,18603,78000000000,Unknown,0.5001252060546875
Gemstone-256x23,17,19080,80000000000,Unknown,0.497826041015625
Gemstone-256x23,17,19557,82000000000,Unknown,0.4975441982421875
Gemstone-256x23,17,20034,84000000000,Unknown,0.5028570927734375
Gemstone-256x23,17,20511,86000000000,Unknown,0.4903486611328125
Gemstone-256x23,17,20988,88000000000,Unknown,0.5011453076171875
Gemstone-256x23,17,21465,90000000000,Unknown,0.495190943359375
Gemstone-256x23,17,21942,92000000000,Unknown,0.4976027275390625
Gemstone-256x23,17,22419,94000000000,Unknown,0.49240957421875
Gemstone-256x23,17,22896,96000000000,Unknown,0.495147646484375
Gemstone-256x23,17,23373,98000000000,Unknown,0.4984844736328125
Gemstone-256x23,17,23850,100000000000,Unknown,0.4892952392578125
Gemstone-256x23,17,24327,102000000000,Unknown,0.4917587392578125
Gemstone-256x23,17,24804,104000000000,Unknown,0.4834177119140625
Gemstone-256x23,17,25281,106000000000,Unknown,0.4927620869140625
Gemstone-256x23,17,25758,108000000000,Unknown,0.478573537109375
Gemstone-256x23,17,26235,110000000000,Unknown,0.495955537109375
Gemstone-256x23,17,26712,112000000000,Unknown,0.4918179326171875
Gemstone-256x23,17,27189,114000000000,Unknown,0.4903835400390625
Gemstone-256x23,17,27666,116000000000,Unknown,0.483999275390625
Gemstone-256x23,17,28143,118000000000,Unknown,0.4896630361328125
Gemstone-256x23,17,28620,120000000000,Unknown,0.4850450625
Gemstone-256x23,17,29097,122000000000,Unknown,0.4866818916015625
Gemstone-256x23,17,29574,124000000000,Unknown,0.480274154296875
Gemstone-256x23,17,30051,126000000000,Unknown,0.4894378798828125
Gemstone-256x23,17,30528,128000000000,Unknown,0.4859530537109375
Gemstone-256x23,17,31005,130000000000,Unknown,0.492813212890625
Gemstone-256x23,17,31482,132000000000,Unknown,0.480541544921875
Gemstone-256x23,17,31959,134000000000,Unknown,0.479817208984375
Gemstone-256x23,17,32436,136000000000,Unknown,0.47599702734375
Gemstone-256x23,17,32913,138000000000,Unknown,0.46978057421875
Gemstone-256x23,17,33390,140000000000,Unknown,0.483262462890625
Gemstone-256x23,17,33867,142000000000,Unknown,0.47997444140625
Gemstone-256x23,17,34344,144000000000,Unknown,0.473564646484375
Gemstone-256x23,17,34821,146000000000,Unknown,0.473191916015625
Gemstone-256x23,17,35298,148000000000,Unknown,0.4704857568359375
Gemstone-256x23,17,35775,150000000000,Unknown,0.4669334189453125
Gemstone-256x23,17,36252,152000000000,Unknown,0.459952556640625
Gemstone-256x23,17,36729,154000000000,Unknown,0.47103634765625
Gemstone-256x23,17,37206,156000000000,Unknown,0.47163737109375
Gemstone-256x23,17,37683,158000000000,Unknown,0.4603530537109375
Gemstone-256x23,17,38160,160000000000,Unknown,0.466300447265625
Gemstone-256x23,17,38637,162000000000,Unknown,0.4561267041015625
Gemstone-256x23,17,39114,164000000000,Unknown,0.449721548828125
Gemstone-256x23,17,39591,166000000000,Unknown,0.45701350390625
Gemstone-256x23,17,40068,168000000000,Unknown,0.4577590703125
Gemstone-256x23,17,40545,170000000000,Unknown,0.4571628671875
Gemstone-256x23,17,41022,172000000000,Unknown,0.4485892431640625
Gemstone-256x23,17,41499,174000000000,Unknown,0.464777248046875
Gemstone-256x23,17,41976,176000000000,Unknown,0.447470193359375
Gemstone-256x23,17,42453,178000000000,Unknown,0.449434427734375
Gemstone-256x23,17,42930,180000000000,Unknown,0.447922314453125
Gemstone-256x23,17,43407,182000000000,Unknown,0.449277404296875
Gemstone-256x23,17,43884,184000000000,Unknown,0.4526423271484375
Gemstone-256x23,17,44361,186000000000,Unknown,0.4522770322265625
Gemstone-256x23,17,44838,188000000000,Unknown,0.44734748828125
Gemstone-256x23,17,45315,190000000000,Unknown,0.436373953125
Gemstone-256x23,17,45792,192000000000,Unknown,0.451225578125
Gemstone-256x23,17,46269,194000000000,Unknown,0.4395982705078125
Gemstone-256x23,17,46746,196000000000,Unknown,0.4456337216796875
Gemstone-256x23,17,47223,198000000000,Unknown,0.445157123046875
Gemstone-256x23,17,47700,200000000000,Unknown,0.4436839140625
Gemstone-256x23,17,48177,202000000000,Unknown,0.4380287470703125
Gemstone-256x23,17,48654,204000000000,Unknown,0.4475320830078125
Gemstone-256x23,17,49131,206000000000,Unknown,0.4358123935546875
Gemstone-256x23,17,49608,208000000000,Unknown,0.4408853125
Gemstone-256x23,17,50085,210000000000,Unknown,0.4483011376953125
Gemstone-256x23,17,50562,212000000000,Unknown,0.44195758203125
Gemstone-256x23,17,51039,214000000000,Unknown,0.42738881640625
Gemstone-256x23,17,51516,216000000000,Unknown,0.439899765625
Gemstone-256x23,17,51993,218000000000,Unknown,0.4413647763671875
Gemstone-256x23,17,52470,220000000000,Unknown,0.4424503388671875
Gemstone-256x23,17,52947,222000000000,Unknown,0.446476783203125
Gemstone-256x23,17,53424,224000000000,Unknown,0.449616521484375
Gemstone-256x23,17,53901,226000000000,Unknown,0.4343876865234375
Gemstone-256x23,17,54378,228000000000,Unknown,0.440022509765625
Gemstone-256x23,17,54855,230000000000,Unknown,0.4461915224609375
Gemstone-256x23,17,55332,232000000000,Unknown,0.4328826416015625
Gemstone-256x23,17,55809,234000000000,Unknown,0.4435118603515625
Gemstone-256x23,17,56286,236000000000,Unknown,0.4297278505859375
Gemstone-256x23,17,56763,238000000000,Unknown,0.438615939453125
Gemstone-256x23,17,57240,240000000000,Unknown,0.4425610654296875
Gemstone-256x23,17,57717,242000000000,Unknown,0.432535728515625
Gemstone-256x23,17,58194,244000000000,Unknown,0.433638572265625
Gemstone-256x23,17,58671,246000000000,Unknown,0.440936458984375
Gemstone-256x23,17,59148,248000000000,Unknown,0.4313591171875
Gemstone-256x23,17,59625,250000000000,Unknown,0.4359025087890625
Gemstone-256x23,17,60102,252000000000,Unknown,0.4379595185546875
Gemstone-256x23,17,60579,254000000000,Unknown,0.4383522294921875
Gemstone-256x23,17,61056,256000000000,Unknown,0.439317123046875
Gemstone-256x23,17,61533,258000000000,Unknown,0.44100453515625
Gemstone-256x23,17,62010,260000000000,Unknown,0.4399005859375
Gemstone-256x23,17,62487,262000000000,Unknown,0.4319810419921875
Gemstone-256x23,17,62964,264000000000,Unknown,0.440830513671875
Gemstone-256x23,17,63441,266000000000,Unknown,0.440544654296875
Gemstone-256x23,17,63918,268000000000,Unknown,0.440642830078125
Gemstone-256x23,17,64395,270000000000,Unknown,0.436473990234375
Gemstone-256x23,17,64872,272000000000,Unknown,0.4294848896484375
Gemstone-256x23,17,65349,274000000000,Unknown,0.427646521484375
Gemstone-256x23,17,65826,276000000000,Unknown,0.4319087109375
Gemstone-256x23,17,66303,278000000000,Unknown,0.4397564833984375
Gemstone-256x23,17,66780,280000000000,Unknown,0.428180037109375
Gemstone-256x23,17,67257,282000000000,Unknown,0.43790837109375
Gemstone-256x23,17,67734,284000000000,Unknown,0.4392304326171875
Gemstone-256x23,17,68211,286000000000,Unknown,0.445040529296875
Gemstone-256x23,17,68688,288000000000,Unknown,0.4386828603515625
Gemstone-256x23,17,69165,290000000000,Unknown,0.4349934482421875
Gemstone-256x23,17,69642,292000000000,Unknown,0.437347431640625
Gemstone-256x23,17,70119,294000000000,Unknown,0.441466982421875
Gemstone-256x23,17,70596,296000000000,Unknown,0.4364786572265625
Gemstone-256x23,17,71073,298000000000,Unknown,0.44252274609375
Gemstone-256x23,17,71550,300000000000,Unknown,0.4360649140625
Gemstone-256x23,17,72027,302000000000,Unknown,0.443332810546875
Gemstone-256x23,17,72504,304000000000,Unknown,0.43562894140625
Gemstone-256x23,17,72981,306000000000,Unknown,0.4249048740234375
Gemstone-256x23,17,73458,308000000000,Unknown,0.430157701171875
Gemstone-256x23,17,73935,310000000000,Unknown,0.435136986328125
Gemstone-256x23,17,74412,312000000000,Unknown,0.435882287109375
Gemstone-256x23,17,74889,314000000000,Unknown,0.43885304296875
Gemstone-256x23,17,75366,316000000000,Unknown,0.4366949951171875
Gemstone-256x23,17,75843,318000000000,Unknown,0.4293176474609375
Gemstone-256x23,17,76320,320000000000,Unknown,0.437764912109375
Gemstone-256x23,17,76797,322000000000,Unknown,0.4340152314453125
Gemstone-256x23,17,77274,324000000000,Unknown,0.438536720703125
Gemstone-256x23,17,77751,326000000000,Unknown,0.4403297099609375
Gemstone-256x23,17,78228,328000000000,Unknown,0.4371323662109375
Gemstone-256x23,17,78705,330000000000,Unknown,0.43364659765625
Gemstone-256x23,17,79182,332000000000,Unknown,0.42994328515625
Gemstone-256x23,17,79659,334000000000,Unknown,0.442112736328125
Gemstone-256x23,17,80136,336000000000,Unknown,0.4411113798828125
Gemstone-256x23,17,80613,338000000000,Unknown,0.4383674267578125
Gemstone-256x23,17,81090,340000000000,Unknown,0.440433935546875
Gemstone-256x23,17,81567,342000000000,Unknown,0.43137221875
Gemstone-256x23,17,82044,344000000000,Unknown,0.4425933955078125
Gemstone-256x23,17,82521,346000000000,Unknown,0.4419983798828125
Gemstone-256x23,17,82998,348000000000,Huge,0.4430357939453125
Gemstone-256x23,18,954,4000000000,Unknown,0.1574812392578125
Gemstone-256x23,18,1431,6000000000,Unknown,0.2182194638671875
Gemstone-256x23,18,1908,8000000000,Unknown,0.3021356733398437
Gemstone-256x23,18,2385,10000000000,Unknown,0.358207822265625
Gemstone-256x23,18,2862,12000000000,Unknown,0.4055351850585937
Gemstone-256x23,18,3339,14000000000,Unknown,0.4277255322265625
Gemstone-256x23,18,3816,16000000000,Unknown,0.4544683056640625
Gemstone-256x23,18,4293,18000000000,Unknown,0.4888094599609375
Gemstone-256x23,18,4770,20000000000,Unknown,0.48720543359375
Gemstone-256x23,18,5247,22000000000,Unknown,0.4922867998046875
Gemstone-256x23,18,5724,24000000000,Unknown,0.503351369140625
Gemstone-256x23,18,6201,26000000000,Unknown,0.5100217041015624
Gemstone-256x23,18,6678,28000000000,Unknown,0.511439943359375
Gemstone-256x23,18,7155,30000000000,Unknown,0.521030384765625
Gemstone-256x23,18,7632,32000000000,Unknown,0.5176568671875
Gemstone-256x23,18,8109,34000000000,Unknown,0.5227791318359375
Gemstone-256x23,18,8586,36000000000,Unknown,0.518446328125
Gemstone-256x23,18,9063,38000000000,Unknown,0.51788711328125
Gemstone-256x23,18,9540,40000000000,Unknown,0.5235773759765625
Gemstone-256x23,18,10017,42000000000,Unknown,0.519502576171875
Gemstone-256x23,18,10494,44000000000,Unknown,0.5138564951171875
Gemstone-256x23,18,10971,46000000000,Unknown,0.4956392626953125
Gemstone-256x23,18,11448,48000000000,Unknown,0.5225829453125
Gemstone-256x23,18,11925,50000000000,Unknown,0.5089251923828125
Gemstone-256x23,18,12402,52000000000,Unknown,0.516682779296875
Gemstone-256x23,18,12879,54000000000,Unknown,0.5000827451171875
Gemstone-256x23,18,13356,56000000000,Unknown,0.520341787109375
Gemstone-256x23,18,13833,58000000000,Unknown,0.5133835869140625
Gemstone-256x23,18,14310,60000000000,Unknown,0.5097409560546875
Gemstone-256x23,18,14787,62000000000,Unknown,0.5115332509765625
Gemstone-256x23,18,15264,64000000000,Unknown,0.506349126953125
Gemstone-256x23,18,15741,66000000000,Unknown,0.4993709970703125
Gemstone-256x23,18,16218,68000000000,Unknown,0.514574111328125
Gemstone-256x23,18,16695,70000000000,Unknown,0.5050961171875
Gemstone-256x23,18,17172,72000000000,Unknown,0.51176843359375
Gemstone-256x23,18,17649,74000000000,Unknown,0.4996264814453125
Gemstone-256x23,18,18126,76000000000,Unknown,0.50429845703125
Gemstone-256x23,18,18603,78000000000,Unknown,0.505581896484375
Gemstone-256x23,18,19080,80000000000,Unknown,0.5040746142578125
Gemstone-256x23,18,19557,82000000000,Unknown,0.50368532421875
Gemstone-256x23,18,20034,84000000000,Unknown,0.5087001904296875
Gemstone-256x23,18,20511,86000000000,Unknown,0.4944882646484375
Gemstone-256x23,18,20988,88000000000,Unknown,0.506688458984375
Gemstone-256x23,18,21465,90000000000,Unknown,0.5020996142578125
Gemstone-256x23,18,21942,92000000000,Unknown,0.5063429130859375
Gemstone-256x23,18,22419,94000000000,Unknown,0.493915443359375
Gemstone-256x23,18,22896,96000000000,Unknown,0.498466361328125
Gemstone-256x23,18,23373,98000000000,Unknown,0.5034451689453125
Gemstone-256x23,18,23850,100000000000,Unknown,0.49393915625
Gemstone-256x23,18,24327,102000000000,Unknown,0.497081677734375
Gemstone-256x23,18,24804,104000000000,Unknown,0.4895068134765625
Gemstone-256x23,18,25281,106000000000,Unknown,0.497533123046875
Gemstone-256x23,18,25758,108000000000,Unknown,0.4843988408203125
Gemstone-256x23,18,26235,110000000000,Unknown,0.4991050078125
Gemstone-256x23,18,26712,112000000000,Unknown,0.495554080078125
Gemstone-256x23,18,27189,114000000000,Unknown,0.4952128583984375
Gemstone-256x23,18,27666,116000000000,Unknown,0.4874224658203125
Gemstone-256x23,18,28143,118000000000,Unknown,0.4974202607421875
Gemstone-256x23,18,28620,120000000000,Unknown,0.4853824736328125
Gemstone-256x23,18,29097,122000000000,Unknown,0.4904318994140625
Gemstone-256x23,18,29574,124000000000,Unknown,0.4825880830078125
Gemstone-256x23,18,30051,126000000000,Unknown,0.4923557880859375
Gemstone-256x23,18,30528,128000000000,Unknown,0.488596873046875
Gemstone-256x23,18,31005,130000000000,Unknown,0.4995630791015625
Gemstone-256x23,18,31482,132000000000,Unknown,0.487625703125
Gemstone-256x23,18,31959,134000000000,Unknown,0.4834107275390625
Gemstone-256x23,18,32436,136000000000,Unknown,0.4796993388671875
Gemstone-256x23,18,32913,138000000000,Unknown,0.4694749482421875
Gemstone-256x23,18,33390,140000000000,Unknown,0.4848578564453125
Gemstone-256x23,18,33867,142000000000,Unknown,0.4817305087890625
Gemstone-256x23,18,34344,144000000000,Unknown,0.47899452734375
Gemstone-256x23,18,34821,146000000000,Unknown,0.4748092138671875
Gemstone-256x23,18,35298,148000000000,Unknown,0.47156487109375
Gemstone-256x23,18,35775,150000000000,Unknown,0.471435130859375
Gemstone-256x23,18,36252,152000000000,Unknown,0.4594943466796875
Gemstone-256x23,18,36729,154000000000,Unknown,0.47875661328125
Gemstone-256x23,18,37206,156000000000,Unknown,0.4751983466796875
Gemstone-256x23,18,37683,158000000000,Unknown,0.465666595703125
Gemstone-256x23,18,38160,160000000000,Unknown,0.474748466796875
Gemstone-256x23,18,38637,162000000000,Unknown,0.4611078232421875
Gemstone-256x23,18,39114,164000000000,Unknown,0.4510974638671875
Gemstone-256x23,18,39591,166000000000,Unknown,0.46516909765625
Gemstone-256x23,18,40068,168000000000,Unknown,0.4627127666015625
Gemstone-256x23,18,40545,170000000000,Unknown,0.45984046484375
Gemstone-256x23,18,41022,172000000000,Unknown,0.45431144921875
Gemstone-256x23,18,41499,174000000000,Unknown,0.4715948740234375
Gemstone-256x23,18,41976,176000000000,Unknown,0.4531246220703125
Gemstone-256x23,18,42453,178000000000,Unknown,0.45588398828125
Gemstone-256x23,18,42930,180000000000,Unknown,0.450685521484375
Gemstone-256x23,18,43407,182000000000,Unknown,0.4511287958984375
Gemstone-256x23,18,43884,184000000000,Unknown,0.4569707216796875
Gemstone-256x23,18,44361,186000000000,Unknown,0.45475440625
Gemstone-256x23,18,44838,188000000000,Unknown,0.4474153095703125
Gemstone-256x23,18,45315,190000000000,Unknown,0.4376222197265625
Gemstone-256x23,18,45792,192000000000,Unknown,0.4515193359375
Gemstone-256x23,18,46269,194000000000,Unknown,0.4437929384765625
Gemstone-256x23,18,46746,196000000000,Unknown,0.444673533203125
Gemstone-256x23,18,47223,198000000000,Unknown,0.4493504482421875
Gemstone-256x23,18,47700,200000000000,Unknown,0.445657822265625
Gemstone-256x23,18,48177,202000000000,Unknown,0.4395115751953125
Gemstone-256x23,18,48654,204000000000,Unknown,0.450965744140625
Gemstone-256x23,18,49131,206000000000,Unknown,0.434147572265625
Gemstone-256x23,18,49608,208000000000,Unknown,0.4456454072265625
Gemstone-256x23,18,50085,210000000000,Unknown,0.4475332646484375
Gemstone-256x23,18,50562,212000000000,Unknown,0.44435607421875
Gemstone-256x23,18,51039,214000000000,Unknown,0.42917491796875
Gemstone-256x23,18,51516,216000000000,Unknown,0.437802576171875
Gemstone-256x23,18,51993,218000000000,Unknown,0.4404047626953125
Gemstone-256x23,18,52470,220000000000,Unknown,0.4386730400390625
Gemstone-256x23,18,52947,222000000000,Unknown,0.4446545283203125
Gemstone-256x23,18,53424,224000000000,Unknown,0.4469320263671875
Gemstone-256x23,18,53901,226000000000,Unknown,0.4345549423828125
Gemstone-256x23,18,54378,228000000000,Unknown,0.4353798076171875
Gemstone-256x23,18,54855,230000000000,Unknown,0.442565802734375
Gemstone-256x23,18,55332,232000000000,Unknown,0.43127263671875
Gemstone-256x23,18,55809,234000000000,Unknown,0.438354248046875
Gemstone-256x23,18,56286,236000000000,Unknown,0.4271968427734375
Gemstone-256x23,18,56763,238000000000,Unknown,0.43493266015625
Gemstone-256x23,18,57240,240000000000,Unknown,0.4370064404296875
Gemstone-256x23,18,57717,242000000000,Unknown,0.4286523173828125
Gemstone-256x23,18,58194,244000000000,Unknown,0.430128533203125
Gemstone-256x23,18,58671,246000000000,Unknown,0.4366664453125
Gemstone-256x23,18,59148,248000000000,Unknown,0.42918467578125
Gemstone-256x23,18,59625,250000000000,Unknown,0.43095698046875
Gemstone-256x23,18,60102,252000000000,Unknown,0.432403841796875
Gemstone-256x23,18,60579,254000000000,Unknown,0.433239435546875
Gemstone-256x23,18,61056,256000000000,Unknown,0.434431203125
Gemstone-256x23,18,61533,258000000000,Unknown,0.439590107421875
Gemstone-256x23,18,62010,260000000000,Unknown,0.433259998046875
Gemstone-256x23,18,62487,262000000000,Unknown,0.426249626953125
Gemstone-256x23,18,62964,264000000000,Unknown,0.4336478701171875
Gemstone-256x23,18,63441,266000000000,Unknown,0.434452134765625
Gemstone-256x23,18,63918,268000000000,Unknown,0.4354980341796875
Gemstone-256x23,18,64395,270000000000,Unknown,0.432803921875
Gemstone-256x23,18,64872,272000000000,Unknown,0.4216562431640625
Gemstone-256x23,18,65349,274000000000,Unknown,0.419932076171875
Gemstone-256x23,18,65826,276000000000,Unknown,0.42554050390625
Gemstone-256x23,18,66303,278000000000,Unknown,0.4359408447265625
Gemstone-256x23,18,66780,280000000000,Unknown,0.4207240390625
Gemstone-256x23,18,67257,282000000000,Unknown,0.4279905029296875
Gemstone-256x23,18,67734,284000000000,Unknown,0.4320805478515625
Gemstone-256x23,18,68211,286000000000,Unknown,0.4413735029296875
Gemstone-256x23,18,68688,288000000000,Unknown,0.43529810546875
Gemstone-256x23,18,69165,290000000000,Unknown,0.4239326416015625
Gemstone-256x23,18,69642,292000000000,Unknown,0.4280461328125
Gemstone-256x23,18,70119,294000000000,Unknown,0.434039390625
Gemstone-256x23,18,70596,296000000000,Unknown,0.4293228916015625
Gemstone-256x23,18,71073,298000000000,Unknown,0.4324683193359375
Gemstone-256x23,18,71550,300000000000,Unknown,0.43126616015625
Gemstone-256x23,18,72027,302000000000,Unknown,0.4379069892578125
Gemstone-256x23,18,72504,304000000000,Unknown,0.4299321650390625
Gemstone-256x23,18,72981,306000000000,Unknown,0.4166122724609375
Gemstone-256x23,18,73458,308000000000,Unknown,0.4274702255859375
Gemstone-256x23,18,73935,310000000000,Unknown,0.4331464541015625
Gemstone-256x23,18,74412,312000000000,Unknown,0.4265578779296875
Gemstone-256x23,18,74889,314000000000,Unknown,0.4294917421875
Gemstone-256x23,18,75366,316000000000,Unknown,0.425312185546875
Gemstone-256x23,18,75843,318000000000,Unknown,0.4175192587890625
Gemstone-256x23,18,76320,320000000000,Unknown,0.43536567578125
Gemstone-256x23,18,76797,322000000000,Unknown,0.428489396484375
Gemstone-256x23,18,77274,324000000000,Unknown,0.427521263671875
Gemstone-256x23,18,77751,326000000000,Unknown,0.4329764765625
Gemstone-256x23,18,78228,328000000000,Unknown,0.424184248046875
Gemstone-256x23,18,78705,330000000000,Unknown,0.4300975712890625
Gemstone-256x23,18,79182,332000000000,Unknown,0.4177901845703125
Gemstone-256x23,18,79659,334000000000,Unknown,0.4379802607421875
Gemstone-256x23,18,80136,336000000000,Unknown,0.43283642578125
Gemstone-256x23,18,80613,338000000000,Unknown,0.430451751953125
Gemstone-256x23,18,81090,340000000000,Unknown,0.4330622548828125
Gemstone-256x23,18,81567,342000000000,Unknown,0.422797482421875
Gemstone-256x23,18,82044,344000000000,Unknown,0.43798321875
Gemstone-256x23,18,82521,346000000000,Unknown,0.4352983876953125
Gemstone-256x23,18,82998,348000000000,Huge,0.4361915283203125
Gemstone-256x23,19,954,4000000000,Unknown,0.1823045947265625
Gemstone-256x23,19,1431,6000000000,Unknown,0.2476782099609375
Gemstone-256x23,19,1908,8000000000,Unknown,0.3312746889648437
Gemstone-256x23,19,2385,10000000000,Unknown,0.3850185034179687
Gemstone-256x23,19,2862,12000000000,Unknown,0.4306545146484375
Gemstone-256x23,19,3339,14000000000,Unknown,0.4483309755859375
Gemstone-256x23,19,3816,16000000000,Unknown,0.473083431640625
Gemstone-256x23,19,4293,18000000000,Unknown,0.5037561162109375
Gemstone-256x23,19,4770,20000000000,Unknown,0.4971297998046875
Gemstone-256x23,19,5247,22000000000,Unknown,0.5034984443359375
Gemstone-256x23,19,5724,24000000000,Unknown,0.513617494140625
Gemstone-256x23,19,6201,26000000000,Unknown,0.5193854306640625
Gemstone-256x23,19,6678,28000000000,Unknown,0.5175556552734375
Gemstone-256x23,19,7155,30000000000,Unknown,0.5271370400390625
Gemstone-256x23,19,7632,32000000000,Unknown,0.523083251953125
Gemstone-256x23,19,8109,34000000000,Unknown,0.529012822265625
Gemstone-256x23,19,8586,36000000000,Unknown,0.523564732421875
Gemstone-256x23,19,9063,38000000000,Unknown,0.5228524248046875
Gemstone-256x23,19,9540,40000000000,Unknown,0.5293013232421875
Gemstone-256x23,19,10017,42000000000,Unknown,0.524062650390625
Gemstone-256x23,19,10494,44000000000,Unknown,0.518645541015625
Gemstone-256x23,19,10971,46000000000,Unknown,0.497571783203125
Gemstone-256x23,19,11448,48000000000,Unknown,0.524288958984375
Gemstone-256x23,19,11925,50000000000,Unknown,0.5129435859375
Gemstone-256x23,19,12402,52000000000,Unknown,0.5195716435546875
Gemstone-256x23,19,12879,54000000000,Unknown,0.503479091796875
Gemstone-256x23,19,13356,56000000000,Unknown,0.5234528193359375
Gemstone-256x23,19,13833,58000000000,Unknown,0.5160665703125
Gemstone-256x23,19,14310,60000000000,Unknown,0.51254759765625
Gemstone-256x23,19,14787,62000000000,Unknown,0.5140840068359375
Gemstone-256x23,19,15264,64000000000,Unknown,0.5071349189453125
Gemstone-256x23,19,15741,66000000000,Unknown,0.5047188720703125
Gemstone-256x23,19,16218,68000000000,Unknown,0.5182011201171876
Gemstone-256x23,19,16695,70000000000,Unknown,0.5083315390625
Gemstone-256x23,19,17172,72000000000,Unknown,0.5142595419921875
Gemstone-256x23,19,17649,74000000000,Unknown,0.500099626953125
Gemstone-256x23,19,18126,76000000000,Unknown,0.5061597919921875
Gemstone-256x23,19,18603,78000000000,Unknown,0.504851224609375
Gemstone-256x23,19,19080,80000000000,Unknown,0.5080117490234375
Gemstone-256x23,19,19557,82000000000,Unknown,0.504108896484375
Gemstone-256x23,19,20034,84000000000,Unknown,0.511140787109375
Gemstone-256x23,19,20511,86000000000,Unknown,0.4938119619140625
Gemstone-256x23,19,20988,88000000000,Unknown,0.510150357421875
Gemstone-256x23,19,21465,90000000000,Unknown,0.5039809228515625
Gemstone-256x23,19,21942,92000000000,Unknown,0.5088542294921875
Gemstone-256x23,19,22419,94000000000,Unknown,0.495901134765625
Gemstone-256x23,19,22896,96000000000,Unknown,0.500224625
Gemstone-256x23,19,23373,98000000000,Unknown,0.504531744140625
Gemstone-256x23,19,23850,100000000000,Unknown,0.4944668251953125
Gemstone-256x23,19,24327,102000000000,Unknown,0.49785758984375
Gemstone-256x23,19,24804,104000000000,Unknown,0.4905710673828125
Gemstone-256x23,19,25281,106000000000,Unknown,0.5003088837890625
Gemstone-256x23,19,25758,108000000000,Unknown,0.48529275
Gemstone-256x23,19,26235,110000000000,Unknown,0.5003947939453125
Gemstone-256x23,19,26712,112000000000,Unknown,0.4962312822265625
Gemstone-256x23,19,27189,114000000000,Unknown,0.4959751005859375
Gemstone-256x23,19,27666,116000000000,Unknown,0.488442392578125
Gemstone-256x23,19,28143,118000000000,Unknown,0.499581021484375
Gemstone-256x23,19,28620,120000000000,Unknown,0.485907125
Gemstone-256x23,19,29097,122000000000,Unknown,0.4913047041015625
Gemstone-256x23,19,29574,124000000000,Unknown,0.48093171484375
Gemstone-256x23,19,30051,126000000000,Unknown,0.4923486943359375
Gemstone-256x23,19,30528,128000000000,Unknown,0.4906748994140625
Gemstone-256x23,19,31005,130000000000,Unknown,0.5015641298828125
Gemstone-256x23,19,31482,132000000000,Unknown,0.491535470703125
Gemstone-256x23,19,31959,134000000000,Unknown,0.485278578125
Gemstone-256x23,19,32436,136000000000,Unknown,0.4823118984375
Gemstone-256x23,19,32913,138000000000,Unknown,0.46962370703125
Gemstone-256x23,19,33390,140000000000,Unknown,0.486562193359375
Gemstone-256x23,19,33867,142000000000,Unknown,0.4813349189453125
Gemstone-256x23,19,34344,144000000000,Unknown,0.479984365234375
Gemstone-256x23,19,34821,146000000000,Unknown,0.476456302734375
Gemstone-256x23,19,35298,148000000000,Unknown,0.471721259765625
Gemstone-256x23,19,35775,150000000000,Unknown,0.4736918603515625
Gemstone-256x23,19,36252,152000000000,Unknown,0.4611079404296875
Gemstone-256x23,19,36729,154000000000,Unknown,0.4812175673828125
Gemstone-256x23,19,37206,156000000000,Unknown,0.4772642724609375
Gemstone-256x23,19,37683,158000000000,Unknown,0.4697089912109375
Gemstone-256x23,19,38160,160000000000,Unknown,0.4766894384765625
Gemstone-256x23,19,38637,162000000000,Unknown,0.4633485927734375
Gemstone-256x23,19,39114,164000000000,Unknown,0.454656494140625
Gemstone-256x23,19,39591,166000000000,Unknown,0.4682439296875
Gemstone-256x23,19,40068,168000000000,Unknown,0.463504646484375
Gemstone-256x23,19,40545,170000000000,Unknown,0.4618643837890625
Gemstone-256x23,19,41022,172000000000,Unknown,0.4576811611328125
Gemstone-256x23,19,41499,174000000000,Unknown,0.4744521591796875
Gemstone-256x23,19,41976,176000000000,Unknown,0.456512267578125
Gemstone-256x23,19,42453,178000000000,Unknown,0.459455443359375
Gemstone-256x23,19,42930,180000000000,Unknown,0.45331624609375
Gemstone-256x23,19,43407,182000000000,Unknown,0.454357767578125
Gemstone-256x23,19,43884,184000000000,Unknown,0.4618887412109375
Gemstone-256x23,19,44361,186000000000,Unknown,0.458475634765625
Gemstone-256x23,19,44838,188000000000,Unknown,0.45004642578125
Gemstone-256x23,19,45315,190000000000,Unknown,0.4396755087890625
Gemstone-256x23,19,45792,192000000000,Unknown,0.4534419130859375
Gemstone-256x23,19,46269,194000000000,Unknown,0.4484611298828125
Gemstone-256x23,19,46746,196000000000,Unknown,0.4471265458984375
Gemstone-256x23,19,47223,198000000000,Unknown,0.45281117578125
Gemstone-256x23,19,47700,200000000000,Unknown,0.4483408212890625
Gemstone-256x23,19,48177,202000000000,Unknown,0.442140732421875
Gemstone-256x23,19,48654,204000000000,Unknown,0.4533158076171875
Gemstone-256x23,19,49131,206000000000,Unknown,0.436356615234375
Gemstone-256x23,19,49608,208000000000,Unknown,0.4495844765625
Gemstone-256x23,19,50085,210000000000,Unknown,0.451384
Gemstone-256x23,19,50562,212000000000,Unknown,0.448114529296875
Gemstone-256x23,19,51039,214000000000,Unknown,0.429885125
Gemstone-256x23,19,51516,216000000000,Unknown,0.438649345703125
Gemstone-256x23,19,51993,218000000000,Unknown,0.445269927734375
Gemstone-256x23,19,52470,220000000000,Unknown,0.4430606767578125
Gemstone-256x23,19,52947,222000000000,Unknown,0.4479146259765625
Gemstone-256x23,19,53424,224000000000,Unknown,0.449805466796875
Gemstone-256x23,19,53901,226000000000,Unknown,0.4375481484375
Gemstone-256x23,19,54378,228000000000,Unknown,0.4371650458984375
Gemstone-256x23,19,54855,230000000000,Unknown,0.4459696923828125
Gemstone-256x23,19,55332,232000000000,Unknown,0.433486853515625
Gemstone-256x23,19,55809,234000000000,Unknown,0.4409035966796875
Gemstone-256x23,19,56286,236000000000,Unknown,0.4302902001953125
Gemstone-256x23,19,56763,238000000000,Unknown,0.4394040869140625
Gemstone-256x23,19,57240,240000000000,Unknown,0.4388032548828125
Gemstone-256x23,19,57717,242000000000,Unknown,0.431142849609375
Gemstone-256x23,19,58194,244000000000,Unknown,0.431934421875
Gemstone-256x23,19,58671,246000000000,Unknown,0.4380943544921875
Gemstone-256x23,19,59148,248000000000,Unknown,0.4316698935546875
Gemstone-256x23,19,59625,250000000000,Unknown,0.43488290625
Gemstone-256x23,19,60102,252000000000,Unknown,0.4354152197265625
Gemstone-256x23,19,60579,254000000000,Unknown,0.435657279296875
Gemstone-256x23,19,61056,256000000000,Unknown,0.43610840625
Gemstone-256x23,19,61533,258000000000,Unknown,0.4437469482421875
Gemstone-256x23,19,62010,260000000000,Unknown,0.435048220703125
Gemstone-256x23,19,62487,262000000000,Unknown,0.4292319853515625
Gemstone-256x23,19,62964,264000000000,Unknown,0.4385120419921875
Gemstone-256x23,19,63441,266000000000,Unknown,0.439171140625
Gemstone-256x23,19,63918,268000000000,Unknown,0.436306494140625
Gemstone-256x23,19,64395,270000000000,Unknown,0.435780162109375
Gemstone-256x23,19,64872,272000000000,Unknown,0.4223659052734375
Gemstone-256x23,19,65349,274000000000,Unknown,0.422182935546875
Gemstone-256x23,19,65826,276000000000,Unknown,0.4277999384765625
Gemstone-256x23,19,66303,278000000000,Unknown,0.4374234345703125
Gemstone-256x23,19,66780,280000000000,Unknown,0.421833943359375
Gemstone-256x23,19,67257,282000000000,Unknown,0.431115080078125
Gemstone-256x23,19,67734,284000000000,Unknown,0.4352133359375
Gemstone-256x23,19,68211,286000000000,Unknown,0.445391646484375
Gemstone-256x23,19,68688,288000000000,Unknown,0.4389614189453125
Gemstone-256x23,19,69165,290000000000,Unknown,0.4248497734375
Gemstone-256x23,19,69642,292000000000,Unknown,0.431521
Gemstone-256x23,19,70119,294000000000,Unknown,0.4374497431640625
Gemstone-256x23,19,70596,296000000000,Unknown,0.431813390625
Gemstone-256x23,19,71073,298000000000,Unknown,0.4349140283203125
Gemstone-256x23,19,71550,300000000000,Unknown,0.4342290810546875
Gemstone-256x23,19,72027,302000000000,Unknown,0.442508083984375
Gemstone-256x23,19,72504,304000000000,Unknown,0.4316354677734375
Gemstone-256x23,19,72981,306000000000,Unknown,0.4176687333984375
Gemstone-256x23,19,73458,308000000000,Unknown,0.4313732001953125
Gemstone-256x23,19,73935,310000000000,Unknown,0.4387527021484375
Gemstone-256x23,19,74412,312000000000,Unknown,0.4296949931640625
Gemstone-256x23,19,74889,314000000000,Unknown,0.4321587763671875
Gemstone-256x23,19,75366,316000000000,Unknown,0.4268045263671875
Gemstone-256x23,19,75843,318000000000,Unknown,0.4191722587890625
Gemstone-256x23,19,76320,320000000000,Unknown,0.437685548828125
Gemstone-256x23,19,76797,322000000000,Unknown,0.432229046875
Gemstone-256x23,19,77274,324000000000,Unknown,0.430183595703125
Gemstone-256x23,19,77751,326000000000,Unknown,0.4351309091796875
Gemstone-256x23,19,78228,328000000000,Unknown,0.4258385712890625
Gemstone-256x23,19,78705,330000000000,Unknown,0.4339933623046875
Gemstone-256x23,19,79182,332000000000,Unknown,0.4182919677734375
Gemstone-256x23,19,79659,334000000000,Unknown,0.4421236279296875
Gemstone-256x23,19,80136,336000000000,Unknown,0.4378778720703125
Gemstone-256x23,19,80613,338000000000,Unknown,0.4342055908203125
Gemstone-256x23,19,81090,340000000000,Unknown,0.434657705078125
Gemstone-256x23,19,81567,342000000000,Unknown,0.4264548603515625
Gemstone-256x23,19,82044,344000000000,Unknown,0.4406046875
Gemstone-256x23,19,82521,346000000000,Unknown,0.438867126953125
Gemstone-256x23,19,82998,348000000000,Huge,0.4387386982421875
Gemstone-256x23,20,954,4000000000,Unknown,0.2047986845703125
Gemstone-256x23,20,1431,6000000000,Unknown,0.268596990234375
Gemstone-256x23,20,1908,8000000000,Unknown,0.346773642578125
Gemstone-256x23,20,2385,10000000000,Unknown,0.3964444765625
Gemstone-256x23,20,2862,12000000000,Unknown,0.4411482294921875
Gemstone-256x23,20,3339,14000000000,Unknown,0.4560329111328125
Gemstone-256x23,20,3816,16000000000,Unknown,0.4808952041015625
Gemstone-256x23,20,4293,18000000000,Unknown,0.507252015625
Gemstone-256x23,20,4770,20000000000,Unknown,0.5004914111328125
Gemstone-256x23,20,5247,22000000000,Unknown,0.5067080126953125
Gemstone-256x23,20,5724,24000000000,Unknown,0.5158733876953125
Gemstone-256x23,20,6201,26000000000,Unknown,0.522769216796875
Gemstone-256x23,20,6678,28000000000,Unknown,0.5193197919921875
Gemstone-256x23,20,7155,30000000000,Unknown,0.5293432587890625
Gemstone-256x23,20,7632,32000000000,Unknown,0.5248489755859375
Gemstone-256x23,20,8109,34000000000,Unknown,0.53312018359375
Gemstone-256x23,20,8586,36000000000,Unknown,0.52586418359375
Gemstone-256x23,20,9063,38000000000,Unknown,0.5250822470703125
Gemstone-256x23,20,9540,40000000000,Unknown,0.532210220703125
Gemstone-256x23,20,10017,42000000000,Unknown,0.5275821416015625
Gemstone-256x23,20,10494,44000000000,Unknown,0.5225243251953124
Gemstone-256x23,20,10971,46000000000,Unknown,0.4980336181640625
Gemstone-256x23,20,11448,48000000000,Unknown,0.525132177734375
Gemstone-256x23,20,11925,50000000000,Unknown,0.515008853515625
Gemstone-256x23,20,12402,52000000000,Unknown,0.521040677734375
Gemstone-256x23,20,12879,54000000000,Unknown,0.504808435546875
Gemstone-256x23,20,13356,56000000000,Unknown,0.52562065625
Gemstone-256x23,20,13833,58000000000,Unknown,0.5178103154296875
Gemstone-256x23,20,14310,60000000000,Unknown,0.5151203330078125
Gemstone-256x23,20,14787,62000000000,Unknown,0.5165223447265626
Gemstone-256x23,20,15264,64000000000,Unknown,0.508886275390625
Gemstone-256x23,20,15741,66000000000,Unknown,0.5080710517578125
Gemstone-256x23,20,16218,68000000000,Unknown,0.5207460966796875
Gemstone-256x23,20,16695,70000000000,Unknown,0.5103637490234375
Gemstone-256x23,20,17172,72000000000,Unknown,0.51558556640625
Gemstone-256x23,20,17649,74000000000,Unknown,0.5025187060546875
Gemstone-256x23,20,18126,76000000000,Unknown,0.50811271875
Gemstone-256x23,20,18603,78000000000,Unknown,0.5065045927734375
Gemstone-256x23,20,19080,80000000000,Unknown,0.5105732734375
Gemstone-256x23,20,19557,82000000000,Unknown,0.5055826220703125
Gemstone-256x23,20,20034,84000000000,Unknown,0.5148729072265625
Gemstone-256x23,20,20511,86000000000,Unknown,0.49638130859375
Gemstone-256x23,20,20988,88000000000,Unknown,0.512928603515625
Gemstone-256x23,20,21465,90000000000,Unknown,0.504996591796875
Gemstone-256x23,20,21942,92000000000,Unknown,0.5107428603515625
Gemstone-256x23,20,22419,94000000000,Unknown,0.49936076953125
Gemstone-256x23,20,22896,96000000000,Unknown,0.5030115361328125
Gemstone-256x23,20,23373,98000000000,Unknown,0.50653980859375
Gemstone-256x23,20,23850,100000000000,Unknown,0.4958290927734375
Gemstone-256x23,20,24327,102000000000,Unknown,0.50054958203125
Gemstone-256x23,20,24804,104000000000,Unknown,0.4918737578125
Gemstone-256x23,20,25281,106000000000,Unknown,0.5028264482421875
Gemstone-256x23,20,25758,108000000000,Unknown,0.48784530859375
Gemstone-256x23,20,26235,110000000000,Unknown,0.5016751943359375
Gemstone-256x23,20,26712,112000000000,Unknown,0.4984043046875
Gemstone-256x23,20,27189,114000000000,Unknown,0.498215091796875
Gemstone-256x23,20,27666,116000000000,Unknown,0.4904694765625
Gemstone-256x23,20,28143,118000000000,Unknown,0.5024129716796875
Gemstone-256x23,20,28620,120000000000,Unknown,0.4883886083984375
Gemstone-256x23,20,29097,122000000000,Unknown,0.49487037109375
Gemstone-256x23,20,29574,124000000000,Unknown,0.48367087109375
Gemstone-256x23,20,30051,126000000000,Unknown,0.4965332587890625
Gemstone-256x23,20,30528,128000000000,Unknown,0.4934369140625
Gemstone-256x23,20,31005,130000000000,Unknown,0.5059220234375
Gemstone-256x23,20,31482,132000000000,Unknown,0.495531306640625
Gemstone-256x23,20,31959,134000000000,Unknown,0.490521736328125
Gemstone-256x23,20,32436,136000000000,Unknown,0.4851470595703125
Gemstone-256x23,20,32913,138000000000,Unknown,0.472903759765625
Gemstone-256x23,20,33390,140000000000,Unknown,0.492376267578125
Gemstone-256x23,20,33867,142000000000,Unknown,0.48567151171875
Gemstone-256x23,20,34344,144000000000,Unknown,0.4848671796875
Gemstone-256x23,20,34821,146000000000,Unknown,0.4828660830078125
Gemstone-256x23,20,35298,148000000000,Unknown,0.4763029453125
Gemstone-256x23,20,35775,150000000000,Unknown,0.48050292578125
Gemstone-256x23,20,36252,152000000000,Unknown,0.4659625244140625
Gemstone-256x23,20,36729,154000000000,Unknown,0.4874572998046875
Gemstone-256x23,20,37206,156000000000,Unknown,0.48263446484375
Gemstone-256x23,20,37683,158000000000,Unknown,0.4749387353515625
Gemstone-256x23,20,38160,160000000000,Unknown,0.482382763671875
Gemstone-256x23,20,38637,162000000000,Unknown,0.4684308876953125
Gemstone-256x23,20,39114,164000000000,Unknown,0.4606795888671875
Gemstone-256x23,20,39591,166000000000,Unknown,0.4749939619140625
Gemstone-256x23,20,40068,168000000000,Unknown,0.47040962890625
Gemstone-256x23,20,40545,170000000000,Unknown,0.46774086328125
Gemstone-256x23,20,41022,172000000000,Unknown,0.4646353642578125
Gemstone-256x23,20,41499,174000000000,Unknown,0.4822088193359375
Gemstone-256x23,20,41976,176000000000,Unknown,0.4633395556640625
Gemstone-256x23,20,42453,178000000000,Unknown,0.46491994140625
Gemstone-256x23,20,42930,180000000000,Unknown,0.4595899921875
Gemstone-256x23,20,43407,182000000000,Unknown,0.4608671015625
Gemstone-256x23,20,43884,184000000000,Unknown,0.468138958984375
Gemstone-256x23,20,44361,186000000000,Unknown,0.4660760595703125
Gemstone-256x23,20,44838,188000000000,Unknown,0.45783071875
Gemstone-256x23,20,45315,190000000000,Unknown,0.4468590810546875
Gemstone-256x23,20,45792,192000000000,Unknown,0.46070087109375
Gemstone-256x23,20,46269,194000000000,Unknown,0.4567194326171875
Gemstone-256x23,20,46746,196000000000,Unknown,0.4547198046875
Gemstone-256x23,20,47223,198000000000,Unknown,0.4620946943359375
Gemstone-256x23,20,47700,200000000000,Unknown,0.4586366435546875
Gemstone-256x23,20,48177,202000000000,Unknown,0.45151605859375
Gemstone-256x23,20,48654,204000000000,Unknown,0.462893626953125
Gemstone-256x23,20,49131,206000000000,Unknown,0.445650861328125
Gemstone-256x23,20,49608,208000000000,Unknown,0.458908037109375
Gemstone-256x23,20,50085,210000000000,Unknown,0.458361080078125
Gemstone-256x23,20,50562,212000000000,Unknown,0.455828802734375
Gemstone-256x23,20,51039,214000000000,Unknown,0.438401353515625
Gemstone-256x23,20,51516,216000000000,Unknown,0.44748994921875
Gemstone-256x23,20,51993,218000000000,Unknown,0.454311998046875
Gemstone-256x23,20,52470,220000000000,Unknown,0.45316053125
Gemstone-256x23,20,52947,222000000000,Unknown,0.456166869140625
Gemstone-256x23,20,53424,224000000000,Unknown,0.459136255859375
Gemstone-256x23,20,53901,226000000000,Unknown,0.4467814609375
Gemstone-256x23,20,54378,228000000000,Unknown,0.4457905673828125
Gemstone-256x23,20,54855,230000000000,Unknown,0.4558098818359375
Gemstone-256x23,20,55332,232000000000,Unknown,0.4444133095703125
Gemstone-256x23,20,55809,234000000000,Unknown,0.4499071015625
Gemstone-256x23,20,56286,236000000000,Unknown,0.4394280478515625
Gemstone-256x23,20,56763,238000000000,Unknown,0.449100341796875
Gemstone-256x23,20,57240,240000000000,Unknown,0.4497312001953125
Gemstone-256x23,20,57717,242000000000,Unknown,0.441224490234375
Gemstone-256x23,20,58194,244000000000,Unknown,0.44244323828125
Gemstone-256x23,20,58671,246000000000,Unknown,0.4486754638671875
Gemstone-256x23,20,59148,248000000000,Unknown,0.4427918916015625
Gemstone-256x23,20,59625,250000000000,Unknown,0.4450978076171875
Gemstone-256x23,20,60102,252000000000,Unknown,0.4454993115234375
Gemstone-256x23,20,60579,254000000000,Unknown,0.4459034111328125
Gemstone-256x23,20,61056,256000000000,Unknown,0.4468405869140625
Gemstone-256x23,20,61533,258000000000,Unknown,0.454557658203125
Gemstone-256x23,20,62010,260000000000,Unknown,0.444334458984375
Gemstone-256x23,20,62487,262000000000,Unknown,0.4391492353515625
Gemstone-256x23,20,62964,264000000000,Unknown,0.4490496865234375
Gemstone-256x23,20,63441,266000000000,Unknown,0.44955773828125
Gemstone-256x23,20,63918,268000000000,Unknown,0.4462577587890625
Gemstone-256x23,20,64395,270000000000,Unknown,0.4456421005859375
Gemstone-256x23,20,64872,272000000000,Unknown,0.4320225810546875
Gemstone-256x23,20,65349,274000000000,Unknown,0.4319474931640625
Gemstone-256x23,20,65826,276000000000,Unknown,0.438593955078125
Gemstone-256x23,20,66303,278000000000,Unknown,0.4482470302734375
Gemstone-256x23,20,66780,280000000000,Unknown,0.4323818759765625
Gemstone-256x23,20,67257,282000000000,Unknown,0.4410897646484375
Gemstone-256x23,20,67734,284000000000,Unknown,0.4455226201171875
Gemstone-256x23,20,68211,286000000000,Unknown,0.4572796474609375
Gemstone-256x23,20,68688,288000000000,Unknown,0.4505941630859375
Gemstone-256x23,20,69165,290000000000,Unknown,0.4350415537109375
Gemstone-256x23,20,69642,292000000000,Unknown,0.4421199287109375
Gemstone-256x23,20,70119,294000000000,Unknown,0.4490725615234375
Gemstone-256x23,20,70596,296000000000,Unknown,0.44279227734375
Gemstone-256x23,20,71073,298000000000,Unknown,0.445508548828125
Gemstone-256x23,20,71550,300000000000,Unknown,0.44553170703125
Gemstone-256x23,20,72027,302000000000,Unknown,0.453574353515625
Gemstone-256x23,20,72504,304000000000,Unknown,0.4410593369140625
Gemstone-256x23,20,72981,306000000000,Unknown,0.427882505859375
Gemstone-256x23,20,73458,308000000000,Unknown,0.441173640625
Gemstone-256x23,20,73935,310000000000,Unknown,0.4504140927734375
Gemstone-256x23,20,74412,312000000000,Unknown,0.4389100439453125
Gemstone-256x23,20,74889,314000000000,Unknown,0.4423629833984375
Gemstone-256x23,20,75366,316000000000,Unknown,0.4381831640625
Gemstone-256x23,20,75843,318000000000,Unknown,0.42967224609375
Gemstone-256x23,20,76320,320000000000,Unknown,0.4479681513671875
Gemstone-256x23,20,76797,322000000000,Unknown,0.4434001669921875
Gemstone-256x23,20,77274,324000000000,Unknown,0.438712658203125
Gemstone-256x23,20,77751,326000000000,Unknown,0.4452026005859375
Gemstone-256x23,20,78228,328000000000,Unknown,0.434549673828125
Gemstone-256x23,20,78705,330000000000,Unknown,0.443990322265625
Gemstone-256x23,20,79182,332000000000,Unknown,0.4284423681640625
Gemstone-256x23,20,79659,334000000000,Unknown,0.45233667578125
Gemstone-256x23,20,80136,336000000000,Unknown,0.4486987998046875
Gemstone-256x23,20,80613,338000000000,Unknown,0.4441359970703125
Gemstone-256x23,20,81090,340000000000,Unknown,0.444210341796875
Gemstone-256x23,20,81567,342000000000,Unknown,0.4367154287109375
Gemstone-256x23,20,82044,344000000000,Unknown,0.4498406708984375
Gemstone-256x23,20,82521,346000000000,Unknown,0.4484924306640625
Gemstone-256x23,20,82998,348000000000,Huge,0.4484628984375
Gemstone-256x23,21,954,4000000000,Unknown,0.2495163754882812
Gemstone-256x23,21,1431,6000000000,Unknown,0.29794171875
Gemstone-256x23,21,1908,8000000000,Unknown,0.376036962890625
Gemstone-256x23,21,2385,10000000000,Unknown,0.4160995087890625
Gemstone-256x23,21,2862,12000000000,Unknown,0.460889326171875
Gemstone-256x23,21,3339,14000000000,Unknown,0.4664550498046875
Gemstone-256x23,21,3816,16000000000,Unknown,0.494506646484375
Gemstone-256x23,21,4293,18000000000,Unknown,0.52048035546875
Gemstone-256x23,21,4770,20000000000,Unknown,0.5112880361328125
Gemstone-256x23,21,5247,22000000000,Unknown,0.5164845595703125
Gemstone-256x23,21,5724,24000000000,Unknown,0.5239992109375
Gemstone-256x23,21,6201,26000000000,Unknown,0.5334824345703125
Gemstone-256x23,21,6678,28000000000,Unknown,0.5288586484375
Gemstone-256x23,21,7155,30000000000,Unknown,0.537244689453125
Gemstone-256x23,21,7632,32000000000,Unknown,0.5314975322265625
Gemstone-256x23,21,8109,34000000000,Unknown,0.539766849609375
Gemstone-256x23,21,8586,36000000000,Unknown,0.53204932421875
Gemstone-256x23,21,9063,38000000000,Unknown,0.5304776904296875
Gemstone-256x23,21,9540,40000000000,Unknown,0.5401824404296875
Gemstone-256x23,21,10017,42000000000,Unknown,0.5334201923828125
Gemstone-256x23,21,10494,44000000000,Unknown,0.5287314169921875
Gemstone-256x23,21,10971,46000000000,Unknown,0.502410099609375
Gemstone-256x23,21,11448,48000000000,Unknown,0.5302559326171875
Gemstone-256x23,21,11925,50000000000,Unknown,0.52181501171875
Gemstone-256x23,21,12402,52000000000,Unknown,0.526823400390625
Gemstone-256x23,21,12879,54000000000,Unknown,0.5087619296875
Gemstone-256x23,21,13356,56000000000,Unknown,0.5329752177734375
Gemstone-256x23,21,13833,58000000000,Unknown,0.5235846357421875
Gemstone-256x23,21,14310,60000000000,Unknown,0.5213586064453125
Gemstone-256x23,21,14787,62000000000,Unknown,0.523105107421875
Gemstone-256x23,21,15264,64000000000,Unknown,0.5144503828125
Gemstone-256x23,21,15741,66000000000,Unknown,0.5113626953125
Gemstone-256x23,21,16218,68000000000,Unknown,0.5246036591796875
Gemstone-256x23,21,16695,70000000000,Unknown,0.51704562109375
Gemstone-256x23,21,17172,72000000000,Unknown,0.5211024033203125
Gemstone-256x23,21,17649,74000000000,Unknown,0.5086718486328125
Gemstone-256x23,21,18126,76000000000,Unknown,0.5142447138671875
Gemstone-256x23,21,18603,78000000000,Unknown,0.5134483095703125
Gemstone-256x23,21,19080,80000000000,Unknown,0.5178881259765625
Gemstone-256x23,21,19557,82000000000,Unknown,0.512263056640625
Gemstone-256x23,21,20034,84000000000,Unknown,0.5219146201171875
Gemstone-256x23,21,20511,86000000000,Unknown,0.5040367353515625
Gemstone-256x23,21,20988,88000000000,Unknown,0.5192688330078125
Gemstone-256x23,21,21465,90000000000,Unknown,0.5115816240234375
Gemstone-256x23,21,21942,92000000000,Unknown,0.5191154814453125
Gemstone-256x23,21,22419,94000000000,Unknown,0.50537274609375
Gemstone-256x23,21,22896,96000000000,Unknown,0.509907482421875
Gemstone-256x23,21,23373,98000000000,Unknown,0.5153633955078125
Gemstone-256x23,21,23850,100000000000,Unknown,0.50347954296875
Gemstone-256x23,21,24327,102000000000,Unknown,0.511284560546875
Gemstone-256x23,21,24804,104000000000,Unknown,0.4984438232421875
Gemstone-256x23,21,25281,106000000000,Unknown,0.5114537451171876
Gemstone-256x23,21,25758,108000000000,Unknown,0.4957408203125
Gemstone-256x23,21,26235,110000000000,Unknown,0.509606134765625
Gemstone-256x23,21,26712,112000000000,Unknown,0.510211572265625
Gemstone-256x23,21,27189,114000000000,Unknown,0.5092607900390625
Gemstone-256x23,21,27666,116000000000,Unknown,0.4987179423828125
Gemstone-256x23,21,28143,118000000000,Unknown,0.512197966796875
Gemstone-256x23,21,28620,120000000000,Unknown,0.4974043837890625
Gemstone-256x23,21,29097,122000000000,Unknown,0.50642909375
Gemstone-256x23,21,29574,124000000000,Unknown,0.4926765185546875
Gemstone-256x23,21,30051,126000000000,Unknown,0.507683162109375
Gemstone-256x23,21,30528,128000000000,Unknown,0.5039657646484375
Gemstone-256x23,21,31005,130000000000,Unknown,0.5180311962890625
Gemstone-256x23,21,31482,132000000000,Unknown,0.5081574697265625
Gemstone-256x23,21,31959,134000000000,Unknown,0.503045341796875
Gemstone-256x23,21,32436,136000000000,Unknown,0.4958892236328125
Gemstone-256x23,21,32913,138000000000,Unknown,0.484534736328125
Gemstone-256x23,21,33390,140000000000,Unknown,0.50440579296875
Gemstone-256x23,21,33867,142000000000,Unknown,0.5000808330078125
Gemstone-256x23,21,34344,144000000000,Unknown,0.4993103515625
Gemstone-256x23,21,34821,146000000000,Unknown,0.4984935576171875
Gemstone-256x23,21,35298,148000000000,Unknown,0.4916343681640625
Gemstone-256x23,21,35775,150000000000,Unknown,0.4968178818359375
Gemstone-256x23,21,36252,152000000000,Unknown,0.4814126337890625
Gemstone-256x23,21,36729,154000000000,Unknown,0.5039033359375
Gemstone-256x23,21,37206,156000000000,Unknown,0.4984669677734375
Gemstone-256x23,21,37683,158000000000,Unknown,0.4911697412109375
Gemstone-256x23,21,38160,160000000000,Unknown,0.4986723876953125
Gemstone-256x23,21,38637,162000000000,Unknown,0.4852717646484375
Gemstone-256x23,21,39114,164000000000,Unknown,0.4774823876953125
Gemstone-256x23,21,39591,166000000000,Unknown,0.493925232421875
Gemstone-256x23,21,40068,168000000000,Unknown,0.4883184775390625
Gemstone-256x23,21,40545,170000000000,Unknown,0.4840862001953125
Gemstone-256x23,21,41022,172000000000,Unknown,0.4825984326171875
Gemstone-256x23,21,41499,174000000000,Unknown,0.5049267509765625
Gemstone-256x23,21,41976,176000000000,Unknown,0.4810044462890625
Gemstone-256x23,21,42453,178000000000,Unknown,0.4831459990234375
Gemstone-256x23,21,42930,180000000000,Unknown,0.479217419921875
Gemstone-256x23,21,43407,182000000000,Unknown,0.477974935546875
Gemstone-256x23,21,43884,184000000000,Unknown,0.486669619140625
Gemstone-256x23,21,44361,186000000000,Unknown,0.4844847802734375
Gemstone-256x23,21,44838,188000000000,Unknown,0.477011517578125
Gemstone-256x23,21,45315,190000000000,Unknown,0.4656435439453125
Gemstone-256x23,21,45792,192000000000,Unknown,0.479348408203125
Gemstone-256x23,21,46269,194000000000,Unknown,0.474449923828125
Gemstone-256x23,21,46746,196000000000,Unknown,0.4719428515625
Gemstone-256x23,21,47223,198000000000,Unknown,0.4812292587890625
Gemstone-256x23,21,47700,200000000000,Unknown,0.4778240361328125
Gemstone-256x23,21,48177,202000000000,Unknown,0.4700059638671875
Gemstone-256x23,21,48654,204000000000,Unknown,0.482344123046875
Gemstone-256x23,21,49131,206000000000,Unknown,0.4640219609375
Gemstone-256x23,21,49608,208000000000,Unknown,0.4776553017578125
Gemstone-256x23,21,50085,210000000000,Unknown,0.4768463935546875
Gemstone-256x23,21,50562,212000000000,Unknown,0.47574928515625
Gemstone-256x23,21,51039,214000000000,Unknown,0.4579359560546875
Gemstone-256x23,21,51516,216000000000,Unknown,0.466758283203125
Gemstone-256x23,21,51993,218000000000,Unknown,0.4732911513671875
Gemstone-256x23,21,52470,220000000000,Unknown,0.4715232158203125
Gemstone-256x23,21,52947,222000000000,Unknown,0.4729789951171875
Gemstone-256x23,21,53424,224000000000,Unknown,0.478016892578125
Gemstone-256x23,21,53901,226000000000,Unknown,0.4664525498046875
Gemstone-256x23,21,54378,228000000000,Unknown,0.4637200673828125
Gemstone-256x23,21,54855,230000000000,Unknown,0.475641291015625
Gemstone-256x23,21,55332,232000000000,Unknown,0.4640203583984375
Gemstone-256x23,21,55809,234000000000,Unknown,0.4688956171875
Gemstone-256x23,21,56286,236000000000,Unknown,0.457038193359375
Gemstone-256x23,21,56763,238000000000,Unknown,0.464836482421875
Gemstone-256x23,21,57240,240000000000,Unknown,0.4671788056640625
Gemstone-256x23,21,57717,242000000000,Unknown,0.4575895625
Gemstone-256x23,21,58194,244000000000,Unknown,0.458297890625
Gemstone-256x23,21,58671,246000000000,Unknown,0.467141912109375
Gemstone-256x23,21,59148,248000000000,Unknown,0.4617844736328125
Gemstone-256x23,21,59625,250000000000,Unknown,0.4626684462890625
Gemstone-256x23,21,60102,252000000000,Unknown,0.4634277978515625
Gemstone-256x23,21,60579,254000000000,Unknown,0.4626422646484375
Gemstone-256x23,21,61056,256000000000,Unknown,0.467227787109375
Gemstone-256x23,21,61533,258000000000,Unknown,0.4713523271484375
Gemstone-256x23,21,62010,260000000000,Unknown,0.459716056640625
Gemstone-256x23,21,62487,262000000000,Unknown,0.4562340771484375
Gemstone-256x23,21,62964,264000000000,Unknown,0.4662649423828125
Gemstone-256x23,21,63441,266000000000,Unknown,0.4668664169921875
Gemstone-256x23,21,63918,268000000000,Unknown,0.4636751826171875
Gemstone-256x23,21,64395,270000000000,Unknown,0.464038736328125
Gemstone-256x23,21,64872,272000000000,Unknown,0.4490769287109375
Gemstone-256x23,21,65349,274000000000,Unknown,0.4482827177734375
Gemstone-256x23,21,65826,276000000000,Unknown,0.4563027314453125
Gemstone-256x23,21,66303,278000000000,Unknown,0.464508947265625
Gemstone-256x23,21,66780,280000000000,Unknown,0.449714958984375
Gemstone-256x23,21,67257,282000000000,Unknown,0.4578873984375
Gemstone-256x23,21,67734,284000000000,Unknown,0.461961603515625
Gemstone-256x23,21,68211,286000000000,Unknown,0.477110609375
Gemstone-256x23,21,68688,288000000000,Unknown,0.467784869140625
Gemstone-256x23,21,69165,290000000000,Unknown,0.451675423828125
Gemstone-256x23,21,69642,292000000000,Unknown,0.4595224755859375
Gemstone-256x23,21,70119,294000000000,Unknown,0.4676788505859375
Gemstone-256x23,21,70596,296000000000,Unknown,0.4603075029296875
Gemstone-256x23,21,71073,298000000000,Unknown,0.464042748046875
Gemstone-256x23,21,71550,300000000000,Unknown,0.464102576171875
Gemstone-256x23,21,72027,302000000000,Unknown,0.471082927734375
Gemstone-256x23,21,72504,304000000000,Unknown,0.458828046875
Gemstone-256x23,21,72981,306000000000,Unknown,0.4462663408203125
Gemstone-256x23,21,73458,308000000000,Unknown,0.459577970703125
Gemstone-256x23,21,73935,310000000000,Unknown,0.4691360751953125
Gemstone-256x23,21,74412,312000000000,Unknown,0.456956466796875
Gemstone-256x23,21,74889,314000000000,Unknown,0.4621948701171875
Gemstone-256x23,21,75366,316000000000,Unknown,0.45561313671875
Gemstone-256x23,21,75843,318000000000,Unknown,0.447146361328125
Gemstone-256x23,21,76320,320000000000,Unknown,0.4670889658203125
Gemstone-256x23,21,76797,322000000000,Unknown,0.46287555859375
Gemstone-256x23,21,77274,324000000000,Unknown,0.4567411865234375
Gemstone-256x23,21,77751,326000000000,Unknown,0.463652482421875
Gemstone-256x23,21,78228,328000000000,Unknown,0.4499423525390625
Gemstone-256x23,21,78705,330000000000,Unknown,0.4621543916015625
Gemstone-256x23,21,79182,332000000000,Unknown,0.4464437197265625
Gemstone-256x23,21,79659,334000000000,Unknown,0.4698026591796875
Gemstone-256x23,21,80136,336000000000,Unknown,0.46855175
Gemstone-256x23,21,80613,338000000000,Unknown,0.461583546875
Gemstone-256x23,21,81090,340000000000,Unknown,0.4632976171875
Gemstone-256x23,21,81567,342000000000,Unknown,0.4539202763671875
Gemstone-256x23,21,82044,344000000000,Unknown,0.4687866376953125
Gemstone-256x23,21,82521,346000000000,Unknown,0.4668799228515625
Gemstone-256x23,21,82998,348000000000,Huge,0.4668611474609375
Gemstone-256x23,22,954,4000000000,Unknown,0.3329927192382813
Gemstone-256x23,22,1431,6000000000,Unknown,0.3819728344726562
Gemstone-256x23,22,1908,8000000000,Unknown,0.44091513671875
Gemstone-256x23,22,2385,10000000000,Unknown,0.4662551318359375
Gemstone-256x23,22,2862,12000000000,Unknown,0.5034667158203125
Gemstone-256x23,22,3339,14000000000,Unknown,0.4992168779296875
Gemstone-256x23,22,3816,16000000000,Unknown,0.5232117607421874
Gemstone-256x23,22,4293,18000000000,Unknown,0.543647576171875
Gemstone-256x23,22,4770,20000000000,Unknown,0.5325351015625
Gemstone-256x23,22,5247,22000000000,Unknown,0.5335983359375
Gemstone-256x23,22,5724,24000000000,Unknown,0.5388588740234375
Gemstone-256x23,22,6201,26000000000,Unknown,0.54952294140625
Gemstone-256x23,22,6678,28000000000,Unknown,0.5414933798828125
Gemstone-256x23,22,7155,30000000000,Unknown,0.54820982421875
Gemstone-256x23,22,7632,32000000000,Unknown,0.5383869189453125
Gemstone-256x23,22,8109,34000000000,Unknown,0.55228126171875
Gemstone-256x23,22,8586,36000000000,Unknown,0.5390151357421875
Gemstone-256x23,22,9063,38000000000,Unknown,0.5368363427734375
Gemstone-256x23,22,9540,40000000000,Unknown,0.55082260546875
Gemstone-256x23,22,10017,42000000000,Unknown,0.540669783203125
Gemstone-256x23,22,10494,44000000000,Unknown,0.533092720703125
Gemstone-256x23,22,10971,46000000000,Unknown,0.50194197265625
Gemstone-256x23,22,11448,48000000000,Unknown,0.5346089951171875
Gemstone-256x23,22,11925,50000000000,Unknown,0.5284372880859375
Gemstone-256x23,22,12402,52000000000,Unknown,0.528346267578125
Gemstone-256x23,22,12879,54000000000,Unknown,0.5080619384765624
Gemstone-256x23,22,13356,56000000000,Unknown,0.535748513671875
Gemstone-256x23,22,13833,58000000000,Unknown,0.5281919189453125
Gemstone-256x23,22,14310,60000000000,Unknown,0.5268698427734375
Gemstone-256x23,22,14787,62000000000,Unknown,0.525154095703125
Gemstone-256x23,22,15264,64000000000,Unknown,0.5166787353515625
Gemstone-256x23,22,15741,66000000000,Unknown,0.5147837626953125
Gemstone-256x23,22,16218,68000000000,Unknown,0.528937123046875
Gemstone-256x23,22,16695,70000000000,Unknown,0.5193661611328125
Gemstone-256x23,22,17172,72000000000,Unknown,0.51748683984375
Gemstone-256x23,22,17649,74000000000,Unknown,0.5130271689453125
Gemstone-256x23,22,18126,76000000000,Unknown,0.5164412685546875
Gemstone-256x23,22,18603,78000000000,Unknown,0.5138833583984375
Gemstone-256x23,22,19080,80000000000,Unknown,0.5197357470703124
Gemstone-256x23,22,19557,82000000000,Unknown,0.513143283203125
Gemstone-256x23,22,20034,84000000000,Unknown,0.52113472265625
Gemstone-256x23,22,20511,86000000000,Unknown,0.5019010634765625
Gemstone-256x23,22,20988,88000000000,Unknown,0.5196254169921874
Gemstone-256x23,22,21465,90000000000,Unknown,0.510805443359375
Gemstone-256x23,22,21942,92000000000,Unknown,0.5200257451171875
Gemstone-256x23,22,22419,94000000000,Unknown,0.503792111328125
Gemstone-256x23,22,22896,96000000000,Unknown,0.5084125146484375
Gemstone-256x23,22,23373,98000000000,Unknown,0.516970123046875
Gemstone-256x23,22,23850,100000000000,Unknown,0.5040615380859375
Gemstone-256x23,22,24327,102000000000,Unknown,0.5080993876953125
Gemstone-256x23,22,24804,104000000000,Unknown,0.4935920615234375
Gemstone-256x23,22,25281,106000000000,Unknown,0.5115123984375
Gemstone-256x23,22,25758,108000000000,Unknown,0.49036997265625
Gemstone-256x23,22,26235,110000000000,Unknown,0.5099645634765625
Gemstone-256x23,22,26712,112000000000,Unknown,0.5107862861328125
Gemstone-256x23,22,27189,114000000000,Unknown,0.506728451171875
Gemstone-256x23,22,27666,116000000000,Unknown,0.493595982421875
Gemstone-256x23,22,28143,118000000000,Unknown,0.5108010078125
Gemstone-256x23,22,28620,120000000000,Unknown,0.49271137109375
Gemstone-256x23,22,29097,122000000000,Unknown,0.5030284716796875
Gemstone-256x23,22,29574,124000000000,Unknown,0.48568099609375
Gemstone-256x23,22,30051,126000000000,Unknown,0.5035622109375
Gemstone-256x23,22,30528,128000000000,Unknown,0.5050564189453125
Gemstone-256x23,22,31005,130000000000,Unknown,0.5143132099609375
Gemstone-256x23,22,31482,132000000000,Unknown,0.5074232265625
Gemstone-256x23,22,31959,134000000000,Unknown,0.4993156357421875
Gemstone-256x23,22,32436,136000000000,Unknown,0.4932059091796875
Gemstone-256x23,22,32913,138000000000,Unknown,0.4794526513671875
Gemstone-256x23,22,33390,140000000000,Unknown,0.5015743447265625
Gemstone-256x23,22,33867,142000000000,Unknown,0.4970755185546875
Gemstone-256x23,22,34344,144000000000,Unknown,0.498145353515625
Gemstone-256x23,22,34821,146000000000,Unknown,0.49883576171875
Gemstone-256x23,22,35298,148000000000,Unknown,0.489892923828125
Gemstone-256x23,22,35775,150000000000,Unknown,0.4984365205078125
Gemstone-256x23,22,36252,152000000000,Unknown,0.4779006025390625
Gemstone-256x23,22,36729,154000000000,Unknown,0.5055840234375
Gemstone-256x23,22,37206,156000000000,Unknown,0.5011715078125
Gemstone-256x23,22,37683,158000000000,Unknown,0.49244362109375
Gemstone-256x23,22,38160,160000000000,Unknown,0.5005836171875
Gemstone-256x23,22,38637,162000000000,Unknown,0.487304994140625
Gemstone-256x23,22,39114,164000000000,Unknown,0.4801773134765625
Gemstone-256x23,22,39591,166000000000,Unknown,0.4942125048828125
Gemstone-256x23,22,40068,168000000000,Unknown,0.48962251953125
Gemstone-256x23,22,40545,170000000000,Unknown,0.4835954150390625
Gemstone-256x23,22,41022,172000000000,Unknown,0.4874196572265625
Gemstone-256x23,22,41499,174000000000,Unknown,0.5174872236328125
Gemstone-256x23,22,41976,176000000000,Unknown,0.4839761396484375
Gemstone-256x23,22,42453,178000000000,Unknown,0.487985109375
Gemstone-256x23,22,42930,180000000000,Unknown,0.4827727333984375
Gemstone-256x23,22,43407,182000000000,Unknown,0.47653747265625
Gemstone-256x23,22,43884,184000000000,Unknown,0.492761783203125
Gemstone-256x23,22,44361,186000000000,Unknown,0.490234728515625
Gemstone-256x23,22,44838,188000000000,Unknown,0.481877298828125
Gemstone-256x23,22,45315,190000000000,Unknown,0.4703373173828125
Gemstone-256x23,22,45792,192000000000,Unknown,0.48358658203125
Gemstone-256x23,22,46269,194000000000,Unknown,0.481936671875
Gemstone-256x23,22,46746,196000000000,Unknown,0.4792656650390625
Gemstone-256x23,22,47223,198000000000,Unknown,0.4895206064453125
Gemstone-256x23,22,47700,200000000000,Unknown,0.489838984375
Gemstone-256x23,22,48177,202000000000,Unknown,0.48181635546875
Gemstone-256x23,22,48654,204000000000,Unknown,0.4923530341796875
Gemstone-256x23,22,49131,206000000000,Unknown,0.470896591796875
Gemstone-256x23,22,49608,208000000000,Unknown,0.4889993095703125
Gemstone-256x23,22,50085,210000000000,Unknown,0.4889935654296875
Gemstone-256x23,22,50562,212000000000,Unknown,0.4872284873046875
Gemstone-256x23,22,51039,214000000000,Unknown,0.468491265625
Gemstone-256x23,22,51516,216000000000,Unknown,0.477209744140625
Gemstone-256x23,22,51993,218000000000,Unknown,0.4925632548828125
Gemstone-256x23,22,52470,220000000000,Unknown,0.485444185546875
Gemstone-256x23,22,52947,222000000000,Unknown,0.4884083994140625
Gemstone-256x23,22,53424,224000000000,Unknown,0.488754927734375
Gemstone-256x23,22,53901,226000000000,Unknown,0.48513993359375
Gemstone-256x23,22,54378,228000000000,Unknown,0.477676662109375
Gemstone-256x23,22,54855,230000000000,Unknown,0.4922064052734375
Gemstone-256x23,22,55332,232000000000,Unknown,0.4802416357421875
Gemstone-256x23,22,55809,234000000000,Unknown,0.48759580078125
Gemstone-256x23,22,56286,236000000000,Unknown,0.4727285732421875
Gemstone-256x23,22,56763,238000000000,Unknown,0.48116770703125
Gemstone-256x23,22,57240,240000000000,Unknown,0.4839465908203125
Gemstone-256x23,22,57717,242000000000,Unknown,0.475947166015625
Gemstone-256x23,22,58194,244000000000,Unknown,0.47349980078125
Gemstone-256x23,22,58671,246000000000,Unknown,0.4780777978515625
Gemstone-256x23,22,59148,248000000000,Unknown,0.47876603125
Gemstone-256x23,22,59625,250000000000,Unknown,0.47976105859375
Gemstone-256x23,22,60102,252000000000,Unknown,0.481223642578125
Gemstone-256x23,22,60579,254000000000,Unknown,0.4827772373046875
Gemstone-256x23,22,61056,256000000000,Unknown,0.483839037109375
Gemstone-256x23,22,61533,258000000000,Unknown,0.4927428681640625
Gemstone-256x23,22,62010,260000000000,Unknown,0.4772771875
Gemstone-256x23,22,62487,262000000000,Unknown,0.475356357421875
Gemstone-256x23,22,62964,264000000000,Unknown,0.4803040703125
Gemstone-256x23,22,63441,266000000000,Unknown,0.4864571142578125
Gemstone-256x23,22,63918,268000000000,Unknown,0.4805653837890625
Gemstone-256x23,22,64395,270000000000,Unknown,0.4796221318359375
Gemstone-256x23,22,64872,272000000000,Unknown,0.46447116015625
Gemstone-256x23,22,65349,274000000000,Unknown,0.46614948046875
Gemstone-256x23,22,65826,276000000000,Unknown,0.468962771484375
Gemstone-256x23,22,66303,278000000000,Unknown,0.4853269140625
Gemstone-256x23,22,66780,280000000000,Unknown,0.468119109375
Gemstone-256x23,22,67257,282000000000,Unknown,0.4764524013671875
Gemstone-256x23,22,67734,284000000000,Unknown,0.4803859287109375
Gemstone-256x23,22,68211,286000000000,Unknown,0.4909687587890625
Gemstone-256x23,22,68688,288000000000,Unknown,0.4860342958984375
Gemstone-256x23,22,69165,290000000000,Unknown,0.4597856162109375
Gemstone-256x23,22,69642,292000000000,Unknown,0.4786350078125
Gemstone-256x23,22,70119,294000000000,Unknown,0.487475728515625
Gemstone-256x23,22,70596,296000000000,Unknown,0.4810115166015625
Gemstone-256x23,22,71073,298000000000,Unknown,0.48253214453125
Gemstone-256x23,22,71550,300000000000,Unknown,0.4862472802734375
Gemstone-256x23,22,72027,302000000000,Unknown,0.491547376953125
Gemstone-256x23,22,72504,304000000000,Unknown,0.4672796943359375
Gemstone-256x23,22,72981,306000000000,Unknown,0.46567946484375
Gemstone-256x23,22,73458,308000000000,Unknown,0.4831201357421875
Gemstone-256x23,22,73935,310000000000,Unknown,0.4936184775390625
Gemstone-256x23,22,74412,312000000000,Unknown,0.471826369140625
Gemstone-256x23,22,74889,314000000000,Unknown,0.4809424404296875
Gemstone-256x23,22,75366,316000000000,Unknown,0.474633318359375
Gemstone-256x23,22,75843,318000000000,Unknown,0.4678568955078125
Gemstone-256x23,22,76320,320000000000,Unknown,0.4869308740234375
Gemstone-256x23,22,76797,322000000000,Unknown,0.4817039482421875
Gemstone-256x23,22,77274,324000000000,Unknown,0.4784557294921875
Gemstone-256x23,22,77751,326000000000,Unknown,0.4786933701171875
Gemstone-256x23,22,78228,328000000000,Unknown,0.464146748046875
Gemstone-256x23,22,78705,330000000000,Unknown,0.480865021484375
Gemstone-256x23,22,79182,332000000000,Unknown,0.4680515625
Gemstone-256x23,22,79659,334000000000,Unknown,0.490086615234375
Gemstone-256x23,22,80136,336000000000,Unknown,0.490985822265625
Gemstone-256x23,22,80613,338000000000,Unknown,0.4820033779296875
Gemstone-256x23,22,81090,340000000000,Unknown,0.484791771484375
Gemstone-256x23,22,81567,342000000000,Unknown,0.472171134765625
Gemstone-256x23,22,82044,344000000000,Unknown,0.4887774970703125
Gemstone-256x23,22,82521,346000000000,Unknown,0.4874733935546875
Gemstone-256x23,22,82998,348000000000,Huge,0.4839438662109375
Gemstone-256x23,23,954,4000000000,Unknown,0.36987405859375
Gemstone-256x23,23,1431,6000000000,Unknown,0.3791206005859375
Gemstone-256x23,23,1908,8000000000,Unknown,0.397411927734375
Gemstone-256x23,23,2385,10000000000,Unknown,0.394952068359375
Gemstone-256x23,23,2862,12000000000,Unknown,0.41591934765625
Gemstone-256x23,23,3339,14000000000,Unknown,0.3908577158203125
Gemstone-256x23,23,3816,16000000000,Unknown,0.4037730502929687
Gemstone-256x23,23,4293,18000000000,Unknown,0.41691436328125
Gemstone-256x23,23,4770,20000000000,Unknown,0.3974870278320312
Gemstone-256x23,23,5247,22000000000,Unknown,0.3954613100585937
Gemstone-256x23,23,5724,24000000000,Unknown,0.3948285107421875
Gemstone-256x23,23,6201,26000000000,Unknown,0.41146902734375
Gemstone-256x23,23,6678,28000000000,Unknown,0.3970445395507812
Gemstone-256x23,23,7155,30000000000,Unknown,0.4021763583984375
Gemstone-256x23,23,7632,32000000000,Unknown,0.39215444140625
Gemstone-256x23,23,8109,34000000000,Unknown,0.4102661274414062
Gemstone-256x23,23,8586,36000000000,Unknown,0.390277470703125
Gemstone-256x23,23,9063,38000000000,Unknown,0.3925356953125
Gemstone-256x23,23,9540,40000000000,Unknown,0.416363625
Gemstone-256x23,23,10017,42000000000,Unknown,0.4007681391601562
Gemstone-256x23,23,10494,44000000000,Unknown,0.3918022622070312
Gemstone-256x23,23,10971,46000000000,Unknown,0.359231189453125
Gemstone-256x23,23,11448,48000000000,Unknown,0.398132375
Gemstone-256x23,23,11925,50000000000,Unknown,0.3983224370117187
Gemstone-256x23,23,12402,52000000000,Unknown,0.3898556201171875
Gemstone-256x23,23,12879,54000000000,Unknown,0.3723669438476562
Gemstone-256x23,23,13356,56000000000,Unknown,0.4058322270507812
Gemstone-256x23,23,13833,58000000000,Unknown,0.4013370053710937
Gemstone-256x23,23,14310,60000000000,Unknown,0.39978724609375
Gemstone-256x23,23,14787,62000000000,Unknown,0.3904745209960937
Gemstone-256x23,23,15264,64000000000,Unknown,0.3850486782226562
Gemstone-256x23,23,15741,66000000000,Unknown,0.3863392475585937
Gemstone-256x23,23,16218,68000000000,Unknown,0.4013444926757812
Gemstone-256x23,23,16695,70000000000,Unknown,0.3907833154296875
Gemstone-256x23,23,17172,72000000000,Unknown,0.3807511030273438
Gemstone-256x23,23,17649,74000000000,Unknown,0.3908833793945312
Gemstone-256x23,23,18126,76000000000,Unknown,0.4001104912109375
Gemstone-256x23,23,18603,78000000000,Unknown,0.3826476596679687
Gemstone-256x23,23,19080,80000000000,Unknown,0.3895278989257812
Gemstone-256x23,23,19557,82000000000,Unknown,0.3895383793945312
Gemstone-256x23,23,20034,84000000000,Unknown,0.3931236752929687
Gemstone-256x23,23,20511,86000000000,Unknown,0.3722539560546875
Gemstone-256x23,23,20988,88000000000,Unknown,0.3991967700195312
Gemstone-256x23,23,21465,90000000000,Unknown,0.3809838896484375
Gemstone-256x23,23,21942,92000000000,Unknown,0.3924697646484375
Gemstone-256x23,23,22419,94000000000,Unknown,0.3783627900390625
Gemstone-256x23,23,22896,96000000000,Unknown,0.3829774467773437
Gemstone-256x23,23,23373,98000000000,Unknown,0.38735559765625
Gemstone-256x23,23,23850,100000000000,Unknown,0.3787837138671875
Gemstone-256x23,23,24327,102000000000,Unknown,0.3752156401367187
Gemstone-256x23,23,24804,104000000000,Unknown,0.3654488872070312
Gemstone-256x23,23,25281,106000000000,Unknown,0.3864514448242187
Gemstone-256x23,23,25758,108000000000,Unknown,0.3636522426757812
Gemstone-256x23,23,26235,110000000000,Unknown,0.38767417578125
Gemstone-256x23,23,26712,112000000000,Unknown,0.3888423569335937
Gemstone-256x23,23,27189,114000000000,Unknown,0.383748583984375
Gemstone-256x23,23,27666,116000000000,Unknown,0.3718847846679687
Gemstone-256x23,23,28143,118000000000,Unknown,0.3830352060546875
Gemstone-256x23,23,28620,120000000000,Unknown,0.3738945224609375
Gemstone-256x23,23,29097,122000000000,Unknown,0.375090802734375
Gemstone-256x23,23,29574,124000000000,Unknown,0.359196529296875
Gemstone-256x23,23,30051,126000000000,Unknown,0.3762524614257812
Gemstone-256x23,23,30528,128000000000,Unknown,0.3842147299804687
Gemstone-256x23,23,31005,130000000000,Unknown,0.3884913388671875
Gemstone-256x23,23,31482,132000000000,Unknown,0.389640453125
Gemstone-256x23,23,31959,134000000000,Unknown,0.3774510170898437
Gemstone-256x23,23,32436,136000000000,Unknown,0.37157545703125
Gemstone-256x23,23,32913,138000000000,Unknown,0.3533470913085937
Gemstone-256x23,23,33390,140000000000,Unknown,0.3788770927734375
Gemstone-256x23,23,33867,142000000000,Unknown,0.373577201171875
Gemstone-256x23,23,34344,144000000000,Unknown,0.376364615234375
Gemstone-256x23,23,34821,146000000000,Unknown,0.3759671352539062
Gemstone-256x23,23,35298,148000000000,Unknown,0.3706681967773437
Gemstone-256x23,23,35775,150000000000,Unknown,0.3723933325195313
Gemstone-256x23,23,36252,152000000000,Unknown,0.3594524702148437
Gemstone-256x23,23,36729,154000000000,Unknown,0.3859667978515625
Gemstone-256x23,23,37206,156000000000,Unknown,0.3798389653320312
Gemstone-256x23,23,37683,158000000000,Unknown,0.3709236108398437
Gemstone-256x23,23,38160,160000000000,Unknown,0.382801193359375
Gemstone-256x23,23,38637,162000000000,Unknown,0.3645318984375
Gemstone-256x23,23,39114,164000000000,Unknown,0.363305880859375
Gemstone-256x23,23,39591,166000000000,Unknown,0.3758409853515625
Gemstone-256x23,23,40068,168000000000,Unknown,0.3656720444335937
Gemstone-256x23,23,40545,170000000000,Unknown,0.3597415942382812
Gemstone-256x23,23,41022,172000000000,Unknown,0.3688783061523437
Gemstone-256x23,23,41499,174000000000,Unknown,0.3875934951171875
Gemstone-256x23,23,41976,176000000000,Unknown,0.3645754907226562
Gemstone-256x23,23,42453,178000000000,Unknown,0.3696626821289062
Gemstone-256x23,23,42930,180000000000,Unknown,0.3623562905273437
Gemstone-256x23,23,43407,182000000000,Unknown,0.3545789262695312
Gemstone-256x23,23,43884,184000000000,Unknown,0.3749570805664062
Gemstone-256x23,23,44361,186000000000,Unknown,0.3685815546875
Gemstone-256x23,23,44838,188000000000,Unknown,0.3604074150390625
Gemstone-256x23,23,45315,190000000000,Unknown,0.35223226171875
Gemstone-256x23,23,45792,192000000000,Unknown,0.3623827875976562
Gemstone-256x23,23,46269,194000000000,Unknown,0.363504982421875
Gemstone-256x23,23,46746,196000000000,Unknown,0.35221333984375
Gemstone-256x23,23,47223,198000000000,Unknown,0.3668651704101562
Gemstone-256x23,23,47700,200000000000,Unknown,0.3759216826171875
Gemstone-256x23,23,48177,202000000000,Unknown,0.35889413671875
Gemstone-256x23,23,48654,204000000000,Unknown,0.3593568901367187
Gemstone-256x23,23,49131,206000000000,Unknown,0.35076463671875
Gemstone-256x23,23,49608,208000000000,Unknown,0.3603879057617187
Gemstone-256x23,23,50085,210000000000,Unknown,0.3669462280273437
Gemstone-256x23,23,50562,212000000000,Unknown,0.3645503833007812
Gemstone-256x23,23,51039,214000000000,Unknown,0.3455932294921875
Gemstone-256x23,23,51516,216000000000,Unknown,0.355025072265625
Gemstone-256x23,23,51993,218000000000,Unknown,0.3628291762695312
Gemstone-256x23,23,52470,220000000000,Unknown,0.3656870864257812
Gemstone-256x23,23,52947,222000000000,Unknown,0.3585822329101562
Gemstone-256x23,23,53424,224000000000,Unknown,0.3636015947265625
Gemstone-256x23,23,53901,226000000000,Unknown,0.3585453745117187
Gemstone-256x23,23,54378,228000000000,Unknown,0.3518891513671875
Gemstone-256x23,23,54855,230000000000,Unknown,0.366237474609375
Gemstone-256x23,23,55332,232000000000,Unknown,0.3472738823242187
Gemstone-256x23,23,55809,234000000000,Unknown,0.360137267578125
Gemstone-256x23,23,56286,236000000000,Unknown,0.355813623046875
Gemstone-256x23,23,56763,238000000000,Unknown,0.3527529541015625
Gemstone-256x23,23,57240,240000000000,Unknown,0.3512466484375
Gemstone-256x23,23,57717,242000000000,Unknown,0.347179390625
Gemstone-256x23,23,58194,244000000000,Unknown,0.3453216103515625
Gemstone-256x23,23,58671,246000000000,Unknown,0.35132940234375
Gemstone-256x23,23,59148,248000000000,Unknown,0.3522859584960937
Gemstone-256x23,23,59625,250000000000,Unknown,0.3487100854492188
Gemstone-256x23,23,60102,252000000000,Unknown,0.3431489311523437
Gemstone-256x23,23,60579,254000000000,Unknown,0.3417688100585938
Gemstone-256x23,23,61056,256000000000,Unknown,0.3577234047851562
Gemstone-256x23,23,61533,258000000000,Unknown,0.3634691064453125
Gemstone-256x23,23,62010,260000000000,Unknown,0.3397596938476562
Gemstone-256x23,23,62487,262000000000,Unknown,0.3493250424804687
Gemstone-256x23,23,62964,264000000000,Unknown,0.3541370795898437
Gemstone-256x23,23,63441,266000000000,Unknown,0.3503483442382812
Gemstone-256x23,23,63918,268000000000,Unknown,0.3491404541015625
Gemstone-256x23,23,64395,270000000000,Unknown,0.3485219306640625
Gemstone-256x23,23,64872,272000000000,Unknown,0.3408101870117187
Gemstone-256x23,23,65349,274000000000,Unknown,0.3281288803710937
Gemstone-256x23,23,65826,276000000000,Unknown,0.3375666918945312
Gemstone-256x23,23,66303,278000000000,Unknown,0.3515306391601562
Gemstone-256x23,23,66780,280000000000,Unknown,0.3286174311523437
Gemstone-256x23,23,67257,282000000000,Unknown,0.345542802734375
Gemstone-256x23,23,67734,284000000000,Unknown,0.3444300874023437
Gemstone-256x23,23,68211,286000000000,Unknown,0.3574850478515625
Gemstone-256x23,23,68688,288000000000,Unknown,0.3486494077148437
Gemstone-256x23,23,69165,290000000000,Unknown,0.3257752397460937
Gemstone-256x23,23,69642,292000000000,Unknown,0.3376199990234375
Gemstone-256x23,23,70119,294000000000,Unknown,0.3527072548828125
Gemstone-256x23,23,70596,296000000000,Unknown,0.3418547719726562
Gemstone-256x23,23,71073,298000000000,Unknown,0.3464241767578125
Gemstone-256x23,23,71550,300000000000,Unknown,0.348954904296875
Gemstone-256x23,23,72027,302000000000,Unknown,0.3538406293945312
Gemstone-256x23,23,72504,304000000000,Unknown,0.3277017099609375
Gemstone-256x23,23,72981,306000000000,Unknown,0.3370757338867187
Gemstone-256x23,23,73458,308000000000,Unknown,0.3409178051757812
Gemstone-256x23,23,73935,310000000000,Unknown,0.3501220288085938
Gemstone-256x23,23,74412,312000000000,Unknown,0.33135341796875
Gemstone-256x23,23,74889,314000000000,Unknown,0.3427884731445312
Gemstone-256x23,23,75366,316000000000,Unknown,0.336309044921875
Gemstone-256x23,23,75843,318000000000,Unknown,0.3273857739257813
Gemstone-256x23,23,76320,320000000000,Unknown,0.344593931640625
Gemstone-256x23,23,76797,322000000000,Unknown,0.3498467641601562
Gemstone-256x23,23,77274,324000000000,Unknown,0.3398910180664062
Gemstone-256x23,23,77751,326000000000,Unknown,0.3371106958007812
Gemstone-256x23,23,78228,328000000000,Unknown,0.3209396059570312
Gemstone-256x23,23,78705,330000000000,Unknown,0.3376511796875
Gemstone-256x23,23,79182,332000000000,Unknown,0.3307680854492187
Gemstone-256x23,23,79659,334000000000,Unknown,0.346621748046875
Gemstone-256x23,23,80136,336000000000,Unknown,0.3497644375
Gemstone-256x23,23,80613,338000000000,Unknown,0.338906994140625
Gemstone-256x23,23,81090,340000000000,Unknown,0.34182305859375
Gemstone-256x23,23,81567,342000000000,Unknown,0.3265212329101562
Gemstone-256x23,23,82044,344000000000,Unknown,0.3452540361328125
Gemstone-256x23,23,82521,346000000000,Unknown,0.3467065356445312
Gemstone-256x23,23,82998,348000000000,Huge,0.3370410029296875
Gemstone-512x11,0,477,2000000000,Unknown,0.0064568267669677
Gemstone-512x11,0,954,4000000000,Unknown,0.0117819490661621
Gemstone-512x11,0,1431,6000000000,Unknown,0.0163179699401855
Gemstone-512x11,0,1908,8000000000,Unknown,0.0202095279846191
Gemstone-512x11,0,2385,10000000000,Unknown,0.0235838086242675
Gemstone-512x11,0,2862,12000000000,Unknown,0.0261037693481445
Gemstone-512x11,0,3339,14000000000,Unknown,0.0282501770629882
Gemstone-512x11,0,3816,16000000000,Unknown,0.0313306715698242
Gemstone-512x11,0,4293,18000000000,Unknown,0.0336511353759765
Gemstone-512x11,0,4770,20000000000,Unknown,0.0358328100585937
Gemstone-512x11,0,5247,22000000000,Unknown,0.037062206665039
Gemstone-512x11,0,5724,24000000000,Unknown,0.0378505567016601
Gemstone-512x11,0,6201,26000000000,Unknown,0.0383995061035156
Gemstone-512x11,0,6678,28000000000,Unknown,0.0387431945800781
Gemstone-512x11,0,7155,30000000000,Unknown,0.0389371101074218
Gemstone-512x11,0,7632,32000000000,Unknown,0.0388100673217773
Gemstone-512x11,0,8109,34000000000,Unknown,0.0386394260253906
Gemstone-512x11,0,8586,36000000000,Unknown,0.0383420905151367
Gemstone-512x11,0,9063,38000000000,Unknown,0.0380997620239257
Gemstone-512x11,0,9540,40000000000,Unknown,0.0379900305786132
Gemstone-512x11,0,10017,42000000000,Unknown,0.0377757079467773
Gemstone-512x11,0,10494,44000000000,Unknown,0.0375870253295898
Gemstone-512x11,0,10971,46000000000,Unknown,0.0373297032470703
Gemstone-512x11,0,11448,48000000000,Unknown,0.0370671645507812
Gemstone-512x11,0,11925,50000000000,Unknown,0.0368710788574218
Gemstone-512x11,0,12402,52000000000,Unknown,0.0367494241943359
Gemstone-512x11,0,12879,54000000000,Unknown,0.0365119469604492
Gemstone-512x11,0,13356,56000000000,Unknown,0.0361165061035156
Gemstone-512x11,0,13833,58000000000,Unknown,0.0360933197631835
Gemstone-512x11,0,14310,60000000000,Unknown,0.0358462545776367
Gemstone-512x11,0,14787,62000000000,Unknown,0.0355745949707031
Gemstone-512x11,0,15264,64000000000,Unknown,0.0355878020629882
Gemstone-512x11,0,15741,66000000000,Unknown,0.0351669857788085
Gemstone-512x11,0,16218,68000000000,Unknown,0.0351340912475585
Gemstone-512x11,0,16695,70000000000,Unknown,0.0351880200805664
Gemstone-512x11,0,17172,72000000000,Unknown,0.0349083692626953
Gemstone-512x11,0,17649,74000000000,Unknown,0.0348563895874023
Gemstone-512x11,0,18126,76000000000,Unknown,0.0350521722412109
Gemstone-512x11,0,18603,78000000000,Unknown,0.0349576621704101
Gemstone-512x11,0,19080,80000000000,Unknown,0.0347909020385742
Gemstone-512x11,0,19557,82000000000,Unknown,0.0349346143188476
Gemstone-512x11,0,20034,84000000000,Unknown,0.0347825720825195
Gemstone-512x11,0,20511,86000000000,Unknown,0.0348187695922851
Gemstone-512x11,0,20988,88000000000,Unknown,0.0348441528930664
Gemstone-512x11,0,21465,90000000000,Unknown,0.0348446884765625
Gemstone-512x11,0,21942,92000000000,Unknown,0.0348169920654296
Gemstone-512x11,0,22419,94000000000,Unknown,0.0348657738037109
Gemstone-512x11,0,22896,96000000000,Unknown,0.0347231925659179
Gemstone-512x11,0,23373,98000000000,Unknown,0.0351262733154296
Gemstone-512x11,0,23850,100000000000,Unknown,0.0352692314453125
Gemstone-512x11,0,24327,102000000000,Unknown,0.0352317368164062
Gemstone-512x11,0,24804,104000000000,Unknown,0.0353998208618164
Gemstone-512x11,0,25281,106000000000,Unknown,0.0356834282226562
Gemstone-512x11,0,25758,108000000000,Unknown,0.0356286005859375
Gemstone-512x11,0,26235,110000000000,Unknown,0.035732841796875
Gemstone-512x11,0,26712,112000000000,Unknown,0.0357616548461914
Gemstone-512x11,0,27189,114000000000,Unknown,0.0357713753662109
Gemstone-512x11,0,27666,116000000000,Unknown,0.0361148896484375
Gemstone-512x11,0,28143,118000000000,Unknown,0.0361527353515625
Gemstone-512x11,0,28620,120000000000,Unknown,0.0361853047485351
Gemstone-512x11,0,29097,122000000000,Unknown,0.0363468300170898
Gemstone-512x11,0,29574,124000000000,Unknown,0.0361358157348632
Gemstone-512x11,0,30051,126000000000,Unknown,0.036270246520996
Gemstone-512x11,0,30528,128000000000,Unknown,0.0364242916259765
Gemstone-512x11,0,31005,130000000000,Unknown,0.0364542939453125
Gemstone-512x11,0,31482,132000000000,Unknown,0.0365503768310546
Gemstone-512x11,0,31959,134000000000,Unknown,0.0365992229003906
Gemstone-512x11,0,32436,136000000000,Unknown,0.036469000793457
Gemstone-512x11,0,32913,138000000000,Unknown,0.0363846234130859
Gemstone-512x11,0,33390,140000000000,Unknown,0.0367960083007812
Gemstone-512x11,0,33867,142000000000,Unknown,0.036716606262207
Gemstone-512x11,0,34344,144000000000,Unknown,0.0366576428222656
Gemstone-512x11,0,34821,146000000000,Unknown,0.0367824959716796
Gemstone-512x11,0,35298,148000000000,Unknown,0.0368589991455078
Gemstone-512x11,0,35775,150000000000,Unknown,0.0369287835083007
Gemstone-512x11,0,36252,152000000000,Unknown,0.037077511352539
Gemstone-512x11,0,36729,154000000000,Unknown,0.037125439086914
Gemstone-512x11,0,37206,156000000000,Unknown,0.0371447658081054
Gemstone-512x11,0,37683,158000000000,Unknown,0.0371870550537109
Gemstone-512x11,0,38160,160000000000,Unknown,0.0374223185424804
Gemstone-512x11,0,38637,162000000000,Unknown,0.0375877941284179
Gemstone-512x11,0,39114,164000000000,Unknown,0.037618139465332
Gemstone-512x11,0,39591,166000000000,Unknown,0.0376261075439453
Gemstone-512x11,0,40068,168000000000,Unknown,0.0375866268310546
Gemstone-512x11,0,40545,170000000000,Unknown,0.0376276763916015
Gemstone-512x11,0,41022,172000000000,Unknown,0.0374288500976562
Gemstone-512x11,0,41499,174000000000,Unknown,0.0374201704101562
Gemstone-512x11,0,41976,176000000000,Unknown,0.0375486692504882
Gemstone-512x11,0,42453,178000000000,Unknown,0.0376025125732421
Gemstone-512x11,0,42930,180000000000,Unknown,0.037785235168457
Gemstone-512x11,0,43407,182000000000,Unknown,0.0377828315429687
Gemstone-512x11,0,43884,184000000000,Unknown,0.0377737753295898
Gemstone-512x11,0,44361,186000000000,Unknown,0.0377982935791015
Gemstone-512x11,0,44838,188000000000,Unknown,0.0380992893676757
Gemstone-512x11,0,45315,190000000000,Unknown,0.038003132446289
Gemstone-512x11,0,45792,192000000000,Unknown,0.0382413193969726
Gemstone-512x11,0,46269,194000000000,Unknown,0.0382610173339843
Gemstone-512x11,0,46746,196000000000,Unknown,0.038392011352539
Gemstone-512x11,0,47223,198000000000,Unknown,0.0383420806884765
Gemstone-512x11,0,47700,200000000000,Unknown,0.0384499799194335
Gemstone-512x11,0,48177,202000000000,Unknown,0.0384164292602539
Gemstone-512x11,0,48654,204000000000,Unknown,0.0383819572143554
Gemstone-512x11,0,49131,206000000000,Unknown,0.0382951616210937
Gemstone-512x11,0,49608,208000000000,Unknown,0.0384291242065429
Gemstone-512x11,0,50085,210000000000,Unknown,0.0383516414794921
Gemstone-512x11,0,50562,212000000000,Unknown,0.0383857698974609
Gemstone-512x11,0,51039,214000000000,Unknown,0.038518880493164
Gemstone-512x11,0,51516,216000000000,Unknown,0.0383130616455078
Gemstone-512x11,0,51993,218000000000,Unknown,0.0384043247680664
Gemstone-512x11,0,52470,220000000000,Unknown,0.0385891607666015
Gemstone-512x11,0,52947,222000000000,Unknown,0.0383981356811523
Gemstone-512x11,0,53424,224000000000,Unknown,0.0386157725830078
Gemstone-512x11,0,53901,226000000000,Unknown,0.0390055811767578
Gemstone-512x11,0,54378,228000000000,Unknown,0.0389077760009765
Gemstone-512x11,0,54855,230000000000,Unknown,0.0390660010986328
Gemstone-512x11,0,55332,232000000000,Unknown,0.0388563742675781
Gemstone-512x11,0,55809,234000000000,Unknown,0.0393026334838867
Gemstone-512x11,0,56286,236000000000,Unknown,0.0392021813964843
Gemstone-512x11,0,56763,238000000000,Unknown,0.039124833618164
Gemstone-512x11,0,57240,240000000000,Unknown,0.0391798607788085
Gemstone-512x11,0,57717,242000000000,Unknown,0.0395336167602539
Gemstone-512x11,0,58194,244000000000,Unknown,0.0396018792114257
Gemstone-512x11,0,58671,246000000000,Unknown,0.0393624008789062
Gemstone-512x11,0,59148,248000000000,Unknown,0.039253957458496
Gemstone-512x11,0,59625,250000000000,Unknown,0.0391298700561523
Gemstone-512x11,0,60102,252000000000,Unknown,0.0393512991943359
Gemstone-512x11,0,60579,254000000000,Unknown,0.0393330772705078
Gemstone-512x11,0,61056,256000000000,Unknown,0.039230722290039
Gemstone-512x11,0,61533,258000000000,Unknown,0.0393152067871093
Gemstone-512x11,0,62010,260000000000,Unknown,0.0392984600219726
Gemstone-512x11,0,62487,262000000000,Unknown,0.0394136947631835
Gemstone-512x11,0,62964,264000000000,Unknown,0.0394999887695312
Gemstone-512x11,0,63441,266000000000,Unknown,0.0395383957519531
Gemstone-512x11,0,63918,268000000000,Unknown,0.0394335095825195
Gemstone-512x11,0,64395,270000000000,Unknown,0.0392509282226562
Gemstone-512x11,0,64872,272000000000,Unknown,0.0395154603271484
Gemstone-512x11,0,65349,274000000000,Unknown,0.0394851743774414
Gemstone-512x11,0,65826,276000000000,Unknown,0.039555418762207
Gemstone-512x11,0,66303,278000000000,Unknown,0.0395149229125976
Gemstone-512x11,0,66780,280000000000,Unknown,0.0394060195922851
Gemstone-512x11,0,67257,282000000000,Unknown,0.0393609426269531
Gemstone-512x11,0,67734,284000000000,Unknown,0.0394715412597656
Gemstone-512x11,0,68211,286000000000,Unknown,0.0392881983642578
Gemstone-512x11,0,68688,288000000000,Unknown,0.0395331489868164
Gemstone-512x11,0,69165,290000000000,Unknown,0.0393092912597656
Gemstone-512x11,0,69642,292000000000,Unknown,0.0395652573242187
Gemstone-512x11,0,70119,294000000000,Unknown,0.0394209037475585
Gemstone-512x11,0,70596,296000000000,Unknown,0.0395346476440429
Gemstone-512x11,0,71073,298000000000,Unknown,0.0394304388427734
Gemstone-512x11,0,71550,300000000000,Unknown,0.0395488800659179
Gemstone-512x11,0,72027,302000000000,Unknown,0.0394182717895507
Gemstone-512x11,0,72504,304000000000,Unknown,0.039476561340332
Gemstone-512x11,0,72981,306000000000,Unknown,0.0394232896728515
Gemstone-512x11,0,73458,308000000000,Unknown,0.039494604309082
Gemstone-512x11,0,73935,310000000000,Unknown,0.0395500585327148
Gemstone-512x11,0,74412,312000000000,Unknown,0.0394488150024414
Gemstone-512x11,0,74889,314000000000,Unknown,0.0394958361816406
Gemstone-512x11,0,75366,316000000000,Unknown,0.0394916921386718
Gemstone-512x11,0,75843,318000000000,Unknown,0.039416601196289
Gemstone-512x11,0,76320,320000000000,Unknown,0.039594305114746
Gemstone-512x11,0,76797,322000000000,Unknown,0.0394380543823242
Gemstone-512x11,0,77274,324000000000,Unknown,0.0395686746826171
Gemstone-512x11,0,77751,326000000000,Unknown,0.0394300798339843
Gemstone-512x11,0,78228,328000000000,Unknown,0.039485658203125
Gemstone-512x11,0,78705,330000000000,Unknown,0.0394268270874023
Gemstone-512x11,0,79182,332000000000,Unknown,0.039751396118164
Gemstone-512x11,0,79659,334000000000,Unknown,0.0397253077392578
Gemstone-512x11,0,80136,336000000000,Unknown,0.039511354309082
Gemstone-512x11,0,80613,338000000000,Unknown,0.0393920718383789
Gemstone-512x11,0,81090,340000000000,Unknown,0.0394697069702148
Gemstone-512x11,0,81567,342000000000,Unknown,0.0393966796264648
Gemstone-512x11,0,82044,344000000000,Unknown,0.0395253464355468
Gemstone-512x11,0,82521,346000000000,Unknown,0.0395782368774414
Gemstone-512x11,0,82998,348000000000,Huge,0.0394947747192382
Gemstone-512x11,1,477,2000000000,Unknown,0.0344585684204101
Gemstone-512x11,1,954,4000000000,Unknown,0.0514596974487304
Gemstone-512x11,1,1431,6000000000,Unknown,0.1002951165771484
Gemstone-512x11,1,1908,8000000000,Unknown,0.1434143627929687
Gemstone-512x11,1,2385,10000000000,Unknown,0.1859754453125
Gemstone-512x11,1,2862,12000000000,Unknown,0.2139516704101562
Gemstone-512x11,1,3339,14000000000,Unknown,0.2387387583007812
Gemstone-512x11,1,3816,16000000000,Unknown,0.2633289282226562
Gemstone-512x11,1,4293,18000000000,Unknown,0.2794727607421875
Gemstone-512x11,1,4770,20000000000,Unknown,0.2979231411132813
Gemstone-512x11,1,5247,22000000000,Unknown,0.3010049975585937
Gemstone-512x11,1,5724,24000000000,Unknown,0.3136159970703125
Gemstone-512x11,1,6201,26000000000,Unknown,0.3139116577148437
Gemstone-512x11,1,6678,28000000000,Unknown,0.323319484375
Gemstone-512x11,1,7155,30000000000,Unknown,0.3297070698242187
Gemstone-512x11,1,7632,32000000000,Unknown,0.3292222041015625
Gemstone-512x11,1,8109,34000000000,Unknown,0.33118862890625
Gemstone-512x11,1,8586,36000000000,Unknown,0.3395338154296875
Gemstone-512x11,1,9063,38000000000,Unknown,0.339147712890625
Gemstone-512x11,1,9540,40000000000,Unknown,0.3402645478515625
Gemstone-512x11,1,10017,42000000000,Unknown,0.347831849609375
Gemstone-512x11,1,10494,44000000000,Unknown,0.3470986655273437
Gemstone-512x11,1,10971,46000000000,Unknown,0.35834152734375
Gemstone-512x11,1,11448,48000000000,Unknown,0.3584122211914062
Gemstone-512x11,1,11925,50000000000,Unknown,0.3672152221679687
Gemstone-512x11,1,12402,52000000000,Unknown,0.368084123046875
Gemstone-512x11,1,12879,54000000000,Unknown,0.3706446499023437
Gemstone-512x11,1,13356,56000000000,Unknown,0.3756867817382812
Gemstone-512x11,1,13833,58000000000,Unknown,0.3833657490234375
Gemstone-512x11,1,14310,60000000000,Unknown,0.3868992094726562
Gemstone-512x11,1,14787,62000000000,Unknown,0.3893576162109375
Gemstone-512x11,1,15264,64000000000,Unknown,0.3941375400390625
Gemstone-512x11,1,15741,66000000000,Unknown,0.3928431171875
Gemstone-512x11,1,16218,68000000000,Unknown,0.4012684794921875
Gemstone-512x11,1,16695,70000000000,Unknown,0.407270154296875
Gemstone-512x11,1,17172,72000000000,Unknown,0.404041302734375
Gemstone-512x11,1,17649,74000000000,Unknown,0.412689884765625
Gemstone-512x11,1,18126,76000000000,Unknown,0.413251734375
Gemstone-512x11,1,18603,78000000000,Unknown,0.412467314453125
Gemstone-512x11,1,19080,80000000000,Unknown,0.418139970703125
Gemstone-512x11,1,19557,82000000000,Unknown,0.4160741416015625
Gemstone-512x11,1,20034,84000000000,Unknown,0.4164714248046875
Gemstone-512x11,1,20511,86000000000,Unknown,0.420235369140625
Gemstone-512x11,1,20988,88000000000,Unknown,0.417627775390625
Gemstone-512x11,1,21465,90000000000,Unknown,0.4163903515625
Gemstone-512x11,1,21942,92000000000,Unknown,0.4189454140625
Gemstone-512x11,1,22419,94000000000,Unknown,0.41730448828125
Gemstone-512x11,1,22896,96000000000,Unknown,0.4152811396484375
Gemstone-512x11,1,23373,98000000000,Unknown,0.422370818359375
Gemstone-512x11,1,23850,100000000000,Unknown,0.42527910546875
Gemstone-512x11,1,24327,102000000000,Unknown,0.4233315205078125
Gemstone-512x11,1,24804,104000000000,Unknown,0.414861306640625
Gemstone-512x11,1,25281,106000000000,Unknown,0.4175793720703125
Gemstone-512x11,1,25758,108000000000,Unknown,0.417094052734375
Gemstone-512x11,1,26235,110000000000,Unknown,0.416727763671875
Gemstone-512x11,1,26712,112000000000,Unknown,0.4145366083984375
Gemstone-512x11,1,27189,114000000000,Unknown,0.4160900087890625
Gemstone-512x11,1,27666,116000000000,Unknown,0.421900087890625
Gemstone-512x11,1,28143,118000000000,Unknown,0.4189542861328125
Gemstone-512x11,1,28620,120000000000,Unknown,0.4183421416015625
Gemstone-512x11,1,29097,122000000000,Unknown,0.4180167080078125
Gemstone-512x11,1,29574,124000000000,Unknown,0.4113928515625
Gemstone-512x11,1,30051,126000000000,Unknown,0.4137720615234375
Gemstone-512x11,1,30528,128000000000,Unknown,0.4165326982421875
Gemstone-512x11,1,31005,130000000000,Unknown,0.41041137890625
Gemstone-512x11,1,31482,132000000000,Unknown,0.4095988715820312
Gemstone-512x11,1,31959,134000000000,Unknown,0.4147071318359375
Gemstone-512x11,1,32436,136000000000,Unknown,0.4125932373046875
Gemstone-512x11,1,32913,138000000000,Unknown,0.41265264453125
Gemstone-512x11,1,33390,140000000000,Unknown,0.4185807060546875
Gemstone-512x11,1,33867,142000000000,Unknown,0.412845939453125
Gemstone-512x11,1,34344,144000000000,Unknown,0.4040182524414062
Gemstone-512x11,1,34821,146000000000,Unknown,0.4082049848632813
Gemstone-512x11,1,35298,148000000000,Unknown,0.4076963520507812
Gemstone-512x11,1,35775,150000000000,Unknown,0.4072466489257813
Gemstone-512x11,1,36252,152000000000,Unknown,0.4053624604492187
Gemstone-512x11,1,36729,154000000000,Unknown,0.4035253364257812
Gemstone-512x11,1,37206,156000000000,Unknown,0.4027750776367187
Gemstone-512x11,1,37683,158000000000,Unknown,0.40414140234375
Gemstone-512x11,1,38160,160000000000,Unknown,0.4039266665039062
Gemstone-512x11,1,38637,162000000000,Unknown,0.40151187109375
Gemstone-512x11,1,39114,164000000000,Unknown,0.4016124970703125
Gemstone-512x11,1,39591,166000000000,Unknown,0.4045075786132812
Gemstone-512x11,1,40068,168000000000,Unknown,0.3980719243164062
Gemstone-512x11,1,40545,170000000000,Unknown,0.3940723515625
Gemstone-512x11,1,41022,172000000000,Unknown,0.3961917075195312
Gemstone-512x11,1,41499,174000000000,Unknown,0.3957929853515625
Gemstone-512x11,1,41976,176000000000,Unknown,0.3959542294921875
Gemstone-512x11,1,42453,178000000000,Unknown,0.3896082475585937
Gemstone-512x11,1,42930,180000000000,Unknown,0.3962790004882812
Gemstone-512x11,1,43407,182000000000,Unknown,0.3940404877929687
Gemstone-512x11,1,43884,184000000000,Unknown,0.3926127734375
Gemstone-512x11,1,44361,186000000000,Unknown,0.388370578125
Gemstone-512x11,1,44838,188000000000,Unknown,0.3906356928710937
Gemstone-512x11,1,45315,190000000000,Unknown,0.39380529296875
Gemstone-512x11,1,45792,192000000000,Unknown,0.391056228515625
Gemstone-512x11,1,46269,194000000000,Unknown,0.3872565336914062
Gemstone-512x11,1,46746,196000000000,Unknown,0.3895912963867187
Gemstone-512x11,1,47223,198000000000,Unknown,0.3896435693359375
Gemstone-512x11,1,47700,200000000000,Unknown,0.3892486918945312
Gemstone-512x11,1,48177,202000000000,Unknown,0.3892126352539062
Gemstone-512x11,1,48654,204000000000,Unknown,0.386751068359375
Gemstone-512x11,1,49131,206000000000,Unknown,0.3872259140625
Gemstone-512x11,1,49608,208000000000,Unknown,0.3859947749023437
Gemstone-512x11,1,50085,210000000000,Unknown,0.3858258452148437
Gemstone-512x11,1,50562,212000000000,Unknown,0.3803788720703125
Gemstone-512x11,1,51039,214000000000,Unknown,0.3874496743164062
Gemstone-512x11,1,51516,216000000000,Unknown,0.3785011708984375
Gemstone-512x11,1,51993,218000000000,Unknown,0.3804094633789062
Gemstone-512x11,1,52470,220000000000,Unknown,0.3892469326171875
Gemstone-512x11,1,52947,222000000000,Unknown,0.3821217260742187
Gemstone-512x11,1,53424,224000000000,Unknown,0.3808078090820312
Gemstone-512x11,1,53901,226000000000,Unknown,0.38168233203125
Gemstone-512x11,1,54378,228000000000,Unknown,0.3849276123046875
Gemstone-512x11,1,54855,230000000000,Unknown,0.3833044370117187
Gemstone-512x11,1,55332,232000000000,Unknown,0.376602654296875
Gemstone-512x11,1,55809,234000000000,Unknown,0.3797671767578125
Gemstone-512x11,1,56286,236000000000,Unknown,0.3780046079101563
Gemstone-512x11,1,56763,238000000000,Unknown,0.3748361879882813
Gemstone-512x11,1,57240,240000000000,Unknown,0.3745112587890625
Gemstone-512x11,1,57717,242000000000,Unknown,0.3739033129882812
Gemstone-512x11,1,58194,244000000000,Unknown,0.3739501552734375
Gemstone-512x11,1,58671,246000000000,Unknown,0.374696615234375
Gemstone-512x11,1,59148,248000000000,Unknown,0.37070428515625
Gemstone-512x11,1,59625,250000000000,Unknown,0.3734303500976562
Gemstone-512x11,1,60102,252000000000,Unknown,0.374249626953125
Gemstone-512x11,1,60579,254000000000,Unknown,0.3721460610351562
Gemstone-512x11,1,61056,256000000000,Unknown,0.3707578408203125
Gemstone-512x11,1,61533,258000000000,Unknown,0.3714506030273437
Gemstone-512x11,1,62010,260000000000,Unknown,0.3689228315429687
Gemstone-512x11,1,62487,262000000000,Unknown,0.3716198774414062
Gemstone-512x11,1,62964,264000000000,Unknown,0.3680093740234375
Gemstone-512x11,1,63441,266000000000,Unknown,0.3702417509765625
Gemstone-512x11,1,63918,268000000000,Unknown,0.366291859375
Gemstone-512x11,1,64395,270000000000,Unknown,0.364877666015625
Gemstone-512x11,1,64872,272000000000,Unknown,0.3669424936523437
Gemstone-512x11,1,65349,274000000000,Unknown,0.3666457954101562
Gemstone-512x11,1,65826,276000000000,Unknown,0.3686638447265625
Gemstone-512x11,1,66303,278000000000,Unknown,0.3697511235351562
Gemstone-512x11,1,66780,280000000000,Unknown,0.3631811103515625
Gemstone-512x11,1,67257,282000000000,Unknown,0.3631417583007812
Gemstone-512x11,1,67734,284000000000,Unknown,0.3615828330078125
Gemstone-512x11,1,68211,286000000000,Unknown,0.3615137827148437
Gemstone-512x11,1,68688,288000000000,Unknown,0.366273775390625
Gemstone-512x11,1,69165,290000000000,Unknown,0.3644043759765625
Gemstone-512x11,1,69642,292000000000,Unknown,0.3645181328125
Gemstone-512x11,1,70119,294000000000,Unknown,0.3616795385742187
Gemstone-512x11,1,70596,296000000000,Unknown,0.3686663295898437
Gemstone-512x11,1,71073,298000000000,Unknown,0.3640400849609375
Gemstone-512x11,1,71550,300000000000,Unknown,0.3655541655273437
Gemstone-512x11,1,72027,302000000000,Unknown,0.3603677338867188
Gemstone-512x11,1,72504,304000000000,Unknown,0.3638698486328125
Gemstone-512x11,1,72981,306000000000,Unknown,0.3590835771484375
Gemstone-512x11,1,73458,308000000000,Unknown,0.3609182719726562
Gemstone-512x11,1,73935,310000000000,Unknown,0.3622011079101562
Gemstone-512x11,1,74412,312000000000,Unknown,0.3629855317382812
Gemstone-512x11,1,74889,314000000000,Unknown,0.3549129731445312
Gemstone-512x11,1,75366,316000000000,Unknown,0.3580373701171875
Gemstone-512x11,1,75843,318000000000,Unknown,0.3543776918945313
Gemstone-512x11,1,76320,320000000000,Unknown,0.3597386372070312
Gemstone-512x11,1,76797,322000000000,Unknown,0.357458763671875
Gemstone-512x11,1,77274,324000000000,Unknown,0.358967798828125
Gemstone-512x11,1,77751,326000000000,Unknown,0.3554691625976562
Gemstone-512x11,1,78228,328000000000,Unknown,0.3574950541992187
Gemstone-512x11,1,78705,330000000000,Unknown,0.3547639653320312
Gemstone-512x11,1,79182,332000000000,Unknown,0.3543789418945312
Gemstone-512x11,1,79659,334000000000,Unknown,0.3530246787109375
Gemstone-512x11,1,80136,336000000000,Unknown,0.3542841166992188
Gemstone-512x11,1,80613,338000000000,Unknown,0.3530570541992187
Gemstone-512x11,1,81090,340000000000,Unknown,0.3556260590820312
Gemstone-512x11,1,81567,342000000000,Unknown,0.3527152900390625
Gemstone-512x11,1,82044,344000000000,Unknown,0.3539940966796875
Gemstone-512x11,1,82521,346000000000,Unknown,0.3528803325195312
Gemstone-512x11,1,82998,348000000000,Huge,0.3534432602539062
Gemstone-512x11,2,477,2000000000,Unknown,0.0585270668945312
Gemstone-512x11,2,954,4000000000,Unknown,0.0998544409179687
Gemstone-512x11,2,1431,6000000000,Unknown,0.2269244418945312
Gemstone-512x11,2,1908,8000000000,Unknown,0.4073483310546875
Gemstone-512x11,2,2385,10000000000,Unknown,0.56931391015625
Gemstone-512x11,2,2862,12000000000,Unknown,0.6569315146484375
Gemstone-512x11,2,3339,14000000000,Unknown,0.7132386123046875
Gemstone-512x11,2,3816,16000000000,Unknown,0.753810853515625
Gemstone-512x11,2,4293,18000000000,Unknown,0.7731522265625
Gemstone-512x11,2,4770,20000000000,Unknown,0.78869255859375
Gemstone-512x11,2,5247,22000000000,Unknown,0.7909309453125
Gemstone-512x11,2,5724,24000000000,Unknown,0.7983929228515625
Gemstone-512x11,2,6201,26000000000,Unknown,0.7969771669921875
Gemstone-512x11,2,6678,28000000000,Unknown,0.797312802734375
Gemstone-512x11,2,7155,30000000000,Unknown,0.79654048828125
Gemstone-512x11,2,7632,32000000000,Unknown,0.7895181630859375
Gemstone-512x11,2,8109,34000000000,Unknown,0.7846539853515625
Gemstone-512x11,2,8586,36000000000,Unknown,0.7818103125
Gemstone-512x11,2,9063,38000000000,Unknown,0.7731479677734375
Gemstone-512x11,2,9540,40000000000,Unknown,0.7642921611328125
Gemstone-512x11,2,10017,42000000000,Unknown,0.76100338671875
Gemstone-512x11,2,10494,44000000000,Unknown,0.7494904287109375
Gemstone-512x11,2,10971,46000000000,Unknown,0.74804658203125
Gemstone-512x11,2,11448,48000000000,Unknown,0.7416185205078125
Gemstone-512x11,2,11925,50000000000,Unknown,0.73309408203125
Gemstone-512x11,2,12402,52000000000,Unknown,0.724068359375
Gemstone-512x11,2,12879,54000000000,Unknown,0.71520570703125
Gemstone-512x11,2,13356,56000000000,Unknown,0.7104764091796875
Gemstone-512x11,2,13833,58000000000,Unknown,0.703867962890625
Gemstone-512x11,2,14310,60000000000,Unknown,0.6960222236328125
Gemstone-512x11,2,14787,62000000000,Unknown,0.6885394736328125
Gemstone-512x11,2,15264,64000000000,Unknown,0.679300921875
Gemstone-512x11,2,15741,66000000000,Unknown,0.671906400390625
Gemstone-512x11,2,16218,68000000000,Unknown,0.6662474208984375
Gemstone-512x11,2,16695,70000000000,Unknown,0.662479962890625
Gemstone-512x11,2,17172,72000000000,Unknown,0.6558445888671876
Gemstone-512x11,2,17649,74000000000,Unknown,0.649707755859375
Gemstone-512x11,2,18126,76000000000,Unknown,0.6460425751953125
Gemstone-512x11,2,18603,78000000000,Unknown,0.6350192216796875
Gemstone-512x11,2,19080,80000000000,Unknown,0.63225401953125
Gemstone-512x11,2,19557,82000000000,Unknown,0.624677921875
Gemstone-512x11,2,20034,84000000000,Unknown,0.6196743701171875
Gemstone-512x11,2,20511,86000000000,Unknown,0.6145912138671875
Gemstone-512x11,2,20988,88000000000,Unknown,0.6056673076171875
Gemstone-512x11,2,21465,90000000000,Unknown,0.605102146484375
Gemstone-512x11,2,21942,92000000000,Unknown,0.60366291015625
Gemstone-512x11,2,22419,94000000000,Unknown,0.592041236328125
Gemstone-512x11,2,22896,96000000000,Unknown,0.5924813544921875
Gemstone-512x11,2,23373,98000000000,Unknown,0.5906330654296875
Gemstone-512x11,2,23850,100000000000,Unknown,0.59164523828125
Gemstone-512x11,2,24327,102000000000,Unknown,0.5880418388671875
Gemstone-512x11,2,24804,104000000000,Unknown,0.5770915185546875
Gemstone-512x11,2,25281,106000000000,Unknown,0.57706450390625
Gemstone-512x11,2,25758,108000000000,Unknown,0.57543066015625
Gemstone-512x11,2,26235,110000000000,Unknown,0.571419646484375
Gemstone-512x11,2,26712,112000000000,Unknown,0.5638655166015625
Gemstone-512x11,2,27189,114000000000,Unknown,0.567967345703125
Gemstone-512x11,2,27666,116000000000,Unknown,0.5481090419921875
Gemstone-512x11,2,28143,118000000000,Unknown,0.5630085078125
Gemstone-512x11,2,28620,120000000000,Unknown,0.5665479755859375
Gemstone-512x11,2,29097,122000000000,Unknown,0.5632167861328125
Gemstone-512x11,2,29574,124000000000,Unknown,0.5534987783203125
Gemstone-512x11,2,30051,126000000000,Unknown,0.556304484375
Gemstone-512x11,2,30528,128000000000,Unknown,0.55830515234375
Gemstone-512x11,2,31005,130000000000,Unknown,0.5485742314453125
Gemstone-512x11,2,31482,132000000000,Unknown,0.5503987333984375
Gemstone-512x11,2,31959,134000000000,Unknown,0.5502408271484375
Gemstone-512x11,2,32436,136000000000,Unknown,0.545696701171875
Gemstone-512x11,2,32913,138000000000,Unknown,0.5458538251953124
Gemstone-512x11,2,33390,140000000000,Unknown,0.5545951611328125
Gemstone-512x11,2,33867,142000000000,Unknown,0.5492341015625
Gemstone-512x11,2,34344,144000000000,Unknown,0.5374305908203125
Gemstone-512x11,2,34821,146000000000,Unknown,0.5428835185546875
Gemstone-512x11,2,35298,148000000000,Unknown,0.543409529296875
Gemstone-512x11,2,35775,150000000000,Unknown,0.5384257666015625
Gemstone-512x11,2,36252,152000000000,Unknown,0.537219166015625
Gemstone-512x11,2,36729,154000000000,Unknown,0.532245130859375
Gemstone-512x11,2,37206,156000000000,Unknown,0.5304231533203125
Gemstone-512x11,2,37683,158000000000,Unknown,0.5351318447265625
Gemstone-512x11,2,38160,160000000000,Unknown,0.530853447265625
Gemstone-512x11,2,38637,162000000000,Unknown,0.5271962314453125
Gemstone-512x11,2,39114,164000000000,Unknown,0.5251815849609375
Gemstone-512x11,2,39591,166000000000,Unknown,0.5327561328125
Gemstone-512x11,2,40068,168000000000,Unknown,0.5264684228515625
Gemstone-512x11,2,40545,170000000000,Unknown,0.5180219873046875
Gemstone-512x11,2,41022,172000000000,Unknown,0.525801228515625
Gemstone-512x11,2,41499,174000000000,Unknown,0.52423523046875
Gemstone-512x11,2,41976,176000000000,Unknown,0.5197443486328125
Gemstone-512x11,2,42453,178000000000,Unknown,0.5117636396484375
Gemstone-512x11,2,42930,180000000000,Unknown,0.5197194873046875
Gemstone-512x11,2,43407,182000000000,Unknown,0.519028103515625
Gemstone-512x11,2,43884,184000000000,Unknown,0.514731486328125
Gemstone-512x11,2,44361,186000000000,Unknown,0.5112681953125
Gemstone-512x11,2,44838,188000000000,Unknown,0.51040265625
Gemstone-512x11,2,45315,190000000000,Unknown,0.51270547265625
Gemstone-512x11,2,45792,192000000000,Unknown,0.5124084287109375
Gemstone-512x11,2,46269,194000000000,Unknown,0.51075686328125
Gemstone-512x11,2,46746,196000000000,Unknown,0.51125588671875
Gemstone-512x11,2,47223,198000000000,Unknown,0.510305087890625
Gemstone-512x11,2,47700,200000000000,Unknown,0.5059986396484375
Gemstone-512x11,2,48177,202000000000,Unknown,0.5116897373046875
Gemstone-512x11,2,48654,204000000000,Unknown,0.5067856708984375
Gemstone-512x11,2,49131,206000000000,Unknown,0.5075110302734375
Gemstone-512x11,2,49608,208000000000,Unknown,0.5076058837890625
Gemstone-512x11,2,50085,210000000000,Unknown,0.50348020703125
Gemstone-512x11,2,50562,212000000000,Unknown,0.4995062509765625
Gemstone-512x11,2,51039,214000000000,Unknown,0.5087823095703125
Gemstone-512x11,2,51516,216000000000,Unknown,0.498445853515625
Gemstone-512x11,2,51993,218000000000,Unknown,0.4997946396484375
Gemstone-512x11,2,52470,220000000000,Unknown,0.5100205859375
Gemstone-512x11,2,52947,222000000000,Unknown,0.4975887705078125
Gemstone-512x11,2,53424,224000000000,Unknown,0.4980051572265625
Gemstone-512x11,2,53901,226000000000,Unknown,0.4987866376953125
Gemstone-512x11,2,54378,228000000000,Unknown,0.5058590498046875
Gemstone-512x11,2,54855,230000000000,Unknown,0.5043755341796875
Gemstone-512x11,2,55332,232000000000,Unknown,0.4856813828125
Gemstone-512x11,2,55809,234000000000,Unknown,0.498345845703125
Gemstone-512x11,2,56286,236000000000,Unknown,0.498291181640625
Gemstone-512x11,2,56763,238000000000,Unknown,0.4944393623046875
Gemstone-512x11,2,57240,240000000000,Unknown,0.4958691630859375
Gemstone-512x11,2,57717,242000000000,Unknown,0.4957721298828125
Gemstone-512x11,2,58194,244000000000,Unknown,0.4917959013671875
Gemstone-512x11,2,58671,246000000000,Unknown,0.49483972265625
Gemstone-512x11,2,59148,248000000000,Unknown,0.49180761328125
Gemstone-512x11,2,59625,250000000000,Unknown,0.4929874560546875
Gemstone-512x11,2,60102,252000000000,Unknown,0.479927400390625
Gemstone-512x11,2,60579,254000000000,Unknown,0.4903785703125
Gemstone-512x11,2,61056,256000000000,Unknown,0.489884837890625
Gemstone-512x11,2,61533,258000000000,Unknown,0.4897870927734375
Gemstone-512x11,2,62010,260000000000,Unknown,0.48792846484375
Gemstone-512x11,2,62487,262000000000,Unknown,0.4886888017578125
Gemstone-512x11,2,62964,264000000000,Unknown,0.4828811279296875
Gemstone-512x11,2,63441,266000000000,Unknown,0.489195123046875
Gemstone-512x11,2,63918,268000000000,Unknown,0.480272943359375
Gemstone-512x11,2,64395,270000000000,Unknown,0.481780251953125
Gemstone-512x11,2,64872,272000000000,Unknown,0.4825956767578125
Gemstone-512x11,2,65349,274000000000,Unknown,0.48423644921875
Gemstone-512x11,2,65826,276000000000,Unknown,0.4862647109375
Gemstone-512x11,2,66303,278000000000,Unknown,0.4905240458984375
Gemstone-512x11,2,66780,280000000000,Unknown,0.4788384052734375
Gemstone-512x11,2,67257,282000000000,Unknown,0.481941341796875
Gemstone-512x11,2,67734,284000000000,Unknown,0.4842257685546875
Gemstone-512x11,2,68211,286000000000,Unknown,0.48094325
Gemstone-512x11,2,68688,288000000000,Unknown,0.486434060546875
Gemstone-512x11,2,69165,290000000000,Unknown,0.4882424755859375
Gemstone-512x11,2,69642,292000000000,Unknown,0.483016849609375
Gemstone-512x11,2,70119,294000000000,Unknown,0.4806905771484375
Gemstone-512x11,2,70596,296000000000,Unknown,0.4909272724609375
Gemstone-512x11,2,71073,298000000000,Unknown,0.48349666015625
Gemstone-512x11,2,71550,300000000000,Unknown,0.4865366162109375
Gemstone-512x11,2,72027,302000000000,Unknown,0.480511955078125
Gemstone-512x11,2,72504,304000000000,Unknown,0.4822359443359375
Gemstone-512x11,2,72981,306000000000,Unknown,0.47862890234375
Gemstone-512x11,2,73458,308000000000,Unknown,0.481834927734375
Gemstone-512x11,2,73935,310000000000,Unknown,0.4791770029296875
Gemstone-512x11,2,74412,312000000000,Unknown,0.4882119482421875
Gemstone-512x11,2,74889,314000000000,Unknown,0.4759844521484375
Gemstone-512x11,2,75366,316000000000,Unknown,0.4832181982421875
Gemstone-512x11,2,75843,318000000000,Unknown,0.47289558203125
Gemstone-512x11,2,76320,320000000000,Unknown,0.4815905224609375
Gemstone-512x11,2,76797,322000000000,Unknown,0.4807116962890625
Gemstone-512x11,2,77274,324000000000,Unknown,0.4806301845703125
Gemstone-512x11,2,77751,326000000000,Unknown,0.480648291015625
Gemstone-512x11,2,78228,328000000000,Unknown,0.4787278759765625
Gemstone-512x11,2,78705,330000000000,Unknown,0.4810952392578125
Gemstone-512x11,2,79182,332000000000,Unknown,0.47858196484375
Gemstone-512x11,2,79659,334000000000,Unknown,0.475102294921875
Gemstone-512x11,2,80136,336000000000,Unknown,0.4690222998046875
Gemstone-512x11,2,80613,338000000000,Unknown,0.471053322265625
Gemstone-512x11,2,81090,340000000000,Unknown,0.4796674931640625
Gemstone-512x11,2,81567,342000000000,Unknown,0.471521517578125
Gemstone-512x11,2,82044,344000000000,Unknown,0.4820020625
Gemstone-512x11,2,82521,346000000000,Unknown,0.47492191015625
Gemstone-512x11,2,82998,348000000000,Huge,0.4762818759765625
Gemstone-512x11,3,477,2000000000,Unknown,0.0780951804199218
Gemstone-512x11,3,954,4000000000,Unknown,0.118614486328125
Gemstone-512x11,3,1431,6000000000,Unknown,0.259152234375
Gemstone-512x11,3,1908,8000000000,Unknown,0.4336468564453125
Gemstone-512x11,3,2385,10000000000,Unknown,0.57624519140625
Gemstone-512x11,3,2862,12000000000,Unknown,0.655263984375
Gemstone-512x11,3,3339,14000000000,Unknown,0.7063229716796875
Gemstone-512x11,3,3816,16000000000,Unknown,0.742773005859375
Gemstone-512x11,3,4293,18000000000,Unknown,0.7613152392578125
Gemstone-512x11,3,4770,20000000000,Unknown,0.77649052734375
Gemstone-512x11,3,5247,22000000000,Unknown,0.7803990302734375
Gemstone-512x11,3,5724,24000000000,Unknown,0.787159482421875
Gemstone-512x11,3,6201,26000000000,Unknown,0.785517728515625
Gemstone-512x11,3,6678,28000000000,Unknown,0.785852150390625
Gemstone-512x11,3,7155,30000000000,Unknown,0.7876892216796875
Gemstone-512x11,3,7632,32000000000,Unknown,0.77817382421875
Gemstone-512x11,3,8109,34000000000,Unknown,0.77461087890625
Gemstone-512x11,3,8586,36000000000,Unknown,0.770981486328125
Gemstone-512x11,3,9063,38000000000,Unknown,0.7624212958984375
Gemstone-512x11,3,9540,40000000000,Unknown,0.7534044326171875
Gemstone-512x11,3,10017,42000000000,Unknown,0.74895102734375
Gemstone-512x11,3,10494,44000000000,Unknown,0.73525144921875
Gemstone-512x11,3,10971,46000000000,Unknown,0.736908689453125
Gemstone-512x11,3,11448,48000000000,Unknown,0.7285063291015625
Gemstone-512x11,3,11925,50000000000,Unknown,0.721967
Gemstone-512x11,3,12402,52000000000,Unknown,0.71020381640625
Gemstone-512x11,3,12879,54000000000,Unknown,0.701883984375
Gemstone-512x11,3,13356,56000000000,Unknown,0.6970800556640625
Gemstone-512x11,3,13833,58000000000,Unknown,0.6878107939453125
Gemstone-512x11,3,14310,60000000000,Unknown,0.677787029296875
Gemstone-512x11,3,14787,62000000000,Unknown,0.6757950537109375
Gemstone-512x11,3,15264,64000000000,Unknown,0.6668707919921875
Gemstone-512x11,3,15741,66000000000,Unknown,0.6575865400390625
Gemstone-512x11,3,16218,68000000000,Unknown,0.653115611328125
Gemstone-512x11,3,16695,70000000000,Unknown,0.6486281953125
Gemstone-512x11,3,17172,72000000000,Unknown,0.641515458984375
Gemstone-512x11,3,17649,74000000000,Unknown,0.636225375
Gemstone-512x11,3,18126,76000000000,Unknown,0.6337944345703125
Gemstone-512x11,3,18603,78000000000,Unknown,0.6220120068359375
Gemstone-512x11,3,19080,80000000000,Unknown,0.6180791611328125
Gemstone-512x11,3,19557,82000000000,Unknown,0.6115878740234375
Gemstone-512x11,3,20034,84000000000,Unknown,0.6028181533203125
Gemstone-512x11,3,20511,86000000000,Unknown,0.5995806025390625
Gemstone-512x11,3,20988,88000000000,Unknown,0.59215262890625
Gemstone-512x11,3,21465,90000000000,Unknown,0.5935008828125
Gemstone-512x11,3,21942,92000000000,Unknown,0.5886236689453125
Gemstone-512x11,3,22419,94000000000,Unknown,0.5771271826171875
Gemstone-512x11,3,22896,96000000000,Unknown,0.5784534580078124
Gemstone-512x11,3,23373,98000000000,Unknown,0.5820630517578125
Gemstone-512x11,3,23850,100000000000,Unknown,0.57810362109375
Gemstone-512x11,3,24327,102000000000,Unknown,0.57023496875
Gemstone-512x11,3,24804,104000000000,Unknown,0.563185076171875
Gemstone-512x11,3,25281,106000000000,Unknown,0.5632532236328125
Gemstone-512x11,3,25758,108000000000,Unknown,0.557344017578125
Gemstone-512x11,3,26235,110000000000,Unknown,0.55565620703125
Gemstone-512x11,3,26712,112000000000,Unknown,0.5477701162109375
Gemstone-512x11,3,27189,114000000000,Unknown,0.5497369482421876
Gemstone-512x11,3,27666,116000000000,Unknown,0.5284546845703125
Gemstone-512x11,3,28143,118000000000,Unknown,0.5460357998046875
Gemstone-512x11,3,28620,120000000000,Unknown,0.547515783203125
Gemstone-512x11,3,29097,122000000000,Unknown,0.5423835556640625
Gemstone-512x11,3,29574,124000000000,Unknown,0.5371455185546875
Gemstone-512x11,3,30051,126000000000,Unknown,0.53507556640625
Gemstone-512x11,3,30528,128000000000,Unknown,0.5343308662109375
Gemstone-512x11,3,31005,130000000000,Unknown,0.5258695947265625
Gemstone-512x11,3,31482,132000000000,Unknown,0.5303059111328124
Gemstone-512x11,3,31959,134000000000,Unknown,0.522778947265625
Gemstone-512x11,3,32436,136000000000,Unknown,0.5238511845703125
Gemstone-512x11,3,32913,138000000000,Unknown,0.5246776875
Gemstone-512x11,3,33390,140000000000,Unknown,0.5238008671875
Gemstone-512x11,3,33867,142000000000,Unknown,0.522209478515625
Gemstone-512x11,3,34344,144000000000,Unknown,0.5149419423828125
Gemstone-512x11,3,34821,146000000000,Unknown,0.5164087998046875
Gemstone-512x11,3,35298,148000000000,Unknown,0.5136630478515625
Gemstone-512x11,3,35775,150000000000,Unknown,0.5157479443359375
Gemstone-512x11,3,36252,152000000000,Unknown,0.512320107421875
Gemstone-512x11,3,36729,154000000000,Unknown,0.5107035078125
Gemstone-512x11,3,37206,156000000000,Unknown,0.5047899921875
Gemstone-512x11,3,37683,158000000000,Unknown,0.5078348095703125
Gemstone-512x11,3,38160,160000000000,Unknown,0.504610720703125
Gemstone-512x11,3,38637,162000000000,Unknown,0.5014728310546875
Gemstone-512x11,3,39114,164000000000,Unknown,0.4970240947265625
Gemstone-512x11,3,39591,166000000000,Unknown,0.5063533583984375
Gemstone-512x11,3,40068,168000000000,Unknown,0.5019696328125
Gemstone-512x11,3,40545,170000000000,Unknown,0.4944909521484375
Gemstone-512x11,3,41022,172000000000,Unknown,0.4965296474609375
Gemstone-512x11,3,41499,174000000000,Unknown,0.4960142529296875
Gemstone-512x11,3,41976,176000000000,Unknown,0.4909389208984375
Gemstone-512x11,3,42453,178000000000,Unknown,0.4803764296875
Gemstone-512x11,3,42930,180000000000,Unknown,0.4910782919921875
Gemstone-512x11,3,43407,182000000000,Unknown,0.4877630078125
Gemstone-512x11,3,43884,184000000000,Unknown,0.4874139384765625
Gemstone-512x11,3,44361,186000000000,Unknown,0.48140044921875
Gemstone-512x11,3,44838,188000000000,Unknown,0.481540669921875
Gemstone-512x11,3,45315,190000000000,Unknown,0.4850359453125
Gemstone-512x11,3,45792,192000000000,Unknown,0.4839228232421875
Gemstone-512x11,3,46269,194000000000,Unknown,0.48032953125
Gemstone-512x11,3,46746,196000000000,Unknown,0.479772146484375
Gemstone-512x11,3,47223,198000000000,Unknown,0.4760175390625
Gemstone-512x11,3,47700,200000000000,Unknown,0.4843001572265625
Gemstone-512x11,3,48177,202000000000,Unknown,0.4825169912109375
Gemstone-512x11,3,48654,204000000000,Unknown,0.4771352421875
Gemstone-512x11,3,49131,206000000000,Unknown,0.469612662109375
Gemstone-512x11,3,49608,208000000000,Unknown,0.47499047265625
Gemstone-512x11,3,50085,210000000000,Unknown,0.4681655751953125
Gemstone-512x11,3,50562,212000000000,Unknown,0.46665508203125
Gemstone-512x11,3,51039,214000000000,Unknown,0.4751953056640625
Gemstone-512x11,3,51516,216000000000,Unknown,0.467031056640625
Gemstone-512x11,3,51993,218000000000,Unknown,0.4632648076171875
Gemstone-512x11,3,52470,220000000000,Unknown,0.4721276318359375
Gemstone-512x11,3,52947,222000000000,Unknown,0.4634371220703125
Gemstone-512x11,3,53424,224000000000,Unknown,0.46209355859375
Gemstone-512x11,3,53901,226000000000,Unknown,0.460872630859375
Gemstone-512x11,3,54378,228000000000,Unknown,0.4665385322265625
Gemstone-512x11,3,54855,230000000000,Unknown,0.4620704873046875
Gemstone-512x11,3,55332,232000000000,Unknown,0.4537902548828125
Gemstone-512x11,3,55809,234000000000,Unknown,0.4575718037109375
Gemstone-512x11,3,56286,236000000000,Unknown,0.4554559755859375
Gemstone-512x11,3,56763,238000000000,Unknown,0.45100303515625
Gemstone-512x11,3,57240,240000000000,Unknown,0.4518285849609375
Gemstone-512x11,3,57717,242000000000,Unknown,0.4506964169921875
Gemstone-512x11,3,58194,244000000000,Unknown,0.4475178037109375
Gemstone-512x11,3,58671,246000000000,Unknown,0.447962591796875
Gemstone-512x11,3,59148,248000000000,Unknown,0.4451855263671875
Gemstone-512x11,3,59625,250000000000,Unknown,0.447627451171875
Gemstone-512x11,3,60102,252000000000,Unknown,0.45322644140625
Gemstone-512x11,3,60579,254000000000,Unknown,0.44480866015625
Gemstone-512x11,3,61056,256000000000,Unknown,0.444666890625
Gemstone-512x11,3,61533,258000000000,Unknown,0.446102748046875
Gemstone-512x11,3,62010,260000000000,Unknown,0.4398986806640625
Gemstone-512x11,3,62487,262000000000,Unknown,0.4370233203125
Gemstone-512x11,3,62964,264000000000,Unknown,0.436339990234375
Gemstone-512x11,3,63441,266000000000,Unknown,0.43878537890625
Gemstone-512x11,3,63918,268000000000,Unknown,0.4364231748046875
Gemstone-512x11,3,64395,270000000000,Unknown,0.43003407421875
Gemstone-512x11,3,64872,272000000000,Unknown,0.4320873681640625
Gemstone-512x11,3,65349,274000000000,Unknown,0.432444142578125
Gemstone-512x11,3,65826,276000000000,Unknown,0.43088913671875
Gemstone-512x11,3,66303,278000000000,Unknown,0.4337262138671875
Gemstone-512x11,3,66780,280000000000,Unknown,0.428260548828125
Gemstone-512x11,3,67257,282000000000,Unknown,0.431408203125
Gemstone-512x11,3,67734,284000000000,Unknown,0.4272982177734375
Gemstone-512x11,3,68211,286000000000,Unknown,0.4268026572265625
Gemstone-512x11,3,68688,288000000000,Unknown,0.431417166015625
Gemstone-512x11,3,69165,290000000000,Unknown,0.4282294755859375
Gemstone-512x11,3,69642,292000000000,Unknown,0.4286888232421875
Gemstone-512x11,3,70119,294000000000,Unknown,0.4263359287109375
Gemstone-512x11,3,70596,296000000000,Unknown,0.432192982421875
Gemstone-512x11,3,71073,298000000000,Unknown,0.4256682841796875
Gemstone-512x11,3,71550,300000000000,Unknown,0.42755809765625
Gemstone-512x11,3,72027,302000000000,Unknown,0.421780037109375
Gemstone-512x11,3,72504,304000000000,Unknown,0.4210957509765625
Gemstone-512x11,3,72981,306000000000,Unknown,0.419343625
Gemstone-512x11,3,73458,308000000000,Unknown,0.4190607529296875
Gemstone-512x11,3,73935,310000000000,Unknown,0.4224988251953125
Gemstone-512x11,3,74412,312000000000,Unknown,0.42510966796875
Gemstone-512x11,3,74889,314000000000,Unknown,0.4192744384765625
Gemstone-512x11,3,75366,316000000000,Unknown,0.4209369267578125
Gemstone-512x11,3,75843,318000000000,Unknown,0.413954203125
Gemstone-512x11,3,76320,320000000000,Unknown,0.4205008662109375
Gemstone-512x11,3,76797,322000000000,Unknown,0.41817096484375
Gemstone-512x11,3,77274,324000000000,Unknown,0.41643226171875
Gemstone-512x11,3,77751,326000000000,Unknown,0.4261870654296875
Gemstone-512x11,3,78228,328000000000,Unknown,0.4192330791015625
Gemstone-512x11,3,78705,330000000000,Unknown,0.42502521484375
Gemstone-512x11,3,79182,332000000000,Unknown,0.4233905771484375
Gemstone-512x11,3,79659,334000000000,Unknown,0.4170709775390625
Gemstone-512x11,3,80136,336000000000,Unknown,0.4112863413085937
Gemstone-512x11,3,80613,338000000000,Unknown,0.410970767578125
Gemstone-512x11,3,81090,340000000000,Unknown,0.417579880859375
Gemstone-512x11,3,81567,342000000000,Unknown,0.4117042080078125
Gemstone-512x11,3,82044,344000000000,Unknown,0.4158436796875
Gemstone-512x11,3,82521,346000000000,Unknown,0.410797650390625
Gemstone-512x11,3,82998,348000000000,Huge,0.41080806640625
Gemstone-512x11,4,477,2000000000,Unknown,0.0797621948242187
Gemstone-512x11,4,954,4000000000,Unknown,0.1116209873046875
Gemstone-512x11,4,1431,6000000000,Unknown,0.2464093940429687
Gemstone-512x11,4,1908,8000000000,Unknown,0.408144765625
Gemstone-512x11,4,2385,10000000000,Unknown,0.54242571875
Gemstone-512x11,4,2862,12000000000,Unknown,0.615508615234375
Gemstone-512x11,4,3339,14000000000,Unknown,0.6672886298828125
Gemstone-512x11,4,3816,16000000000,Unknown,0.707800447265625
Gemstone-512x11,4,4293,18000000000,Unknown,0.72529316015625
Gemstone-512x11,4,4770,20000000000,Unknown,0.74266334375
Gemstone-512x11,4,5247,22000000000,Unknown,0.743443421875
Gemstone-512x11,4,5724,24000000000,Unknown,0.756826958984375
Gemstone-512x11,4,6201,26000000000,Unknown,0.754797333984375
Gemstone-512x11,4,6678,28000000000,Unknown,0.75721526171875
Gemstone-512x11,4,7155,30000000000,Unknown,0.759909306640625
Gemstone-512x11,4,7632,32000000000,Unknown,0.752535107421875
Gemstone-512x11,4,8109,34000000000,Unknown,0.7479033623046875
Gemstone-512x11,4,8586,36000000000,Unknown,0.74414784765625
Gemstone-512x11,4,9063,38000000000,Unknown,0.7363820322265625
Gemstone-512x11,4,9540,40000000000,Unknown,0.7259249296875
Gemstone-512x11,4,10017,42000000000,Unknown,0.722916470703125
Gemstone-512x11,4,10494,44000000000,Unknown,0.7086881416015625
Gemstone-512x11,4,10971,46000000000,Unknown,0.710974267578125
Gemstone-512x11,4,11448,48000000000,Unknown,0.701043779296875
Gemstone-512x11,4,11925,50000000000,Unknown,0.6968840810546875
Gemstone-512x11,4,12402,52000000000,Unknown,0.684859802734375
Gemstone-512x11,4,12879,54000000000,Unknown,0.6758433134765625
Gemstone-512x11,4,13356,56000000000,Unknown,0.6686018271484375
Gemstone-512x11,4,13833,58000000000,Unknown,0.6622802900390625
Gemstone-512x11,4,14310,60000000000,Unknown,0.6503792509765625
Gemstone-512x11,4,14787,62000000000,Unknown,0.65035429296875
Gemstone-512x11,4,15264,64000000000,Unknown,0.6392027841796875
Gemstone-512x11,4,15741,66000000000,Unknown,0.6290916396484375
Gemstone-512x11,4,16218,68000000000,Unknown,0.62536675
Gemstone-512x11,4,16695,70000000000,Unknown,0.62535551171875
Gemstone-512x11,4,17172,72000000000,Unknown,0.618312185546875
Gemstone-512x11,4,17649,74000000000,Unknown,0.6135661162109375
Gemstone-512x11,4,18126,76000000000,Unknown,0.6101300703125
Gemstone-512x11,4,18603,78000000000,Unknown,0.5991189921875
Gemstone-512x11,4,19080,80000000000,Unknown,0.5941358388671875
Gemstone-512x11,4,19557,82000000000,Unknown,0.5879760302734375
Gemstone-512x11,4,20034,84000000000,Unknown,0.5779814892578125
Gemstone-512x11,4,20511,86000000000,Unknown,0.5794301669921875
Gemstone-512x11,4,20988,88000000000,Unknown,0.5688930283203125
Gemstone-512x11,4,21465,90000000000,Unknown,0.5735883349609375
Gemstone-512x11,4,21942,92000000000,Unknown,0.566316828125
Gemstone-512x11,4,22419,94000000000,Unknown,0.555934650390625
Gemstone-512x11,4,22896,96000000000,Unknown,0.557231708984375
Gemstone-512x11,4,23373,98000000000,Unknown,0.560475845703125
Gemstone-512x11,4,23850,100000000000,Unknown,0.560875822265625
Gemstone-512x11,4,24327,102000000000,Unknown,0.552100296875
Gemstone-512x11,4,24804,104000000000,Unknown,0.5385206318359375
Gemstone-512x11,4,25281,106000000000,Unknown,0.544029365234375
Gemstone-512x11,4,25758,108000000000,Unknown,0.539425103515625
Gemstone-512x11,4,26235,110000000000,Unknown,0.5363755263671875
Gemstone-512x11,4,26712,112000000000,Unknown,0.53253015234375
Gemstone-512x11,4,27189,114000000000,Unknown,0.5319855693359375
Gemstone-512x11,4,27666,116000000000,Unknown,0.5134053671875
Gemstone-512x11,4,28143,118000000000,Unknown,0.5305545419921875
Gemstone-512x11,4,28620,120000000000,Unknown,0.5307830361328125
Gemstone-512x11,4,29097,122000000000,Unknown,0.5303989951171875
Gemstone-512x11,4,29574,124000000000,Unknown,0.5208180859375
Gemstone-512x11,4,30051,126000000000,Unknown,0.5191493955078125
Gemstone-512x11,4,30528,128000000000,Unknown,0.5192325419921875
Gemstone-512x11,4,31005,130000000000,Unknown,0.508258439453125
Gemstone-512x11,4,31482,132000000000,Unknown,0.5115394443359375
Gemstone-512x11,4,31959,134000000000,Unknown,0.5114808427734375
Gemstone-512x11,4,32436,136000000000,Unknown,0.5099974482421875
Gemstone-512x11,4,32913,138000000000,Unknown,0.5082296220703125
Gemstone-512x11,4,33390,140000000000,Unknown,0.5129999912109375
Gemstone-512x11,4,33867,142000000000,Unknown,0.509782359375
Gemstone-512x11,4,34344,144000000000,Unknown,0.497681873046875
Gemstone-512x11,4,34821,146000000000,Unknown,0.505765623046875
Gemstone-512x11,4,35298,148000000000,Unknown,0.5000486279296875
Gemstone-512x11,4,35775,150000000000,Unknown,0.5041733642578125
Gemstone-512x11,4,36252,152000000000,Unknown,0.4958538515625
Gemstone-512x11,4,36729,154000000000,Unknown,0.494688962890625
Gemstone-512x11,4,37206,156000000000,Unknown,0.4911682041015625
Gemstone-512x11,4,37683,158000000000,Unknown,0.495553142578125
Gemstone-512x11,4,38160,160000000000,Unknown,0.4896192197265625
Gemstone-512x11,4,38637,162000000000,Unknown,0.4878356533203125
Gemstone-512x11,4,39114,164000000000,Unknown,0.481051220703125
Gemstone-512x11,4,39591,166000000000,Unknown,0.48919449609375
Gemstone-512x11,4,40068,168000000000,Unknown,0.4849454521484375
Gemstone-512x11,4,40545,170000000000,Unknown,0.4751382421875
Gemstone-512x11,4,41022,172000000000,Unknown,0.4850086416015625
Gemstone-512x11,4,41499,174000000000,Unknown,0.478956271484375
Gemstone-512x11,4,41976,176000000000,Unknown,0.4755512529296875
Gemstone-512x11,4,42453,178000000000,Unknown,0.463605986328125
Gemstone-512x11,4,42930,180000000000,Unknown,0.47477532421875
Gemstone-512x11,4,43407,182000000000,Unknown,0.470782998046875
Gemstone-512x11,4,43884,184000000000,Unknown,0.4678788046875
Gemstone-512x11,4,44361,186000000000,Unknown,0.464812625
Gemstone-512x11,4,44838,188000000000,Unknown,0.4614252958984375
Gemstone-512x11,4,45315,190000000000,Unknown,0.46308334765625
Gemstone-512x11,4,45792,192000000000,Unknown,0.461282888671875
Gemstone-512x11,4,46269,194000000000,Unknown,0.4578611826171875
Gemstone-512x11,4,46746,196000000000,Unknown,0.4607919580078125
Gemstone-512x11,4,47223,198000000000,Unknown,0.455113267578125
Gemstone-512x11,4,47700,200000000000,Unknown,0.45443954296875
Gemstone-512x11,4,48177,202000000000,Unknown,0.4551242919921875
Gemstone-512x11,4,48654,204000000000,Unknown,0.45028526953125
Gemstone-512x11,4,49131,206000000000,Unknown,0.441947376953125
Gemstone-512x11,4,49608,208000000000,Unknown,0.4488508935546875
Gemstone-512x11,4,50085,210000000000,Unknown,0.4408921787109375
Gemstone-512x11,4,50562,212000000000,Unknown,0.437366564453125
Gemstone-512x11,4,51039,214000000000,Unknown,0.442928845703125
Gemstone-512x11,4,51516,216000000000,Unknown,0.431450037109375
Gemstone-512x11,4,51993,218000000000,Unknown,0.4322474013671875
Gemstone-512x11,4,52470,220000000000,Unknown,0.435249154296875
Gemstone-512x11,4,52947,222000000000,Unknown,0.429551357421875
Gemstone-512x11,4,53424,224000000000,Unknown,0.42236633203125
Gemstone-512x11,4,53901,226000000000,Unknown,0.4231607314453125
Gemstone-512x11,4,54378,228000000000,Unknown,0.4272687626953125
Gemstone-512x11,4,54855,230000000000,Unknown,0.4221312978515625
Gemstone-512x11,4,55332,232000000000,Unknown,0.4149564443359375
Gemstone-512x11,4,55809,234000000000,Unknown,0.41339852734375
Gemstone-512x11,4,56286,236000000000,Unknown,0.4139643017578125
Gemstone-512x11,4,56763,238000000000,Unknown,0.4104104975585937
Gemstone-512x11,4,57240,240000000000,Unknown,0.4111053852539063
Gemstone-512x11,4,57717,242000000000,Unknown,0.406863556640625
Gemstone-512x11,4,58194,244000000000,Unknown,0.4081915083007812
Gemstone-512x11,4,58671,246000000000,Unknown,0.4083239653320312
Gemstone-512x11,4,59148,248000000000,Unknown,0.4023015385742187
Gemstone-512x11,4,59625,250000000000,Unknown,0.404660794921875
Gemstone-512x11,4,60102,252000000000,Unknown,0.4115910942382813
Gemstone-512x11,4,60579,254000000000,Unknown,0.4040624233398437
Gemstone-512x11,4,61056,256000000000,Unknown,0.4034436030273437
Gemstone-512x11,4,61533,258000000000,Unknown,0.4061430634765625
Gemstone-512x11,4,62010,260000000000,Unknown,0.398718935546875
Gemstone-512x11,4,62487,262000000000,Unknown,0.4002015366210937
Gemstone-512x11,4,62964,264000000000,Unknown,0.3978249291992187
Gemstone-512x11,4,63441,266000000000,Unknown,0.4001011323242187
Gemstone-512x11,4,63918,268000000000,Unknown,0.3989182250976562
Gemstone-512x11,4,64395,270000000000,Unknown,0.3925571083984375
Gemstone-512x11,4,64872,272000000000,Unknown,0.3938466762695312
Gemstone-512x11,4,65349,274000000000,Unknown,0.394194248046875
Gemstone-512x11,4,65826,276000000000,Unknown,0.3919915004882812
Gemstone-512x11,4,66303,278000000000,Unknown,0.3983165825195312
Gemstone-512x11,4,66780,280000000000,Unknown,0.3949955615234375
Gemstone-512x11,4,67257,282000000000,Unknown,0.3912468305664062
Gemstone-512x11,4,67734,284000000000,Unknown,0.3893417104492187
Gemstone-512x11,4,68211,286000000000,Unknown,0.3891960375976562
Gemstone-512x11,4,68688,288000000000,Unknown,0.3953023662109375
Gemstone-512x11,4,69165,290000000000,Unknown,0.3905042890625
Gemstone-512x11,4,69642,292000000000,Unknown,0.3927290224609375
Gemstone-512x11,4,70119,294000000000,Unknown,0.3899019599609375
Gemstone-512x11,4,70596,296000000000,Unknown,0.397100494140625
Gemstone-512x11,4,71073,298000000000,Unknown,0.3879065756835937
Gemstone-512x11,4,71550,300000000000,Unknown,0.3943920766601562
Gemstone-512x11,4,72027,302000000000,Unknown,0.3849263041992187
Gemstone-512x11,4,72504,304000000000,Unknown,0.3866566274414063
Gemstone-512x11,4,72981,306000000000,Unknown,0.3830218383789062
Gemstone-512x11,4,73458,308000000000,Unknown,0.3860522158203125
Gemstone-512x11,4,73935,310000000000,Unknown,0.3858926987304688
Gemstone-512x11,4,74412,312000000000,Unknown,0.3859742875976562
Gemstone-512x11,4,74889,314000000000,Unknown,0.3843812924804687
Gemstone-512x11,4,75366,316000000000,Unknown,0.3861165209960937
Gemstone-512x11,4,75843,318000000000,Unknown,0.3830635532226562
Gemstone-512x11,4,76320,320000000000,Unknown,0.385065615234375
Gemstone-512x11,4,76797,322000000000,Unknown,0.38617961328125
Gemstone-512x11,4,77274,324000000000,Unknown,0.384980021484375
Gemstone-512x11,4,77751,326000000000,Unknown,0.386512701171875
Gemstone-512x11,4,78228,328000000000,Unknown,0.3866604296875
Gemstone-512x11,4,78705,330000000000,Unknown,0.3883853559570313
Gemstone-512x11,4,79182,332000000000,Unknown,0.3869071440429688
Gemstone-512x11,4,79659,334000000000,Unknown,0.3789156889648437
Gemstone-512x11,4,80136,336000000000,Unknown,0.3799839291992187
Gemstone-512x11,4,80613,338000000000,Unknown,0.37822016015625
Gemstone-512x11,4,81090,340000000000,Unknown,0.3835635141601562
Gemstone-512x11,4,81567,342000000000,Unknown,0.3792066469726562
Gemstone-512x11,4,82044,344000000000,Unknown,0.3862767290039062
Gemstone-512x11,4,82521,346000000000,Unknown,0.3821685610351562
Gemstone-512x11,4,82998,348000000000,Huge,0.38088237890625
Gemstone-512x11,5,477,2000000000,Unknown,0.0927108876953125
Gemstone-512x11,5,954,4000000000,Unknown,0.1300722827148437
Gemstone-512x11,5,1431,6000000000,Unknown,0.2622082895507812
Gemstone-512x11,5,1908,8000000000,Unknown,0.4072812651367187
Gemstone-512x11,5,2385,10000000000,Unknown,0.5239795126953125
Gemstone-512x11,5,2862,12000000000,Unknown,0.5892940732421875
Gemstone-512x11,5,3339,14000000000,Unknown,0.6372042333984375
Gemstone-512x11,5,3816,16000000000,Unknown,0.67426586328125
Gemstone-512x11,5,4293,18000000000,Unknown,0.6886559990234375
Gemstone-512x11,5,4770,20000000000,Unknown,0.70275926171875
Gemstone-512x11,5,5247,22000000000,Unknown,0.70383394921875
Gemstone-512x11,5,5724,24000000000,Unknown,0.715555396484375
Gemstone-512x11,5,6201,26000000000,Unknown,0.7110099736328125
Gemstone-512x11,5,6678,28000000000,Unknown,0.7128094853515625
Gemstone-512x11,5,7155,30000000000,Unknown,0.7157029052734375
Gemstone-512x11,5,7632,32000000000,Unknown,0.7050614228515625
Gemstone-512x11,5,8109,34000000000,Unknown,0.7013379462890625
Gemstone-512x11,5,8586,36000000000,Unknown,0.695453810546875
Gemstone-512x11,5,9063,38000000000,Unknown,0.6891341376953125
Gemstone-512x11,5,9540,40000000000,Unknown,0.6779485888671875
Gemstone-512x11,5,10017,42000000000,Unknown,0.6727036181640625
Gemstone-512x11,5,10494,44000000000,Unknown,0.6557022392578125
Gemstone-512x11,5,10971,46000000000,Unknown,0.65613337890625
Gemstone-512x11,5,11448,48000000000,Unknown,0.6465548662109375
Gemstone-512x11,5,11925,50000000000,Unknown,0.64235603125
Gemstone-512x11,5,12402,52000000000,Unknown,0.6269665517578125
Gemstone-512x11,5,12879,54000000000,Unknown,0.6178434501953125
Gemstone-512x11,5,13356,56000000000,Unknown,0.6124572265625
Gemstone-512x11,5,13833,58000000000,Unknown,0.6043813447265625
Gemstone-512x11,5,14310,60000000000,Unknown,0.5910578701171875
Gemstone-512x11,5,14787,62000000000,Unknown,0.5922245673828125
Gemstone-512x11,5,15264,64000000000,Unknown,0.588960474609375
Gemstone-512x11,5,15741,66000000000,Unknown,0.5694399609375
Gemstone-512x11,5,16218,68000000000,Unknown,0.5617200068359375
Gemstone-512x11,5,16695,70000000000,Unknown,0.57173987109375
Gemstone-512x11,5,17172,72000000000,Unknown,0.557709927734375
Gemstone-512x11,5,17649,74000000000,Unknown,0.561444453125
Gemstone-512x11,5,18126,76000000000,Unknown,0.55014059765625
Gemstone-512x11,5,18603,78000000000,Unknown,0.53905879296875
Gemstone-512x11,5,19080,80000000000,Unknown,0.532159818359375
Gemstone-512x11,5,19557,82000000000,Unknown,0.536907447265625
Gemstone-512x11,5,20034,84000000000,Unknown,0.5173670830078125
Gemstone-512x11,5,20511,86000000000,Unknown,0.516874189453125
Gemstone-512x11,5,20988,88000000000,Unknown,0.50824750390625
Gemstone-512x11,5,21465,90000000000,Unknown,0.511533919921875
Gemstone-512x11,5,21942,92000000000,Unknown,0.50403726953125
Gemstone-512x11,5,22419,94000000000,Unknown,0.4940128173828125
Gemstone-512x11,5,22896,96000000000,Unknown,0.493876865234375
Gemstone-512x11,5,23373,98000000000,Unknown,0.5103414873046875
Gemstone-512x11,5,23850,100000000000,Unknown,0.4966084677734375
Gemstone-512x11,5,24327,102000000000,Unknown,0.489404501953125
Gemstone-512x11,5,24804,104000000000,Unknown,0.4768473056640625
Gemstone-512x11,5,25281,106000000000,Unknown,0.484521302734375
Gemstone-512x11,5,25758,108000000000,Unknown,0.4782918564453125
Gemstone-512x11,5,26235,110000000000,Unknown,0.470959896484375
Gemstone-512x11,5,26712,112000000000,Unknown,0.47384883984375
Gemstone-512x11,5,27189,114000000000,Unknown,0.4695732529296875
Gemstone-512x11,5,27666,116000000000,Unknown,0.46696409765625
Gemstone-512x11,5,28143,118000000000,Unknown,0.468470982421875
Gemstone-512x11,5,28620,120000000000,Unknown,0.4676735400390625
Gemstone-512x11,5,29097,122000000000,Unknown,0.473507662109375
Gemstone-512x11,5,29574,124000000000,Unknown,0.46235426171875
Gemstone-512x11,5,30051,126000000000,Unknown,0.456097091796875
Gemstone-512x11,5,30528,128000000000,Unknown,0.45708067578125
Gemstone-512x11,5,31005,130000000000,Unknown,0.4473575419921875
Gemstone-512x11,5,31482,132000000000,Unknown,0.4496056328125
Gemstone-512x11,5,31959,134000000000,Unknown,0.451407869140625
Gemstone-512x11,5,32436,136000000000,Unknown,0.4509456943359375
Gemstone-512x11,5,32913,138000000000,Unknown,0.4483725185546875
Gemstone-512x11,5,33390,140000000000,Unknown,0.452113947265625
Gemstone-512x11,5,33867,142000000000,Unknown,0.4483524951171875
Gemstone-512x11,5,34344,144000000000,Unknown,0.438314166015625
Gemstone-512x11,5,34821,146000000000,Unknown,0.4460989609375
Gemstone-512x11,5,35298,148000000000,Unknown,0.439836173828125
Gemstone-512x11,5,35775,150000000000,Unknown,0.4427654287109375
Gemstone-512x11,5,36252,152000000000,Unknown,0.4407126884765625
Gemstone-512x11,5,36729,154000000000,Unknown,0.43685578125
Gemstone-512x11,5,37206,156000000000,Unknown,0.436032392578125
Gemstone-512x11,5,37683,158000000000,Unknown,0.4357336923828125
Gemstone-512x11,5,38160,160000000000,Unknown,0.43633266015625
Gemstone-512x11,5,38637,162000000000,Unknown,0.435178349609375
Gemstone-512x11,5,39114,164000000000,Unknown,0.4260648876953125
Gemstone-512x11,5,39591,166000000000,Unknown,0.4355258984375
Gemstone-512x11,5,40068,168000000000,Unknown,0.4303868466796875
Gemstone-512x11,5,40545,170000000000,Unknown,0.42468566796875
Gemstone-512x11,5,41022,172000000000,Unknown,0.4338545400390625
Gemstone-512x11,5,41499,174000000000,Unknown,0.431461359375
Gemstone-512x11,5,41976,176000000000,Unknown,0.4226075986328125
Gemstone-512x11,5,42453,178000000000,Unknown,0.413158134765625
Gemstone-512x11,5,42930,180000000000,Unknown,0.4232473994140625
Gemstone-512x11,5,43407,182000000000,Unknown,0.4204117939453125
Gemstone-512x11,5,43884,184000000000,Unknown,0.421629
Gemstone-512x11,5,44361,186000000000,Unknown,0.41964945703125
Gemstone-512x11,5,44838,188000000000,Unknown,0.4160566240234375
Gemstone-512x11,5,45315,190000000000,Unknown,0.4196068427734375
Gemstone-512x11,5,45792,192000000000,Unknown,0.4172225703125
Gemstone-512x11,5,46269,194000000000,Unknown,0.4145873876953125
Gemstone-512x11,5,46746,196000000000,Unknown,0.415986578125
Gemstone-512x11,5,47223,198000000000,Unknown,0.4114879926757812
Gemstone-512x11,5,47700,200000000000,Unknown,0.4183121650390625
Gemstone-512x11,5,48177,202000000000,Unknown,0.4127229794921875
Gemstone-512x11,5,48654,204000000000,Unknown,0.4100396938476562
Gemstone-512x11,5,49131,206000000000,Unknown,0.4031651440429687
Gemstone-512x11,5,49608,208000000000,Unknown,0.410751123046875
Gemstone-512x11,5,50085,210000000000,Unknown,0.4079483247070312
Gemstone-512x11,5,50562,212000000000,Unknown,0.405873578125
Gemstone-512x11,5,51039,214000000000,Unknown,0.4106498720703125
Gemstone-512x11,5,51516,216000000000,Unknown,0.4017840205078125
Gemstone-512x11,5,51993,218000000000,Unknown,0.4032663349609375
Gemstone-512x11,5,52470,220000000000,Unknown,0.409165724609375
Gemstone-512x11,5,52947,222000000000,Unknown,0.4043380625
Gemstone-512x11,5,53424,224000000000,Unknown,0.4011491752929687
Gemstone-512x11,5,53901,226000000000,Unknown,0.402071875
Gemstone-512x11,5,54378,228000000000,Unknown,0.406157265625
Gemstone-512x11,5,54855,230000000000,Unknown,0.4048691850585937
Gemstone-512x11,5,55332,232000000000,Unknown,0.3939324340820312
Gemstone-512x11,5,55809,234000000000,Unknown,0.3979694379882812
Gemstone-512x11,5,56286,236000000000,Unknown,0.3971136743164062
Gemstone-512x11,5,56763,238000000000,Unknown,0.3958377094726562
Gemstone-512x11,5,57240,240000000000,Unknown,0.3938429580078125
Gemstone-512x11,5,57717,242000000000,Unknown,0.3921292260742187
Gemstone-512x11,5,58194,244000000000,Unknown,0.3947108227539062
Gemstone-512x11,5,58671,246000000000,Unknown,0.3958094794921875
Gemstone-512x11,5,59148,248000000000,Unknown,0.38779110546875
Gemstone-512x11,5,59625,250000000000,Unknown,0.3925947124023437
Gemstone-512x11,5,60102,252000000000,Unknown,0.397942578125
Gemstone-512x11,5,60579,254000000000,Unknown,0.3933791440429687
Gemstone-512x11,5,61056,256000000000,Unknown,0.3904756215820312
Gemstone-512x11,5,61533,258000000000,Unknown,0.3922504282226562
Gemstone-512x11,5,62010,260000000000,Unknown,0.3872382861328125
Gemstone-512x11,5,62487,262000000000,Unknown,0.38637482421875
Gemstone-512x11,5,62964,264000000000,Unknown,0.3854053642578125
Gemstone-512x11,5,63441,266000000000,Unknown,0.388531611328125
Gemstone-512x11,5,63918,268000000000,Unknown,0.3888430747070313
Gemstone-512x11,5,64395,270000000000,Unknown,0.3835137348632813
Gemstone-512x11,5,64872,272000000000,Unknown,0.3835623803710937
Gemstone-512x11,5,65349,274000000000,Unknown,0.3846161245117187
Gemstone-512x11,5,65826,276000000000,Unknown,0.3843095317382812
Gemstone-512x11,5,66303,278000000000,Unknown,0.3869416791992187
Gemstone-512x11,5,66780,280000000000,Unknown,0.3853132036132812
Gemstone-512x11,5,67257,282000000000,Unknown,0.3829932250976562
Gemstone-512x11,5,67734,284000000000,Unknown,0.3797993813476562
Gemstone-512x11,5,68211,286000000000,Unknown,0.3789199604492188
Gemstone-512x11,5,68688,288000000000,Unknown,0.3831761567382812
Gemstone-512x11,5,69165,290000000000,Unknown,0.3782405078125
Gemstone-512x11,5,69642,292000000000,Unknown,0.3800580883789062
Gemstone-512x11,5,70119,294000000000,Unknown,0.3799626513671875
Gemstone-512x11,5,70596,296000000000,Unknown,0.3845817846679688
Gemstone-512x11,5,71073,298000000000,Unknown,0.3780503256835937
Gemstone-512x11,5,71550,300000000000,Unknown,0.3842112094726562
Gemstone-512x11,5,72027,302000000000,Unknown,0.3752683959960937
Gemstone-512x11,5,72504,304000000000,Unknown,0.3763539072265625
Gemstone-512x11,5,72981,306000000000,Unknown,0.3772002192382812
Gemstone-512x11,5,73458,308000000000,Unknown,0.3776804125976562
Gemstone-512x11,5,73935,310000000000,Unknown,0.3786727983398437
Gemstone-512x11,5,74412,312000000000,Unknown,0.3762634721679687
Gemstone-512x11,5,74889,314000000000,Unknown,0.373172455078125
Gemstone-512x11,5,75366,316000000000,Unknown,0.3787170366210937
Gemstone-512x11,5,75843,318000000000,Unknown,0.3731604702148438
Gemstone-512x11,5,76320,320000000000,Unknown,0.3769697265625
Gemstone-512x11,5,76797,322000000000,Unknown,0.3789119755859375
Gemstone-512x11,5,77274,324000000000,Unknown,0.375670923828125
Gemstone-512x11,5,77751,326000000000,Unknown,0.3771375224609375
Gemstone-512x11,5,78228,328000000000,Unknown,0.378103876953125
Gemstone-512x11,5,78705,330000000000,Unknown,0.3805545922851562
Gemstone-512x11,5,79182,332000000000,Unknown,0.3796922299804687
Gemstone-512x11,5,79659,334000000000,Unknown,0.3700520693359375
Gemstone-512x11,5,80136,336000000000,Unknown,0.3723526103515625
Gemstone-512x11,5,80613,338000000000,Unknown,0.3692876430664062
Gemstone-512x11,5,81090,340000000000,Unknown,0.3745944262695312
Gemstone-512x11,5,81567,342000000000,Unknown,0.3741125200195312
Gemstone-512x11,5,82044,344000000000,Unknown,0.3783316572265625
Gemstone-512x11,5,82521,346000000000,Unknown,0.3746674516601562
Gemstone-512x11,5,82998,348000000000,Huge,0.3736128095703125
Gemstone-512x11,6,477,2000000000,Unknown,0.1090855668945312
Gemstone-512x11,6,954,4000000000,Unknown,0.1566411079101562
Gemstone-512x11,6,1431,6000000000,Unknown,0.2687890439453125
Gemstone-512x11,6,1908,8000000000,Unknown,0.3916308911132812
Gemstone-512x11,6,2385,10000000000,Unknown,0.498026505859375
Gemstone-512x11,6,2862,12000000000,Unknown,0.5606059287109375
Gemstone-512x11,6,3339,14000000000,Unknown,0.601343578125
Gemstone-512x11,6,3816,16000000000,Unknown,0.6406416259765625
Gemstone-512x11,6,4293,18000000000,Unknown,0.6531214248046875
Gemstone-512x11,6,4770,20000000000,Unknown,0.6716710712890624
Gemstone-512x11,6,5247,22000000000,Unknown,0.6761246865234375
Gemstone-512x11,6,5724,24000000000,Unknown,0.6885934345703125
Gemstone-512x11,6,6201,26000000000,Unknown,0.6846673330078125
Gemstone-512x11,6,6678,28000000000,Unknown,0.68617387109375
Gemstone-512x11,6,7155,30000000000,Unknown,0.6899245458984375
Gemstone-512x11,6,7632,32000000000,Unknown,0.6776605654296874
Gemstone-512x11,6,8109,34000000000,Unknown,0.6773271162109376
Gemstone-512x11,6,8586,36000000000,Unknown,0.66983219140625
Gemstone-512x11,6,9063,38000000000,Unknown,0.66383815625
Gemstone-512x11,6,9540,40000000000,Unknown,0.6543667431640625
Gemstone-512x11,6,10017,42000000000,Unknown,0.6486562275390625
Gemstone-512x11,6,10494,44000000000,Unknown,0.6312289248046875
Gemstone-512x11,6,10971,46000000000,Unknown,0.6327666611328125
Gemstone-512x11,6,11448,48000000000,Unknown,0.622372826171875
Gemstone-512x11,6,11925,50000000000,Unknown,0.6204114521484375
Gemstone-512x11,6,12402,52000000000,Unknown,0.606447927734375
Gemstone-512x11,6,12879,54000000000,Unknown,0.5957213388671875
Gemstone-512x11,6,13356,56000000000,Unknown,0.588351220703125
Gemstone-512x11,6,13833,58000000000,Unknown,0.58357214453125
Gemstone-512x11,6,14310,60000000000,Unknown,0.5720324404296875
Gemstone-512x11,6,14787,62000000000,Unknown,0.5708203759765625
Gemstone-512x11,6,15264,64000000000,Unknown,0.5635496455078125
Gemstone-512x11,6,15741,66000000000,Unknown,0.551683892578125
Gemstone-512x11,6,16218,68000000000,Unknown,0.548073986328125
Gemstone-512x11,6,16695,70000000000,Unknown,0.54115776171875
Gemstone-512x11,6,17172,72000000000,Unknown,0.53441908984375
Gemstone-512x11,6,17649,74000000000,Unknown,0.530790505859375
Gemstone-512x11,6,18126,76000000000,Unknown,0.5281973251953125
Gemstone-512x11,6,18603,78000000000,Unknown,0.5173496259765625
Gemstone-512x11,6,19080,80000000000,Unknown,0.5114943154296875
Gemstone-512x11,6,19557,82000000000,Unknown,0.5049728701171875
Gemstone-512x11,6,20034,84000000000,Unknown,0.497067814453125
Gemstone-512x11,6,20511,86000000000,Unknown,0.496416005859375
Gemstone-512x11,6,20988,88000000000,Unknown,0.4904736279296875
Gemstone-512x11,6,21465,90000000000,Unknown,0.489737134765625
Gemstone-512x11,6,21942,92000000000,Unknown,0.4867653701171875
Gemstone-512x11,6,22419,94000000000,Unknown,0.4768197001953125
Gemstone-512x11,6,22896,96000000000,Unknown,0.4773177802734375
Gemstone-512x11,6,23373,98000000000,Unknown,0.4785895283203125
Gemstone-512x11,6,23850,100000000000,Unknown,0.479474560546875
Gemstone-512x11,6,24327,102000000000,Unknown,0.46672076171875
Gemstone-512x11,6,24804,104000000000,Unknown,0.4598312431640625
Gemstone-512x11,6,25281,106000000000,Unknown,0.4629029248046875
Gemstone-512x11,6,25758,108000000000,Unknown,0.4590923642578125
Gemstone-512x11,6,26235,110000000000,Unknown,0.4562207998046875
Gemstone-512x11,6,26712,112000000000,Unknown,0.4500113291015625
Gemstone-512x11,6,27189,114000000000,Unknown,0.4503617177734375
Gemstone-512x11,6,27666,116000000000,Unknown,0.4452427646484375
Gemstone-512x11,6,28143,118000000000,Unknown,0.4528817548828125
Gemstone-512x11,6,28620,120000000000,Unknown,0.4509452861328125
Gemstone-512x11,6,29097,122000000000,Unknown,0.4499693212890625
Gemstone-512x11,6,29574,124000000000,Unknown,0.4468110380859375
Gemstone-512x11,6,30051,126000000000,Unknown,0.43971062890625
Gemstone-512x11,6,30528,128000000000,Unknown,0.44259488671875
Gemstone-512x11,6,31005,130000000000,Unknown,0.4332361689453125
Gemstone-512x11,6,31482,132000000000,Unknown,0.43646558984375
Gemstone-512x11,6,31959,134000000000,Unknown,0.4335461337890625
Gemstone-512x11,6,32436,136000000000,Unknown,0.435378642578125
Gemstone-512x11,6,32913,138000000000,Unknown,0.4335428134765625
Gemstone-512x11,6,33390,140000000000,Unknown,0.4332573447265625
Gemstone-512x11,6,33867,142000000000,Unknown,0.4358549775390625
Gemstone-512x11,6,34344,144000000000,Unknown,0.4252501982421875
Gemstone-512x11,6,34821,146000000000,Unknown,0.4337811162109375
Gemstone-512x11,6,35298,148000000000,Unknown,0.430722255859375
Gemstone-512x11,6,35775,150000000000,Unknown,0.4317842880859375
Gemstone-512x11,6,36252,152000000000,Unknown,0.427989337890625
Gemstone-512x11,6,36729,154000000000,Unknown,0.424729560546875
Gemstone-512x11,6,37206,156000000000,Unknown,0.423058306640625
Gemstone-512x11,6,37683,158000000000,Unknown,0.424508326171875
Gemstone-512x11,6,38160,160000000000,Unknown,0.427258658203125
Gemstone-512x11,6,38637,162000000000,Unknown,0.4234984599609375
Gemstone-512x11,6,39114,164000000000,Unknown,0.417349046875
Gemstone-512x11,6,39591,166000000000,Unknown,0.42393943359375
Gemstone-512x11,6,40068,168000000000,Unknown,0.4212944697265625
Gemstone-512x11,6,40545,170000000000,Unknown,0.414551787109375
Gemstone-512x11,6,41022,172000000000,Unknown,0.4246168154296875
Gemstone-512x11,6,41499,174000000000,Unknown,0.4180007587890625
Gemstone-512x11,6,41976,176000000000,Unknown,0.4151544033203125
Gemstone-512x11,6,42453,178000000000,Unknown,0.4078484956054687
Gemstone-512x11,6,42930,180000000000,Unknown,0.4181614208984375
Gemstone-512x11,6,43407,182000000000,Unknown,0.415070326171875
Gemstone-512x11,6,43884,184000000000,Unknown,0.4111079951171875
Gemstone-512x11,6,44361,186000000000,Unknown,0.4119329912109375
Gemstone-512x11,6,44838,188000000000,Unknown,0.4124736000976562
Gemstone-512x11,6,45315,190000000000,Unknown,0.4136493876953125
Gemstone-512x11,6,45792,192000000000,Unknown,0.4105426220703125
Gemstone-512x11,6,46269,194000000000,Unknown,0.4105240483398437
Gemstone-512x11,6,46746,196000000000,Unknown,0.4099003637695312
Gemstone-512x11,6,47223,198000000000,Unknown,0.4063797407226562
Gemstone-512x11,6,47700,200000000000,Unknown,0.4048840922851562
Gemstone-512x11,6,48177,202000000000,Unknown,0.4068752421875
Gemstone-512x11,6,48654,204000000000,Unknown,0.4070838037109375
Gemstone-512x11,6,49131,206000000000,Unknown,0.401391814453125
Gemstone-512x11,6,49608,208000000000,Unknown,0.412592046875
Gemstone-512x11,6,50085,210000000000,Unknown,0.4069760317382812
Gemstone-512x11,6,50562,212000000000,Unknown,0.404363953125
Gemstone-512x11,6,51039,214000000000,Unknown,0.40907771484375
Gemstone-512x11,6,51516,216000000000,Unknown,0.4001555029296875
Gemstone-512x11,6,51993,218000000000,Unknown,0.40436441796875
Gemstone-512x11,6,52470,220000000000,Unknown,0.4086699223632812
Gemstone-512x11,6,52947,222000000000,Unknown,0.4004805629882813
Gemstone-512x11,6,53424,224000000000,Unknown,0.40125973046875
Gemstone-512x11,6,53901,226000000000,Unknown,0.40537915625
Gemstone-512x11,6,54378,228000000000,Unknown,0.4088447836914062
Gemstone-512x11,6,54855,230000000000,Unknown,0.4050553491210937
Gemstone-512x11,6,55332,232000000000,Unknown,0.3966941884765625
Gemstone-512x11,6,55809,234000000000,Unknown,0.4026134633789062
Gemstone-512x11,6,56286,236000000000,Unknown,0.404339482421875
Gemstone-512x11,6,56763,238000000000,Unknown,0.4036006420898437
Gemstone-512x11,6,57240,240000000000,Unknown,0.3979610971679687
Gemstone-512x11,6,57717,242000000000,Unknown,0.39765173046875
Gemstone-512x11,6,58194,244000000000,Unknown,0.402663646484375
Gemstone-512x11,6,58671,246000000000,Unknown,0.4029079208984375
Gemstone-512x11,6,59148,248000000000,Unknown,0.3952484467773438
Gemstone-512x11,6,59625,250000000000,Unknown,0.396787556640625
Gemstone-512x11,6,60102,252000000000,Unknown,0.4047408393554687
Gemstone-512x11,6,60579,254000000000,Unknown,0.4001271572265625
Gemstone-512x11,6,61056,256000000000,Unknown,0.3951639765625
Gemstone-512x11,6,61533,258000000000,Unknown,0.4022459296875
Gemstone-512x11,6,62010,260000000000,Unknown,0.3937535263671875
Gemstone-512x11,6,62487,262000000000,Unknown,0.393652630859375
Gemstone-512x11,6,62964,264000000000,Unknown,0.3936614194335937
Gemstone-512x11,6,63441,266000000000,Unknown,0.398603291015625
Gemstone-512x11,6,63918,268000000000,Unknown,0.3965266293945312
Gemstone-512x11,6,64395,270000000000,Unknown,0.3912491767578125
Gemstone-512x11,6,64872,272000000000,Unknown,0.3928827275390625
Gemstone-512x11,6,65349,274000000000,Unknown,0.3932082377929687
Gemstone-512x11,6,65826,276000000000,Unknown,0.3938625234375
Gemstone-512x11,6,66303,278000000000,Unknown,0.3996247875976562
Gemstone-512x11,6,66780,280000000000,Unknown,0.3943373989257812
Gemstone-512x11,6,67257,282000000000,Unknown,0.3897270390625
Gemstone-512x11,6,67734,284000000000,Unknown,0.3912703266601562
Gemstone-512x11,6,68211,286000000000,Unknown,0.3905647153320312
Gemstone-512x11,6,68688,288000000000,Unknown,0.3941284370117187
Gemstone-512x11,6,69165,290000000000,Unknown,0.386797609375
Gemstone-512x11,6,69642,292000000000,Unknown,0.3912138461914062
Gemstone-512x11,6,70119,294000000000,Unknown,0.3931611015625
Gemstone-512x11,6,70596,296000000000,Unknown,0.39619225
Gemstone-512x11,6,71073,298000000000,Unknown,0.3882196337890625
Gemstone-512x11,6,71550,300000000000,Unknown,0.3947639467773438
Gemstone-512x11,6,72027,302000000000,Unknown,0.3874564008789062
Gemstone-512x11,6,72504,304000000000,Unknown,0.3894021333007813
Gemstone-512x11,6,72981,306000000000,Unknown,0.3874923916015625
Gemstone-512x11,6,73458,308000000000,Unknown,0.3886755688476562
Gemstone-512x11,6,73935,310000000000,Unknown,0.3893129091796875
Gemstone-512x11,6,74412,312000000000,Unknown,0.3896714467773438
Gemstone-512x11,6,74889,314000000000,Unknown,0.386086548828125
Gemstone-512x11,6,75366,316000000000,Unknown,0.3902564204101562
Gemstone-512x11,6,75843,318000000000,Unknown,0.3879924775390625
Gemstone-512x11,6,76320,320000000000,Unknown,0.3881777890625
Gemstone-512x11,6,76797,322000000000,Unknown,0.3918522353515625
Gemstone-512x11,6,77274,324000000000,Unknown,0.3888600629882812
Gemstone-512x11,6,77751,326000000000,Unknown,0.3857330512695312
Gemstone-512x11,6,78228,328000000000,Unknown,0.3895384438476562
Gemstone-512x11,6,78705,330000000000,Unknown,0.3921038466796875
Gemstone-512x11,6,79182,332000000000,Unknown,0.3925423959960937
Gemstone-512x11,6,79659,334000000000,Unknown,0.383736623046875
Gemstone-512x11,6,80136,336000000000,Unknown,0.384562412109375
Gemstone-512x11,6,80613,338000000000,Unknown,0.3805505009765625
Gemstone-512x11,6,81090,340000000000,Unknown,0.3862527534179688
Gemstone-512x11,6,81567,342000000000,Unknown,0.3872145185546875
Gemstone-512x11,6,82044,344000000000,Unknown,0.3912201333007812
Gemstone-512x11,6,82521,346000000000,Unknown,0.387841181640625
Gemstone-512x11,6,82998,348000000000,Huge,0.3853600473632813
Gemstone-512x11,7,477,2000000000,Unknown,0.125080421875
Gemstone-512x11,7,954,4000000000,Unknown,0.211622701171875
Gemstone-512x11,7,1431,6000000000,Unknown,0.3288738374023437
Gemstone-512x11,7,1908,8000000000,Unknown,0.4348582373046875
Gemstone-512x11,7,2385,10000000000,Unknown,0.5173849521484375
Gemstone-512x11,7,2862,12000000000,Unknown,0.568431392578125
Gemstone-512x11,7,3339,14000000000,Unknown,0.5991786630859375
Gemstone-512x11,7,3816,16000000000,Unknown,0.6324715380859375
Gemstone-512x11,7,4293,18000000000,Unknown,0.639352349609375
Gemstone-512x11,7,4770,20000000000,Unknown,0.656806970703125
Gemstone-512x11,7,5247,22000000000,Unknown,0.659789265625
Gemstone-512x11,7,5724,24000000000,Unknown,0.6717083486328125
Gemstone-512x11,7,6201,26000000000,Unknown,0.665184083984375
Gemstone-512x11,7,6678,28000000000,Unknown,0.6635203525390625
Gemstone-512x11,7,7155,30000000000,Unknown,0.67204262109375
Gemstone-512x11,7,7632,32000000000,Unknown,0.6581625732421875
Gemstone-512x11,7,8109,34000000000,Unknown,0.658022732421875
Gemstone-512x11,7,8586,36000000000,Unknown,0.6508096318359375
Gemstone-512x11,7,9063,38000000000,Unknown,0.6449871376953125
Gemstone-512x11,7,9540,40000000000,Unknown,0.63425502734375
Gemstone-512x11,7,10017,42000000000,Unknown,0.628304400390625
Gemstone-512x11,7,10494,44000000000,Unknown,0.6127904833984374
Gemstone-512x11,7,10971,46000000000,Unknown,0.61398155859375
Gemstone-512x11,7,11448,48000000000,Unknown,0.6029172412109375
Gemstone-512x11,7,11925,50000000000,Unknown,0.6023278095703125
Gemstone-512x11,7,12402,52000000000,Unknown,0.58801177734375
Gemstone-512x11,7,12879,54000000000,Unknown,0.5760407568359375
Gemstone-512x11,7,13356,56000000000,Unknown,0.56953710546875
Gemstone-512x11,7,13833,58000000000,Unknown,0.56598855859375
Gemstone-512x11,7,14310,60000000000,Unknown,0.553934642578125
Gemstone-512x11,7,14787,62000000000,Unknown,0.5559330224609375
Gemstone-512x11,7,15264,64000000000,Unknown,0.5454764873046875
Gemstone-512x11,7,15741,66000000000,Unknown,0.5373773271484374
Gemstone-512x11,7,16218,68000000000,Unknown,0.53244852734375
Gemstone-512x11,7,16695,70000000000,Unknown,0.5259051357421874
Gemstone-512x11,7,17172,72000000000,Unknown,0.5222232822265624
Gemstone-512x11,7,17649,74000000000,Unknown,0.517506615234375
Gemstone-512x11,7,18126,76000000000,Unknown,0.515510669921875
Gemstone-512x11,7,18603,78000000000,Unknown,0.50629975
Gemstone-512x11,7,19080,80000000000,Unknown,0.4997330810546875
Gemstone-512x11,7,19557,82000000000,Unknown,0.4938940126953125
Gemstone-512x11,7,20034,84000000000,Unknown,0.48455865234375
Gemstone-512x11,7,20511,86000000000,Unknown,0.486361103515625
Gemstone-512x11,7,20988,88000000000,Unknown,0.47926326953125
Gemstone-512x11,7,21465,90000000000,Unknown,0.4769284765625
Gemstone-512x11,7,21942,92000000000,Unknown,0.476526373046875
Gemstone-512x11,7,22419,94000000000,Unknown,0.4659693759765625
Gemstone-512x11,7,22896,96000000000,Unknown,0.466531080078125
Gemstone-512x11,7,23373,98000000000,Unknown,0.4675725615234375
Gemstone-512x11,7,23850,100000000000,Unknown,0.4676667568359375
Gemstone-512x11,7,24327,102000000000,Unknown,0.45706641015625
Gemstone-512x11,7,24804,104000000000,Unknown,0.447577537109375
Gemstone-512x11,7,25281,106000000000,Unknown,0.4525933583984375
Gemstone-512x11,7,25758,108000000000,Unknown,0.4482308212890625
Gemstone-512x11,7,26235,110000000000,Unknown,0.4431635224609375
Gemstone-512x11,7,26712,112000000000,Unknown,0.44017405859375
Gemstone-512x11,7,27189,114000000000,Unknown,0.43800075
Gemstone-512x11,7,27666,116000000000,Unknown,0.4371412626953125
Gemstone-512x11,7,28143,118000000000,Unknown,0.4417300009765625
Gemstone-512x11,7,28620,120000000000,Unknown,0.4397755751953125
Gemstone-512x11,7,29097,122000000000,Unknown,0.438496353515625
Gemstone-512x11,7,29574,124000000000,Unknown,0.436536716796875
Gemstone-512x11,7,30051,126000000000,Unknown,0.428209875
Gemstone-512x11,7,30528,128000000000,Unknown,0.4301794228515625
Gemstone-512x11,7,31005,130000000000,Unknown,0.4224707998046875
Gemstone-512x11,7,31482,132000000000,Unknown,0.4230326220703125
Gemstone-512x11,7,31959,134000000000,Unknown,0.4228271298828125
Gemstone-512x11,7,32436,136000000000,Unknown,0.422573193359375
Gemstone-512x11,7,32913,138000000000,Unknown,0.422906625
Gemstone-512x11,7,33390,140000000000,Unknown,0.4213973486328125
Gemstone-512x11,7,33867,142000000000,Unknown,0.42439823828125
Gemstone-512x11,7,34344,144000000000,Unknown,0.4146986875
Gemstone-512x11,7,34821,146000000000,Unknown,0.423296798828125
Gemstone-512x11,7,35298,148000000000,Unknown,0.4187584609375
Gemstone-512x11,7,35775,150000000000,Unknown,0.4200435
Gemstone-512x11,7,36252,152000000000,Unknown,0.4154712060546875
Gemstone-512x11,7,36729,154000000000,Unknown,0.4157553984375
Gemstone-512x11,7,37206,156000000000,Unknown,0.4128952719726562
Gemstone-512x11,7,37683,158000000000,Unknown,0.4123534140625
Gemstone-512x11,7,38160,160000000000,Unknown,0.41785633203125
Gemstone-512x11,7,38637,162000000000,Unknown,0.4125109951171875
Gemstone-512x11,7,39114,164000000000,Unknown,0.4062426186523437
Gemstone-512x11,7,39591,166000000000,Unknown,0.4153439931640625
Gemstone-512x11,7,40068,168000000000,Unknown,0.4110038857421875
Gemstone-512x11,7,40545,170000000000,Unknown,0.4037735434570312
Gemstone-512x11,7,41022,172000000000,Unknown,0.415020072265625
Gemstone-512x11,7,41499,174000000000,Unknown,0.4091870053710937
Gemstone-512x11,7,41976,176000000000,Unknown,0.4040789423828125
Gemstone-512x11,7,42453,178000000000,Unknown,0.398631818359375
Gemstone-512x11,7,42930,180000000000,Unknown,0.4066982763671875
Gemstone-512x11,7,43407,182000000000,Unknown,0.4049307524414062
Gemstone-512x11,7,43884,184000000000,Unknown,0.4025823276367187
Gemstone-512x11,7,44361,186000000000,Unknown,0.4009329560546875
Gemstone-512x11,7,44838,188000000000,Unknown,0.4031512177734375
Gemstone-512x11,7,45315,190000000000,Unknown,0.406218865234375
Gemstone-512x11,7,45792,192000000000,Unknown,0.4000334326171875
Gemstone-512x11,7,46269,194000000000,Unknown,0.4002694145507812
Gemstone-512x11,7,46746,196000000000,Unknown,0.3995149912109375
Gemstone-512x11,7,47223,198000000000,Unknown,0.3960385825195312
Gemstone-512x11,7,47700,200000000000,Unknown,0.3973750708007812
Gemstone-512x11,7,48177,202000000000,Unknown,0.3981200791015625
Gemstone-512x11,7,48654,204000000000,Unknown,0.3987803461914062
Gemstone-512x11,7,49131,206000000000,Unknown,0.3937253403320312
Gemstone-512x11,7,49608,208000000000,Unknown,0.4037604829101562
Gemstone-512x11,7,50085,210000000000,Unknown,0.3985477783203125
Gemstone-512x11,7,50562,212000000000,Unknown,0.3977653491210937
Gemstone-512x11,7,51039,214000000000,Unknown,0.4016130703125
Gemstone-512x11,7,51516,216000000000,Unknown,0.3921113774414062
Gemstone-512x11,7,51993,218000000000,Unknown,0.3956145766601562
Gemstone-512x11,7,52470,220000000000,Unknown,0.3983313583984375
Gemstone-512x11,7,52947,222000000000,Unknown,0.391851615234375
Gemstone-512x11,7,53424,224000000000,Unknown,0.3958602045898437
Gemstone-512x11,7,53901,226000000000,Unknown,0.397168517578125
Gemstone-512x11,7,54378,228000000000,Unknown,0.400295658203125
Gemstone-512x11,7,54855,230000000000,Unknown,0.3972196889648438
Gemstone-512x11,7,55332,232000000000,Unknown,0.388510478515625
Gemstone-512x11,7,55809,234000000000,Unknown,0.394711076171875
Gemstone-512x11,7,56286,236000000000,Unknown,0.3945108012695312
Gemstone-512x11,7,56763,238000000000,Unknown,0.3943159252929687
Gemstone-512x11,7,57240,240000000000,Unknown,0.38962890234375
Gemstone-512x11,7,57717,242000000000,Unknown,0.3924580112304687
Gemstone-512x11,7,58194,244000000000,Unknown,0.3972485717773437
Gemstone-512x11,7,58671,246000000000,Unknown,0.3978834750976562
Gemstone-512x11,7,59148,248000000000,Unknown,0.38791672265625
Gemstone-512x11,7,59625,250000000000,Unknown,0.3921986420898437
Gemstone-512x11,7,60102,252000000000,Unknown,0.3994667534179687
Gemstone-512x11,7,60579,254000000000,Unknown,0.3940943920898437
Gemstone-512x11,7,61056,256000000000,Unknown,0.3898433315429687
Gemstone-512x11,7,61533,258000000000,Unknown,0.3951411689453125
Gemstone-512x11,7,62010,260000000000,Unknown,0.3874550263671875
Gemstone-512x11,7,62487,262000000000,Unknown,0.38941208984375
Gemstone-512x11,7,62964,264000000000,Unknown,0.3878438212890625
Gemstone-512x11,7,63441,266000000000,Unknown,0.3943514169921875
Gemstone-512x11,7,63918,268000000000,Unknown,0.393699654296875
Gemstone-512x11,7,64395,270000000000,Unknown,0.386392966796875
Gemstone-512x11,7,64872,272000000000,Unknown,0.3867152607421875
Gemstone-512x11,7,65349,274000000000,Unknown,0.3898887294921875
Gemstone-512x11,7,65826,276000000000,Unknown,0.3885457368164062
Gemstone-512x11,7,66303,278000000000,Unknown,0.3946960102539062
Gemstone-512x11,7,66780,280000000000,Unknown,0.3880883935546875
Gemstone-512x11,7,67257,282000000000,Unknown,0.38554890625
Gemstone-512x11,7,67734,284000000000,Unknown,0.3858875029296875
Gemstone-512x11,7,68211,286000000000,Unknown,0.3851610390625
Gemstone-512x11,7,68688,288000000000,Unknown,0.389601435546875
Gemstone-512x11,7,69165,290000000000,Unknown,0.3811479853515625
Gemstone-512x11,7,69642,292000000000,Unknown,0.3850387397460937
Gemstone-512x11,7,70119,294000000000,Unknown,0.3894090053710937
Gemstone-512x11,7,70596,296000000000,Unknown,0.3878607158203125
Gemstone-512x11,7,71073,298000000000,Unknown,0.3835074106445312
Gemstone-512x11,7,71550,300000000000,Unknown,0.3875657158203125
Gemstone-512x11,7,72027,302000000000,Unknown,0.3855743950195312
Gemstone-512x11,7,72504,304000000000,Unknown,0.3847179174804687
Gemstone-512x11,7,72981,306000000000,Unknown,0.3832298798828125
Gemstone-512x11,7,73458,308000000000,Unknown,0.3858918779296875
Gemstone-512x11,7,73935,310000000000,Unknown,0.3864933959960937
Gemstone-512x11,7,74412,312000000000,Unknown,0.3835257353515625
Gemstone-512x11,7,74889,314000000000,Unknown,0.3817599091796875
Gemstone-512x11,7,75366,316000000000,Unknown,0.3875796059570312
Gemstone-512x11,7,75843,318000000000,Unknown,0.38539224609375
Gemstone-512x11,7,76320,320000000000,Unknown,0.3851421279296875
Gemstone-512x11,7,76797,322000000000,Unknown,0.3870375029296875
Gemstone-512x11,7,77274,324000000000,Unknown,0.3849362216796875
Gemstone-512x11,7,77751,326000000000,Unknown,0.3815865830078125
Gemstone-512x11,7,78228,328000000000,Unknown,0.3861017587890625
Gemstone-512x11,7,78705,330000000000,Unknown,0.3898895825195312
Gemstone-512x11,7,79182,332000000000,Unknown,0.38946755078125
Gemstone-512x11,7,79659,334000000000,Unknown,0.3810018701171875
Gemstone-512x11,7,80136,336000000000,Unknown,0.3806443032226562
Gemstone-512x11,7,80613,338000000000,Unknown,0.3762361977539062
Gemstone-512x11,7,81090,340000000000,Unknown,0.383952876953125
Gemstone-512x11,7,81567,342000000000,Unknown,0.384341767578125
Gemstone-512x11,7,82044,344000000000,Unknown,0.3864580654296875
Gemstone-512x11,7,82521,346000000000,Unknown,0.3845192983398438
Gemstone-512x11,7,82998,348000000000,Huge,0.3833092377929687
Gemstone-512x11,8,477,2000000000,Unknown,0.1439404033203125
Gemstone-512x11,8,954,4000000000,Unknown,0.2360605952148437
Gemstone-512x11,8,1431,6000000000,Unknown,0.3490891040039062
Gemstone-512x11,8,1908,8000000000,Unknown,0.4340534560546875
Gemstone-512x11,8,2385,10000000000,Unknown,0.51623642578125
Gemstone-512x11,8,2862,12000000000,Unknown,0.560964861328125
Gemstone-512x11,8,3339,14000000000,Unknown,0.5880782998046875
Gemstone-512x11,8,3816,16000000000,Unknown,0.620201970703125
Gemstone-512x11,8,4293,18000000000,Unknown,0.6248795146484375
Gemstone-512x11,8,4770,20000000000,Unknown,0.6398137783203125
Gemstone-512x11,8,5247,22000000000,Unknown,0.6429238935546875
Gemstone-512x11,8,5724,24000000000,Unknown,0.6549361337890625
Gemstone-512x11,8,6201,26000000000,Unknown,0.6481202109375
Gemstone-512x11,8,6678,28000000000,Unknown,0.649417982421875
Gemstone-512x11,8,7155,30000000000,Unknown,0.6568213125
Gemstone-512x11,8,7632,32000000000,Unknown,0.6407202294921875
Gemstone-512x11,8,8109,34000000000,Unknown,0.6410626162109375
Gemstone-512x11,8,8586,36000000000,Unknown,0.635494091796875
Gemstone-512x11,8,9063,38000000000,Unknown,0.629565599609375
Gemstone-512x11,8,9540,40000000000,Unknown,0.6232521064453125
Gemstone-512x11,8,10017,42000000000,Unknown,0.6150669033203126
Gemstone-512x11,8,10494,44000000000,Unknown,0.597744060546875
Gemstone-512x11,8,10971,46000000000,Unknown,0.6014806611328125
Gemstone-512x11,8,11448,48000000000,Unknown,0.593247578125
Gemstone-512x11,8,11925,50000000000,Unknown,0.595090337890625
Gemstone-512x11,8,12402,52000000000,Unknown,0.5827747197265625
Gemstone-512x11,8,12879,54000000000,Unknown,0.5686285595703126
Gemstone-512x11,8,13356,56000000000,Unknown,0.565413197265625
Gemstone-512x11,8,13833,58000000000,Unknown,0.56616894140625
Gemstone-512x11,8,14310,60000000000,Unknown,0.55553719140625
Gemstone-512x11,8,14787,62000000000,Unknown,0.5591149189453125
Gemstone-512x11,8,15264,64000000000,Unknown,0.551670359375
Gemstone-512x11,8,15741,66000000000,Unknown,0.54344790625
Gemstone-512x11,8,16218,68000000000,Unknown,0.5390077490234375
Gemstone-512x11,8,16695,70000000000,Unknown,0.5321858369140625
Gemstone-512x11,8,17172,72000000000,Unknown,0.5290937333984375
Gemstone-512x11,8,17649,74000000000,Unknown,0.524909712890625
Gemstone-512x11,8,18126,76000000000,Unknown,0.5301814287109375
Gemstone-512x11,8,18603,78000000000,Unknown,0.5178477294921875
Gemstone-512x11,8,19080,80000000000,Unknown,0.511901439453125
Gemstone-512x11,8,19557,82000000000,Unknown,0.5062090966796875
Gemstone-512x11,8,20034,84000000000,Unknown,0.4990641259765625
Gemstone-512x11,8,20511,86000000000,Unknown,0.50128346484375
Gemstone-512x11,8,20988,88000000000,Unknown,0.4951139287109375
Gemstone-512x11,8,21465,90000000000,Unknown,0.4932529912109375
Gemstone-512x11,8,21942,92000000000,Unknown,0.4951201181640625
Gemstone-512x11,8,22419,94000000000,Unknown,0.484011408203125
Gemstone-512x11,8,22896,96000000000,Unknown,0.4873895625
Gemstone-512x11,8,23373,98000000000,Unknown,0.483159578125
Gemstone-512x11,8,23850,100000000000,Unknown,0.4907333828125
Gemstone-512x11,8,24327,102000000000,Unknown,0.47773626171875
Gemstone-512x11,8,24804,104000000000,Unknown,0.47230837109375
Gemstone-512x11,8,25281,106000000000,Unknown,0.4737481669921875
Gemstone-512x11,8,25758,108000000000,Unknown,0.47006616796875
Gemstone-512x11,8,26235,110000000000,Unknown,0.468205701171875
Gemstone-512x11,8,26712,112000000000,Unknown,0.4639685166015625
Gemstone-512x11,8,27189,114000000000,Unknown,0.46016678125
Gemstone-512x11,8,27666,116000000000,Unknown,0.4600530693359375
Gemstone-512x11,8,28143,118000000000,Unknown,0.4693145859375
Gemstone-512x11,8,28620,120000000000,Unknown,0.4630748486328125
Gemstone-512x11,8,29097,122000000000,Unknown,0.4657530771484375
Gemstone-512x11,8,29574,124000000000,Unknown,0.462139337890625
Gemstone-512x11,8,30051,126000000000,Unknown,0.453610470703125
Gemstone-512x11,8,30528,128000000000,Unknown,0.4581467099609375
Gemstone-512x11,8,31005,130000000000,Unknown,0.449465994140625
Gemstone-512x11,8,31482,132000000000,Unknown,0.450716607421875
Gemstone-512x11,8,31959,134000000000,Unknown,0.4493764453125
Gemstone-512x11,8,32436,136000000000,Unknown,0.45060865625
Gemstone-512x11,8,32913,138000000000,Unknown,0.4509239990234375
Gemstone-512x11,8,33390,140000000000,Unknown,0.4531595556640625
Gemstone-512x11,8,33867,142000000000,Unknown,0.4536745224609375
Gemstone-512x11,8,34344,144000000000,Unknown,0.4437658466796875
Gemstone-512x11,8,34821,146000000000,Unknown,0.4537943154296875
Gemstone-512x11,8,35298,148000000000,Unknown,0.45098828125
Gemstone-512x11,8,35775,150000000000,Unknown,0.451323072265625
Gemstone-512x11,8,36252,152000000000,Unknown,0.4463122978515625
Gemstone-512x11,8,36729,154000000000,Unknown,0.44464213671875
Gemstone-512x11,8,37206,156000000000,Unknown,0.4427292421875
Gemstone-512x11,8,37683,158000000000,Unknown,0.4444249248046875
Gemstone-512x11,8,38160,160000000000,Unknown,0.4498436494140625
Gemstone-512x11,8,38637,162000000000,Unknown,0.4406457275390625
Gemstone-512x11,8,39114,164000000000,Unknown,0.4350540712890625
Gemstone-512x11,8,39591,166000000000,Unknown,0.443680869140625
Gemstone-512x11,8,40068,168000000000,Unknown,0.4426286728515625
Gemstone-512x11,8,40545,170000000000,Unknown,0.438627720703125
Gemstone-512x11,8,41022,172000000000,Unknown,0.4477541689453125
Gemstone-512x11,8,41499,174000000000,Unknown,0.4390708056640625
Gemstone-512x11,8,41976,176000000000,Unknown,0.4389615146484375
Gemstone-512x11,8,42453,178000000000,Unknown,0.430938796875
Gemstone-512x11,8,42930,180000000000,Unknown,0.4410977353515625
Gemstone-512x11,8,43407,182000000000,Unknown,0.440424646484375
Gemstone-512x11,8,43884,184000000000,Unknown,0.432017560546875
Gemstone-512x11,8,44361,186000000000,Unknown,0.429832509765625
Gemstone-512x11,8,44838,188000000000,Unknown,0.4375856640625
Gemstone-512x11,8,45315,190000000000,Unknown,0.4379462490234375
Gemstone-512x11,8,45792,192000000000,Unknown,0.43451175390625
Gemstone-512x11,8,46269,194000000000,Unknown,0.4330050263671875
Gemstone-512x11,8,46746,196000000000,Unknown,0.43425214453125
Gemstone-512x11,8,47223,198000000000,Unknown,0.4272540068359375
Gemstone-512x11,8,47700,200000000000,Unknown,0.43102736328125
Gemstone-512x11,8,48177,202000000000,Unknown,0.433785310546875
Gemstone-512x11,8,48654,204000000000,Unknown,0.4311319296875
Gemstone-512x11,8,49131,206000000000,Unknown,0.428776330078125
Gemstone-512x11,8,49608,208000000000,Unknown,0.4391062890625
Gemstone-512x11,8,50085,210000000000,Unknown,0.43045327734375
Gemstone-512x11,8,50562,212000000000,Unknown,0.429931552734375
Gemstone-512x11,8,51039,214000000000,Unknown,0.437050056640625
Gemstone-512x11,8,51516,216000000000,Unknown,0.4239177509765625
Gemstone-512x11,8,51993,218000000000,Unknown,0.4322563154296875
Gemstone-512x11,8,52470,220000000000,Unknown,0.43193824609375
Gemstone-512x11,8,52947,222000000000,Unknown,0.4261443974609375
Gemstone-512x11,8,53424,224000000000,Unknown,0.4280188251953125
Gemstone-512x11,8,53901,226000000000,Unknown,0.433727087890625
Gemstone-512x11,8,54378,228000000000,Unknown,0.4326339990234375
Gemstone-512x11,8,54855,230000000000,Unknown,0.4325539423828125
Gemstone-512x11,8,55332,232000000000,Unknown,0.4251542685546875
Gemstone-512x11,8,55809,234000000000,Unknown,0.4305335927734375
Gemstone-512x11,8,56286,236000000000,Unknown,0.4352272822265625
Gemstone-512x11,8,56763,238000000000,Unknown,0.43364223828125
Gemstone-512x11,8,57240,240000000000,Unknown,0.423237666015625
Gemstone-512x11,8,57717,242000000000,Unknown,0.42887365625
Gemstone-512x11,8,58194,244000000000,Unknown,0.4359674013671875
Gemstone-512x11,8,58671,246000000000,Unknown,0.439541095703125
Gemstone-512x11,8,59148,248000000000,Unknown,0.4254806357421875
Gemstone-512x11,8,59625,250000000000,Unknown,0.430215966796875
Gemstone-512x11,8,60102,252000000000,Unknown,0.438054369140625
Gemstone-512x11,8,60579,254000000000,Unknown,0.4288226552734375
Gemstone-512x11,8,61056,256000000000,Unknown,0.4264982275390625
Gemstone-512x11,8,61533,258000000000,Unknown,0.434818375
Gemstone-512x11,8,62010,260000000000,Unknown,0.425742962890625
Gemstone-512x11,8,62487,262000000000,Unknown,0.429651728515625
Gemstone-512x11,8,62964,264000000000,Unknown,0.42529548828125
Gemstone-512x11,8,63441,266000000000,Unknown,0.43232897265625
Gemstone-512x11,8,63918,268000000000,Unknown,0.428526318359375
Gemstone-512x11,8,64395,270000000000,Unknown,0.424486306640625
Gemstone-512x11,8,64872,272000000000,Unknown,0.4256043701171875
Gemstone-512x11,8,65349,274000000000,Unknown,0.4285973466796875
Gemstone-512x11,8,65826,276000000000,Unknown,0.4265018564453125
Gemstone-512x11,8,66303,278000000000,Unknown,0.4357315810546875
Gemstone-512x11,8,66780,280000000000,Unknown,0.4232883271484375
Gemstone-512x11,8,67257,282000000000,Unknown,0.421881173828125
Gemstone-512x11,8,67734,284000000000,Unknown,0.4253029853515625
Gemstone-512x11,8,68211,286000000000,Unknown,0.42389302734375
Gemstone-512x11,8,68688,288000000000,Unknown,0.42858849609375
Gemstone-512x11,8,69165,290000000000,Unknown,0.4167282744140625
Gemstone-512x11,8,69642,292000000000,Unknown,0.4270226953125
Gemstone-512x11,8,70119,294000000000,Unknown,0.42736868359375
Gemstone-512x11,8,70596,296000000000,Unknown,0.42625101953125
Gemstone-512x11,8,71073,298000000000,Unknown,0.4229702802734375
Gemstone-512x11,8,71550,300000000000,Unknown,0.426192541015625
Gemstone-512x11,8,72027,302000000000,Unknown,0.4210582099609375
Gemstone-512x11,8,72504,304000000000,Unknown,0.4245618623046875
Gemstone-512x11,8,72981,306000000000,Unknown,0.4204480263671875
Gemstone-512x11,8,73458,308000000000,Unknown,0.42543884765625
Gemstone-512x11,8,73935,310000000000,Unknown,0.4235814990234375
Gemstone-512x11,8,74412,312000000000,Unknown,0.421269330078125
Gemstone-512x11,8,74889,314000000000,Unknown,0.417449294921875
Gemstone-512x11,8,75366,316000000000,Unknown,0.4261953994140625
Gemstone-512x11,8,75843,318000000000,Unknown,0.4231767685546875
Gemstone-512x11,8,76320,320000000000,Unknown,0.4233874658203125
Gemstone-512x11,8,76797,322000000000,Unknown,0.4244046240234375
Gemstone-512x11,8,77274,324000000000,Unknown,0.42592409375
Gemstone-512x11,8,77751,326000000000,Unknown,0.417601970703125
Gemstone-512x11,8,78228,328000000000,Unknown,0.42650260546875
Gemstone-512x11,8,78705,330000000000,Unknown,0.4268570537109375
Gemstone-512x11,8,79182,332000000000,Unknown,0.428228791015625
Gemstone-512x11,8,79659,334000000000,Unknown,0.4205443720703125
Gemstone-512x11,8,80136,336000000000,Unknown,0.42009462109375
Gemstone-512x11,8,80613,338000000000,Unknown,0.4178821953125
Gemstone-512x11,8,81090,340000000000,Unknown,0.422723841796875
Gemstone-512x11,8,81567,342000000000,Unknown,0.427333669921875
Gemstone-512x11,8,82044,344000000000,Unknown,0.426541177734375
Gemstone-512x11,8,82521,346000000000,Unknown,0.4249812314453125
Gemstone-512x11,8,82998,348000000000,Huge,0.4243303125
Gemstone-512x11,9,477,2000000000,Unknown,0.1818274714355468
Gemstone-512x11,9,954,4000000000,Unknown,0.264240603515625
Gemstone-512x11,9,1431,6000000000,Unknown,0.3575023862304687
Gemstone-512x11,9,1908,8000000000,Unknown,0.434674833984375
Gemstone-512x11,9,2385,10000000000,Unknown,0.50508021484375
Gemstone-512x11,9,2862,12000000000,Unknown,0.54630678515625
Gemstone-512x11,9,3339,14000000000,Unknown,0.56662340625
Gemstone-512x11,9,3816,16000000000,Unknown,0.60236997265625
Gemstone-512x11,9,4293,18000000000,Unknown,0.605328443359375
Gemstone-512x11,9,4770,20000000000,Unknown,0.6177113486328125
Gemstone-512x11,9,5247,22000000000,Unknown,0.6177696552734375
Gemstone-512x11,9,5724,24000000000,Unknown,0.62865214453125
Gemstone-512x11,9,6201,26000000000,Unknown,0.622044125
Gemstone-512x11,9,6678,28000000000,Unknown,0.6227146787109376
Gemstone-512x11,9,7155,30000000000,Unknown,0.6343341650390625
Gemstone-512x11,9,7632,32000000000,Unknown,0.6118974482421875
Gemstone-512x11,9,8109,34000000000,Unknown,0.6150804404296875
Gemstone-512x11,9,8586,36000000000,Unknown,0.60699941015625
Gemstone-512x11,9,9063,38000000000,Unknown,0.6031363984375
Gemstone-512x11,9,9540,40000000000,Unknown,0.59570280078125
Gemstone-512x11,9,10017,42000000000,Unknown,0.5849200966796875
Gemstone-512x11,9,10494,44000000000,Unknown,0.564506201171875
Gemstone-512x11,9,10971,46000000000,Unknown,0.57323332421875
Gemstone-512x11,9,11448,48000000000,Unknown,0.5625516025390624
Gemstone-512x11,9,11925,50000000000,Unknown,0.56824010546875
Gemstone-512x11,9,12402,52000000000,Unknown,0.5538163779296875
Gemstone-512x11,9,12879,54000000000,Unknown,0.5365261025390625
Gemstone-512x11,9,13356,56000000000,Unknown,0.535220693359375
Gemstone-512x11,9,13833,58000000000,Unknown,0.5389289814453125
Gemstone-512x11,9,14310,60000000000,Unknown,0.52530379296875
Gemstone-512x11,9,14787,62000000000,Unknown,0.532458359375
Gemstone-512x11,9,15264,64000000000,Unknown,0.5214327529296875
Gemstone-512x11,9,15741,66000000000,Unknown,0.5111455810546875
Gemstone-512x11,9,16218,68000000000,Unknown,0.511997484375
Gemstone-512x11,9,16695,70000000000,Unknown,0.503259494140625
Gemstone-512x11,9,17172,72000000000,Unknown,0.498225849609375
Gemstone-512x11,9,17649,74000000000,Unknown,0.4962344365234375
Gemstone-512x11,9,18126,76000000000,Unknown,0.5006539833984375
Gemstone-512x11,9,18603,78000000000,Unknown,0.4921608681640625
Gemstone-512x11,9,19080,80000000000,Unknown,0.4850054794921875
Gemstone-512x11,9,19557,82000000000,Unknown,0.4770661240234375
Gemstone-512x11,9,20034,84000000000,Unknown,0.4707280634765625
Gemstone-512x11,9,20511,86000000000,Unknown,0.4759748779296875
Gemstone-512x11,9,20988,88000000000,Unknown,0.46965384375
Gemstone-512x11,9,21465,90000000000,Unknown,0.4682607587890625
Gemstone-512x11,9,21942,92000000000,Unknown,0.47105651953125
Gemstone-512x11,9,22419,94000000000,Unknown,0.4568785322265625
Gemstone-512x11,9,22896,96000000000,Unknown,0.459123421875
Gemstone-512x11,9,23373,98000000000,Unknown,0.457116404296875
Gemstone-512x11,9,23850,100000000000,Unknown,0.468609814453125
Gemstone-512x11,9,24327,102000000000,Unknown,0.4529392041015625
Gemstone-512x11,9,24804,104000000000,Unknown,0.4477619892578125
Gemstone-512x11,9,25281,106000000000,Unknown,0.4504742392578125
Gemstone-512x11,9,25758,108000000000,Unknown,0.4433784619140625
Gemstone-512x11,9,26235,110000000000,Unknown,0.4434137216796875
Gemstone-512x11,9,26712,112000000000,Unknown,0.4404636181640625
Gemstone-512x11,9,27189,114000000000,Unknown,0.437366888671875
Gemstone-512x11,9,27666,116000000000,Unknown,0.44514259375
Gemstone-512x11,9,28143,118000000000,Unknown,0.4456189853515625
Gemstone-512x11,9,28620,120000000000,Unknown,0.43934778125
Gemstone-512x11,9,29097,122000000000,Unknown,0.444194048828125
Gemstone-512x11,9,29574,124000000000,Unknown,0.442000166015625
Gemstone-512x11,9,30051,126000000000,Unknown,0.4321393369140625
Gemstone-512x11,9,30528,128000000000,Unknown,0.43839663671875
Gemstone-512x11,9,31005,130000000000,Unknown,0.423491740234375
Gemstone-512x11,9,31482,132000000000,Unknown,0.43316272265625
Gemstone-512x11,9,31959,134000000000,Unknown,0.42890077734375
Gemstone-512x11,9,32436,136000000000,Unknown,0.4325703798828125
Gemstone-512x11,9,32913,138000000000,Unknown,0.430148810546875
Gemstone-512x11,9,33390,140000000000,Unknown,0.4360521298828125
Gemstone-512x11,9,33867,142000000000,Unknown,0.4353199541015625
Gemstone-512x11,9,34344,144000000000,Unknown,0.42588835546875
Gemstone-512x11,9,34821,146000000000,Unknown,0.4372491171875
Gemstone-512x11,9,35298,148000000000,Unknown,0.4345670849609375
Gemstone-512x11,9,35775,150000000000,Unknown,0.4349407490234375
Gemstone-512x11,9,36252,152000000000,Unknown,0.4285090595703125
Gemstone-512x11,9,36729,154000000000,Unknown,0.43063784765625
Gemstone-512x11,9,37206,156000000000,Unknown,0.4238210703125
Gemstone-512x11,9,37683,158000000000,Unknown,0.4278102919921875
Gemstone-512x11,9,38160,160000000000,Unknown,0.4397501953125
Gemstone-512x11,9,38637,162000000000,Unknown,0.4183027001953125
Gemstone-512x11,9,39114,164000000000,Unknown,0.4198565732421875
Gemstone-512x11,9,39591,166000000000,Unknown,0.4301359912109375
Gemstone-512x11,9,40068,168000000000,Unknown,0.42804176953125
Gemstone-512x11,9,40545,170000000000,Unknown,0.4186617529296875
Gemstone-512x11,9,41022,172000000000,Unknown,0.430996990234375
Gemstone-512x11,9,41499,174000000000,Unknown,0.4207431513671875
Gemstone-512x11,9,41976,176000000000,Unknown,0.423822228515625
Gemstone-512x11,9,42453,178000000000,Unknown,0.4147675517578125
Gemstone-512x11,9,42930,180000000000,Unknown,0.42576851953125
Gemstone-512x11,9,43407,182000000000,Unknown,0.42553865234375
Gemstone-512x11,9,43884,184000000000,Unknown,0.41326003125
Gemstone-512x11,9,44361,186000000000,Unknown,0.4105480346679687
Gemstone-512x11,9,44838,188000000000,Unknown,0.4266308671875
Gemstone-512x11,9,45315,190000000000,Unknown,0.42295909765625
Gemstone-512x11,9,45792,192000000000,Unknown,0.4175693408203125
Gemstone-512x11,9,46269,194000000000,Unknown,0.41844243359375
Gemstone-512x11,9,46746,196000000000,Unknown,0.4218352314453125
Gemstone-512x11,9,47223,198000000000,Unknown,0.411289580078125
Gemstone-512x11,9,47700,200000000000,Unknown,0.4194292998046875
Gemstone-512x11,9,48177,202000000000,Unknown,0.4212756103515625
Gemstone-512x11,9,48654,204000000000,Unknown,0.4155244921875
Gemstone-512x11,9,49131,206000000000,Unknown,0.4124951611328125
Gemstone-512x11,9,49608,208000000000,Unknown,0.429575548828125
Gemstone-512x11,9,50085,210000000000,Unknown,0.4141861484375
Gemstone-512x11,9,50562,212000000000,Unknown,0.4159237939453125
Gemstone-512x11,9,51039,214000000000,Unknown,0.4250811337890625
Gemstone-512x11,9,51516,216000000000,Unknown,0.4059654697265625
Gemstone-512x11,9,51993,218000000000,Unknown,0.4216325517578125
Gemstone-512x11,9,52470,220000000000,Unknown,0.4189508203125
Gemstone-512x11,9,52947,222000000000,Unknown,0.4156848671875
Gemstone-512x11,9,53424,224000000000,Unknown,0.4183268818359375
Gemstone-512x11,9,53901,226000000000,Unknown,0.421398474609375
Gemstone-512x11,9,54378,228000000000,Unknown,0.419660720703125
Gemstone-512x11,9,54855,230000000000,Unknown,0.423073140625
Gemstone-512x11,9,55332,232000000000,Unknown,0.412603130859375
Gemstone-512x11,9,55809,234000000000,Unknown,0.4206634072265625
Gemstone-512x11,9,56286,236000000000,Unknown,0.4241467587890625
Gemstone-512x11,9,56763,238000000000,Unknown,0.419244052734375
Gemstone-512x11,9,57240,240000000000,Unknown,0.4091557827148437
Gemstone-512x11,9,57717,242000000000,Unknown,0.4177025478515625
Gemstone-512x11,9,58194,244000000000,Unknown,0.4268721748046875
Gemstone-512x11,9,58671,246000000000,Unknown,0.4357174833984375
Gemstone-512x11,9,59148,248000000000,Unknown,0.4130951840820313
Gemstone-512x11,9,59625,250000000000,Unknown,0.4193868037109375
Gemstone-512x11,9,60102,252000000000,Unknown,0.428664392578125
Gemstone-512x11,9,60579,254000000000,Unknown,0.4176938359375
Gemstone-512x11,9,61056,256000000000,Unknown,0.417423248046875
Gemstone-512x11,9,61533,258000000000,Unknown,0.4256725078125
Gemstone-512x11,9,62010,260000000000,Unknown,0.417866767578125
Gemstone-512x11,9,62487,262000000000,Unknown,0.418309923828125
Gemstone-512x11,9,62964,264000000000,Unknown,0.4145080927734375
Gemstone-512x11,9,63441,266000000000,Unknown,0.41954530078125
Gemstone-512x11,9,63918,268000000000,Unknown,0.4232423876953125
Gemstone-512x11,9,64395,270000000000,Unknown,0.4141496474609375
Gemstone-512x11,9,64872,272000000000,Unknown,0.4180507314453125
Gemstone-512x11,9,65349,274000000000,Unknown,0.42098023828125
Gemstone-512x11,9,65826,276000000000,Unknown,0.422923927734375
Gemstone-512x11,9,66303,278000000000,Unknown,0.4286856845703125
Gemstone-512x11,9,66780,280000000000,Unknown,0.4167823212890625
Gemstone-512x11,9,67257,282000000000,Unknown,0.4114164682617187
Gemstone-512x11,9,67734,284000000000,Unknown,0.4206614052734375
Gemstone-512x11,9,68211,286000000000,Unknown,0.4165109267578125
Gemstone-512x11,9,68688,288000000000,Unknown,0.4215618828125
Gemstone-512x11,9,69165,290000000000,Unknown,0.40964500390625
Gemstone-512x11,9,69642,292000000000,Unknown,0.419078005859375
Gemstone-512x11,9,70119,294000000000,Unknown,0.4206347509765625
Gemstone-512x11,9,70596,296000000000,Unknown,0.4180450517578125
Gemstone-512x11,9,71073,298000000000,Unknown,0.4161223603515625
Gemstone-512x11,9,71550,300000000000,Unknown,0.4169732333984375
Gemstone-512x11,9,72027,302000000000,Unknown,0.4107625708007812
Gemstone-512x11,9,72504,304000000000,Unknown,0.4179724619140625
Gemstone-512x11,9,72981,306000000000,Unknown,0.4154446083984375
Gemstone-512x11,9,73458,308000000000,Unknown,0.4168865048828125
Gemstone-512x11,9,73935,310000000000,Unknown,0.41637915234375
Gemstone-512x11,9,74412,312000000000,Unknown,0.4148978544921875
Gemstone-512x11,9,74889,314000000000,Unknown,0.4094059204101563
Gemstone-512x11,9,75366,316000000000,Unknown,0.4178496259765625
Gemstone-512x11,9,75843,318000000000,Unknown,0.4162205234375
Gemstone-512x11,9,76320,320000000000,Unknown,0.4202789990234375
Gemstone-512x11,9,76797,322000000000,Unknown,0.4185075146484375
Gemstone-512x11,9,77274,324000000000,Unknown,0.41768619921875
Gemstone-512x11,9,77751,326000000000,Unknown,0.4105996997070312
Gemstone-512x11,9,78228,328000000000,Unknown,0.420229296875
Gemstone-512x11,9,78705,330000000000,Unknown,0.42081902734375
Gemstone-512x11,9,79182,332000000000,Unknown,0.422071849609375
Gemstone-512x11,9,79659,334000000000,Unknown,0.415387978515625
Gemstone-512x11,9,80136,336000000000,Unknown,0.4149137626953125
Gemstone-512x11,9,80613,338000000000,Unknown,0.413484388671875
Gemstone-512x11,9,81090,340000000000,Unknown,0.4151906669921875
Gemstone-512x11,9,81567,342000000000,Unknown,0.4257732880859375
Gemstone-512x11,9,82044,344000000000,Unknown,0.420850796875
Gemstone-512x11,9,82521,346000000000,Unknown,0.421030876953125
Gemstone-512x11,9,82998,348000000000,Huge,0.4196796845703125
Gemstone-512x11,10,477,2000000000,Unknown,0.2799642485351562
Gemstone-512x11,10,954,4000000000,Unknown,0.3802386020507812
Gemstone-512x11,10,1431,6000000000,Unknown,0.4517066201171875
Gemstone-512x11,10,1908,8000000000,Unknown,0.5019163359375
Gemstone-512x11,10,2385,10000000000,Unknown,0.55228326953125
Gemstone-512x11,10,2862,12000000000,Unknown,0.577908408203125
Gemstone-512x11,10,3339,14000000000,Unknown,0.5895347314453125
Gemstone-512x11,10,3816,16000000000,Unknown,0.6159960263671875
Gemstone-512x11,10,4293,18000000000,Unknown,0.6145567802734375
Gemstone-512x11,10,4770,20000000000,Unknown,0.624825896484375
Gemstone-512x11,10,5247,22000000000,Unknown,0.6233030966796875
Gemstone-512x11,10,5724,24000000000,Unknown,0.6306271015625
Gemstone-512x11,10,6201,26000000000,Unknown,0.623469064453125
Gemstone-512x11,10,6678,28000000000,Unknown,0.624391509765625
Gemstone-512x11,10,7155,30000000000,Unknown,0.6393360986328125
Gemstone-512x11,10,7632,32000000000,Unknown,0.613323685546875
Gemstone-512x11,10,8109,34000000000,Unknown,0.6158915986328125
Gemstone-512x11,10,8586,36000000000,Unknown,0.611058685546875
Gemstone-512x11,10,9063,38000000000,Unknown,0.6089315205078125
Gemstone-512x11,10,9540,40000000000,Unknown,0.600202333984375
Gemstone-512x11,10,10017,42000000000,Unknown,0.5887622646484375
Gemstone-512x11,10,10494,44000000000,Unknown,0.5727997705078125
Gemstone-512x11,10,10971,46000000000,Unknown,0.581094232421875
Gemstone-512x11,10,11448,48000000000,Unknown,0.5706442861328125
Gemstone-512x11,10,11925,50000000000,Unknown,0.57918040234375
Gemstone-512x11,10,12402,52000000000,Unknown,0.5649934677734375
Gemstone-512x11,10,12879,54000000000,Unknown,0.549670439453125
Gemstone-512x11,10,13356,56000000000,Unknown,0.5496846123046875
Gemstone-512x11,10,13833,58000000000,Unknown,0.55574482421875
Gemstone-512x11,10,14310,60000000000,Unknown,0.5426373544921875
Gemstone-512x11,10,14787,62000000000,Unknown,0.549134306640625
Gemstone-512x11,10,15264,64000000000,Unknown,0.5405699150390625
Gemstone-512x11,10,15741,66000000000,Unknown,0.53228423828125
Gemstone-512x11,10,16218,68000000000,Unknown,0.53499972265625
Gemstone-512x11,10,16695,70000000000,Unknown,0.5292868779296875
Gemstone-512x11,10,17172,72000000000,Unknown,0.5246199326171875
Gemstone-512x11,10,17649,74000000000,Unknown,0.523846275390625
Gemstone-512x11,10,18126,76000000000,Unknown,0.52681838671875
Gemstone-512x11,10,18603,78000000000,Unknown,0.5203346845703125
Gemstone-512x11,10,19080,80000000000,Unknown,0.5144513720703126
Gemstone-512x11,10,19557,82000000000,Unknown,0.5069510986328125
Gemstone-512x11,10,20034,84000000000,Unknown,0.5017720146484375
Gemstone-512x11,10,20511,86000000000,Unknown,0.5090814833984375
Gemstone-512x11,10,20988,88000000000,Unknown,0.500975853515625
Gemstone-512x11,10,21465,90000000000,Unknown,0.500183396484375
Gemstone-512x11,10,21942,92000000000,Unknown,0.50206356640625
Gemstone-512x11,10,22419,94000000000,Unknown,0.48980891796875
Gemstone-512x11,10,22896,96000000000,Unknown,0.492951765625
Gemstone-512x11,10,23373,98000000000,Unknown,0.4936572470703125
Gemstone-512x11,10,23850,100000000000,Unknown,0.502560970703125
Gemstone-512x11,10,24327,102000000000,Unknown,0.490110615234375
Gemstone-512x11,10,24804,104000000000,Unknown,0.4837544453125
Gemstone-512x11,10,25281,106000000000,Unknown,0.4863001201171875
Gemstone-512x11,10,25758,108000000000,Unknown,0.478933294921875
Gemstone-512x11,10,26235,110000000000,Unknown,0.4804373564453125
Gemstone-512x11,10,26712,112000000000,Unknown,0.4805181328125
Gemstone-512x11,10,27189,114000000000,Unknown,0.47455439453125
Gemstone-512x11,10,27666,116000000000,Unknown,0.4806925703125
Gemstone-512x11,10,28143,118000000000,Unknown,0.4830268212890625
Gemstone-512x11,10,28620,120000000000,Unknown,0.474427357421875
Gemstone-512x11,10,29097,122000000000,Unknown,0.4824298310546875
Gemstone-512x11,10,29574,124000000000,Unknown,0.4802376005859375
Gemstone-512x11,10,30051,126000000000,Unknown,0.4705046103515625
Gemstone-512x11,10,30528,128000000000,Unknown,0.4780449267578125
Gemstone-512x11,10,31005,130000000000,Unknown,0.4629695341796875
Gemstone-512x11,10,31482,132000000000,Unknown,0.47318198046875
Gemstone-512x11,10,31959,134000000000,Unknown,0.470003798828125
Gemstone-512x11,10,32436,136000000000,Unknown,0.472649521484375
Gemstone-512x11,10,32913,138000000000,Unknown,0.471910279296875
Gemstone-512x11,10,33390,140000000000,Unknown,0.4797493056640625
Gemstone-512x11,10,33867,142000000000,Unknown,0.476971091796875
Gemstone-512x11,10,34344,144000000000,Unknown,0.46692006640625
Gemstone-512x11,10,34821,146000000000,Unknown,0.4788631982421875
Gemstone-512x11,10,35298,148000000000,Unknown,0.4782811904296875
Gemstone-512x11,10,35775,150000000000,Unknown,0.4758619677734375
Gemstone-512x11,10,36252,152000000000,Unknown,0.4715491982421875
Gemstone-512x11,10,36729,154000000000,Unknown,0.4739002802734375
Gemstone-512x11,10,37206,156000000000,Unknown,0.467179041015625
Gemstone-512x11,10,37683,158000000000,Unknown,0.471271875
Gemstone-512x11,10,38160,160000000000,Unknown,0.481979419921875
Gemstone-512x11,10,38637,162000000000,Unknown,0.4621193701171875
Gemstone-512x11,10,39114,164000000000,Unknown,0.4641666943359375
Gemstone-512x11,10,39591,166000000000,Unknown,0.4701301015625
Gemstone-512x11,10,40068,168000000000,Unknown,0.470865556640625
Gemstone-512x11,10,40545,170000000000,Unknown,0.462371994140625
Gemstone-512x11,10,41022,172000000000,Unknown,0.4741925107421875
Gemstone-512x11,10,41499,174000000000,Unknown,0.463462625
Gemstone-512x11,10,41976,176000000000,Unknown,0.4668557431640625
Gemstone-512x11,10,42453,178000000000,Unknown,0.4591060751953125
Gemstone-512x11,10,42930,180000000000,Unknown,0.469864318359375
Gemstone-512x11,10,43407,182000000000,Unknown,0.468687216796875
Gemstone-512x11,10,43884,184000000000,Unknown,0.4568639775390625
Gemstone-512x11,10,44361,186000000000,Unknown,0.455807328125
Gemstone-512x11,10,44838,188000000000,Unknown,0.470100205078125
Gemstone-512x11,10,45315,190000000000,Unknown,0.4672379384765625
Gemstone-512x11,10,45792,192000000000,Unknown,0.461044
Gemstone-512x11,10,46269,194000000000,Unknown,0.4616512333984375
Gemstone-512x11,10,46746,196000000000,Unknown,0.4668016748046875
Gemstone-512x11,10,47223,198000000000,Unknown,0.4569088515625
Gemstone-512x11,10,47700,200000000000,Unknown,0.4653285009765625
Gemstone-512x11,10,48177,202000000000,Unknown,0.46790962109375
Gemstone-512x11,10,48654,204000000000,Unknown,0.45916294921875
Gemstone-512x11,10,49131,206000000000,Unknown,0.4577897841796875
Gemstone-512x11,10,49608,208000000000,Unknown,0.4738618173828125
Gemstone-512x11,10,50085,210000000000,Unknown,0.4599751015625
Gemstone-512x11,10,50562,212000000000,Unknown,0.4603290166015625
Gemstone-512x11,10,51039,214000000000,Unknown,0.470688673828125
Gemstone-512x11,10,51516,216000000000,Unknown,0.453884587890625
Gemstone-512x11,10,51993,218000000000,Unknown,0.467549904296875
Gemstone-512x11,10,52470,220000000000,Unknown,0.462634759765625
Gemstone-512x11,10,52947,222000000000,Unknown,0.4618881337890625
Gemstone-512x11,10,53424,224000000000,Unknown,0.461967662109375
Gemstone-512x11,10,53901,226000000000,Unknown,0.467405767578125
Gemstone-512x11,10,54378,228000000000,Unknown,0.46298698828125
Gemstone-512x11,10,54855,230000000000,Unknown,0.4683688095703125
Gemstone-512x11,10,55332,232000000000,Unknown,0.461193296875
Gemstone-512x11,10,55809,234000000000,Unknown,0.4673331787109375
Gemstone-512x11,10,56286,236000000000,Unknown,0.4687498798828125
Gemstone-512x11,10,56763,238000000000,Unknown,0.4644352509765625
Gemstone-512x11,10,57240,240000000000,Unknown,0.4538766015625
Gemstone-512x11,10,57717,242000000000,Unknown,0.4626232431640625
Gemstone-512x11,10,58194,244000000000,Unknown,0.47117675
Gemstone-512x11,10,58671,246000000000,Unknown,0.478749599609375
Gemstone-512x11,10,59148,248000000000,Unknown,0.4588683154296875
Gemstone-512x11,10,59625,250000000000,Unknown,0.462329142578125
Gemstone-512x11,10,60102,252000000000,Unknown,0.4722163486328125
Gemstone-512x11,10,60579,254000000000,Unknown,0.46321920703125
Gemstone-512x11,10,61056,256000000000,Unknown,0.4606870791015625
Gemstone-512x11,10,61533,258000000000,Unknown,0.471759
Gemstone-512x11,10,62010,260000000000,Unknown,0.4626262373046875
Gemstone-512x11,10,62487,262000000000,Unknown,0.4625169169921875
Gemstone-512x11,10,62964,264000000000,Unknown,0.4600666962890625
Gemstone-512x11,10,63441,266000000000,Unknown,0.4638793349609375
Gemstone-512x11,10,63918,268000000000,Unknown,0.466869890625
Gemstone-512x11,10,64395,270000000000,Unknown,0.460447009765625
Gemstone-512x11,10,64872,272000000000,Unknown,0.4609253759765625
Gemstone-512x11,10,65349,274000000000,Unknown,0.4634742294921875
Gemstone-512x11,10,65826,276000000000,Unknown,0.4686934443359375
Gemstone-512x11,10,66303,278000000000,Unknown,0.47343005859375
Gemstone-512x11,10,66780,280000000000,Unknown,0.46183489453125
Gemstone-512x11,10,67257,282000000000,Unknown,0.45500590234375
Gemstone-512x11,10,67734,284000000000,Unknown,0.46285050390625
Gemstone-512x11,10,68211,286000000000,Unknown,0.461795802734375
Gemstone-512x11,10,68688,288000000000,Unknown,0.4641159013671875
Gemstone-512x11,10,69165,290000000000,Unknown,0.4551180107421875
Gemstone-512x11,10,69642,292000000000,Unknown,0.4646108779296875
Gemstone-512x11,10,70119,294000000000,Unknown,0.467100818359375
Gemstone-512x11,10,70596,296000000000,Unknown,0.462185875
Gemstone-512x11,10,71073,298000000000,Unknown,0.4617155390625
Gemstone-512x11,10,71550,300000000000,Unknown,0.4623549384765625
Gemstone-512x11,10,72027,302000000000,Unknown,0.457081595703125
Gemstone-512x11,10,72504,304000000000,Unknown,0.46178193359375
Gemstone-512x11,10,72981,306000000000,Unknown,0.4598499482421875
Gemstone-512x11,10,73458,308000000000,Unknown,0.4626613564453125
Gemstone-512x11,10,73935,310000000000,Unknown,0.4609191103515625
Gemstone-512x11,10,74412,312000000000,Unknown,0.458008150390625
Gemstone-512x11,10,74889,314000000000,Unknown,0.457749029296875
Gemstone-512x11,10,75366,316000000000,Unknown,0.4630985478515625
Gemstone-512x11,10,75843,318000000000,Unknown,0.4591590732421875
Gemstone-512x11,10,76320,320000000000,Unknown,0.465497013671875
Gemstone-512x11,10,76797,322000000000,Unknown,0.462071876953125
Gemstone-512x11,10,77274,324000000000,Unknown,0.462395763671875
Gemstone-512x11,10,77751,326000000000,Unknown,0.4558940888671875
Gemstone-512x11,10,78228,328000000000,Unknown,0.4663007939453125
Gemstone-512x11,10,78705,330000000000,Unknown,0.4642790419921875
Gemstone-512x11,10,79182,332000000000,Unknown,0.4678953623046875
Gemstone-512x11,10,79659,334000000000,Unknown,0.4628095322265625
Gemstone-512x11,10,80136,336000000000,Unknown,0.46129714453125
Gemstone-512x11,10,80613,338000000000,Unknown,0.459274771484375
Gemstone-512x11,10,81090,340000000000,Unknown,0.4614993095703125
Gemstone-512x11,10,81567,342000000000,Unknown,0.4700344228515625
Gemstone-512x11,10,82044,344000000000,Unknown,0.4647068125
Gemstone-512x11,10,82521,346000000000,Unknown,0.4647365302734375
Gemstone-512x11,10,82998,348000000000,Huge,0.4642727197265625
Gemstone-512x11,11,477,2000000000,Unknown,0.445338228515625
Gemstone-512x11,11,954,4000000000,Unknown,0.512576369140625
Gemstone-512x11,11,1431,6000000000,Unknown,0.521116849609375
Gemstone-512x11,11,1908,8000000000,Unknown,0.5109355673828125
Gemstone-512x11,11,2385,10000000000,Unknown,0.5256300224609375
Gemstone-512x11,11,2862,12000000000,Unknown,0.51821943359375
Gemstone-512x11,11,3339,14000000000,Unknown,0.50273094921875
Gemstone-512x11,11,3816,16000000000,Unknown,0.51919476171875
Gemstone-512x11,11,4293,18000000000,Unknown,0.515897265625
Gemstone-512x11,11,4770,20000000000,Unknown,0.516120412109375
Gemstone-512x11,11,5247,22000000000,Unknown,0.51461236328125
Gemstone-512x11,11,5724,24000000000,Unknown,0.5172535419921875
Gemstone-512x11,11,6201,26000000000,Unknown,0.5115030859375
Gemstone-512x11,11,6678,28000000000,Unknown,0.5188343603515625
Gemstone-512x11,11,7155,30000000000,Unknown,0.5407118447265625
Gemstone-512x11,11,7632,32000000000,Unknown,0.512300494140625
Gemstone-512x11,11,8109,34000000000,Unknown,0.511759951171875
Gemstone-512x11,11,8586,36000000000,Unknown,0.511587716796875
Gemstone-512x11,11,9063,38000000000,Unknown,0.5140940546875
Gemstone-512x11,11,9540,40000000000,Unknown,0.5118475810546875
Gemstone-512x11,11,10017,42000000000,Unknown,0.4971367041015625
Gemstone-512x11,11,10494,44000000000,Unknown,0.485356166015625
Gemstone-512x11,11,10971,46000000000,Unknown,0.496328203125
Gemstone-512x11,11,11448,48000000000,Unknown,0.492942482421875
Gemstone-512x11,11,11925,50000000000,Unknown,0.511103677734375
Gemstone-512x11,11,12402,52000000000,Unknown,0.494959146484375
Gemstone-512x11,11,12879,54000000000,Unknown,0.48225842578125
Gemstone-512x11,11,13356,56000000000,Unknown,0.4912206484375
Gemstone-512x11,11,13833,58000000000,Unknown,0.4951612685546875
Gemstone-512x11,11,14310,60000000000,Unknown,0.4919779970703125
Gemstone-512x11,11,14787,62000000000,Unknown,0.49405354296875
Gemstone-512x11,11,15264,64000000000,Unknown,0.478411861328125
Gemstone-512x11,11,15741,66000000000,Unknown,0.4845852294921875
Gemstone-512x11,11,16218,68000000000,Unknown,0.4926874638671875
Gemstone-512x11,11,16695,70000000000,Unknown,0.4773521962890625
Gemstone-512x11,11,17172,72000000000,Unknown,0.4787433876953125
Gemstone-512x11,11,17649,74000000000,Unknown,0.48202754296875
Gemstone-512x11,11,18126,76000000000,Unknown,0.4907552841796875
Gemstone-512x11,11,18603,78000000000,Unknown,0.4829480234375
Gemstone-512x11,11,19080,80000000000,Unknown,0.4821846357421875
Gemstone-512x11,11,19557,82000000000,Unknown,0.469577583984375
Gemstone-512x11,11,20034,84000000000,Unknown,0.4749469541015625
Gemstone-512x11,11,20511,86000000000,Unknown,0.4867300576171875
Gemstone-512x11,11,20988,88000000000,Unknown,0.4721636220703125
Gemstone-512x11,11,21465,90000000000,Unknown,0.473605328125
Gemstone-512x11,11,21942,92000000000,Unknown,0.473082072265625
Gemstone-512x11,11,22419,94000000000,Unknown,0.46448069921875
Gemstone-512x11,11,22896,96000000000,Unknown,0.471839501953125
Gemstone-512x11,11,23373,98000000000,Unknown,0.467398099609375
Gemstone-512x11,11,23850,100000000000,Unknown,0.483351412109375
Gemstone-512x11,11,24327,102000000000,Unknown,0.4731499912109375
Gemstone-512x11,11,24804,104000000000,Unknown,0.461424658203125
Gemstone-512x11,11,25281,106000000000,Unknown,0.4672607578125
Gemstone-512x11,11,25758,108000000000,Unknown,0.4622660185546875
Gemstone-512x11,11,26235,110000000000,Unknown,0.457773830078125
Gemstone-512x11,11,26712,112000000000,Unknown,0.4593378994140625
Gemstone-512x11,11,27189,114000000000,Unknown,0.46195941015625
Gemstone-512x11,11,27666,116000000000,Unknown,0.47006768359375
Gemstone-512x11,11,28143,118000000000,Unknown,0.4658529287109375
Gemstone-512x11,11,28620,120000000000,Unknown,0.454603029296875
Gemstone-512x11,11,29097,122000000000,Unknown,0.4594206435546875
Gemstone-512x11,11,29574,124000000000,Unknown,0.4676450322265625
Gemstone-512x11,11,30051,126000000000,Unknown,0.4527971103515625
Gemstone-512x11,11,30528,128000000000,Unknown,0.4634712626953125
Gemstone-512x11,11,31005,130000000000,Unknown,0.445982474609375
Gemstone-512x11,11,31482,132000000000,Unknown,0.459308345703125
Gemstone-512x11,11,31959,134000000000,Unknown,0.454907814453125
Gemstone-512x11,11,32436,136000000000,Unknown,0.4595509765625
Gemstone-512x11,11,32913,138000000000,Unknown,0.456360638671875
Gemstone-512x11,11,33390,140000000000,Unknown,0.4694570791015625
Gemstone-512x11,11,33867,142000000000,Unknown,0.4653739140625
Gemstone-512x11,11,34344,144000000000,Unknown,0.4566485439453125
Gemstone-512x11,11,34821,146000000000,Unknown,0.4724722587890625
Gemstone-512x11,11,35298,148000000000,Unknown,0.4649977685546875
Gemstone-512x11,11,35775,150000000000,Unknown,0.46203634765625
Gemstone-512x11,11,36252,152000000000,Unknown,0.46003765234375
Gemstone-512x11,11,36729,154000000000,Unknown,0.461202197265625
Gemstone-512x11,11,37206,156000000000,Unknown,0.4546398544921875
Gemstone-512x11,11,37683,158000000000,Unknown,0.4547342724609375
Gemstone-512x11,11,38160,160000000000,Unknown,0.4718342021484375
Gemstone-512x11,11,38637,162000000000,Unknown,0.4487967392578125
Gemstone-512x11,11,39114,164000000000,Unknown,0.4504621015625
Gemstone-512x11,11,39591,166000000000,Unknown,0.4618874326171875
Gemstone-512x11,11,40068,168000000000,Unknown,0.459458044921875
Gemstone-512x11,11,40545,170000000000,Unknown,0.452070794921875
Gemstone-512x11,11,41022,172000000000,Unknown,0.4641537890625
Gemstone-512x11,11,41499,174000000000,Unknown,0.4546920166015625
Gemstone-512x11,11,41976,176000000000,Unknown,0.456101349609375
Gemstone-512x11,11,42453,178000000000,Unknown,0.44293793359375
Gemstone-512x11,11,42930,180000000000,Unknown,0.4518503837890625
Gemstone-512x11,11,43407,182000000000,Unknown,0.4525016875
Gemstone-512x11,11,43884,184000000000,Unknown,0.439451197265625
Gemstone-512x11,11,44361,186000000000,Unknown,0.44052779296875
Gemstone-512x11,11,44838,188000000000,Unknown,0.453589837890625
Gemstone-512x11,11,45315,190000000000,Unknown,0.4549369326171875
Gemstone-512x11,11,45792,192000000000,Unknown,0.447141181640625
Gemstone-512x11,11,46269,194000000000,Unknown,0.4551064248046875
Gemstone-512x11,11,46746,196000000000,Unknown,0.456092767578125
Gemstone-512x11,11,47223,198000000000,Unknown,0.4448754931640625
Gemstone-512x11,11,47700,200000000000,Unknown,0.4522141083984375
Gemstone-512x11,11,48177,202000000000,Unknown,0.4602597255859375
Gemstone-512x11,11,48654,204000000000,Unknown,0.44966080859375
Gemstone-512x11,11,49131,206000000000,Unknown,0.4431666806640625
Gemstone-512x11,11,49608,208000000000,Unknown,0.461464548828125
Gemstone-512x11,11,50085,210000000000,Unknown,0.4472984326171875
Gemstone-512x11,11,50562,212000000000,Unknown,0.45031051171875
Gemstone-512x11,11,51039,214000000000,Unknown,0.4563896162109375
Gemstone-512x11,11,51516,216000000000,Unknown,0.437297146484375
Gemstone-512x11,11,51993,218000000000,Unknown,0.45370724609375
Gemstone-512x11,11,52470,220000000000,Unknown,0.4496019033203125
Gemstone-512x11,11,52947,222000000000,Unknown,0.45001328125
Gemstone-512x11,11,53424,224000000000,Unknown,0.4513930712890625
Gemstone-512x11,11,53901,226000000000,Unknown,0.45786108203125
Gemstone-512x11,11,54378,228000000000,Unknown,0.4506460634765625
Gemstone-512x11,11,54855,230000000000,Unknown,0.4598359697265625
Gemstone-512x11,11,55332,232000000000,Unknown,0.45558776953125
Gemstone-512x11,11,55809,234000000000,Unknown,0.458971052734375
Gemstone-512x11,11,56286,236000000000,Unknown,0.45469042578125
Gemstone-512x11,11,56763,238000000000,Unknown,0.4454343017578125
Gemstone-512x11,11,57240,240000000000,Unknown,0.44259266015625
Gemstone-512x11,11,57717,242000000000,Unknown,0.4508580712890625
Gemstone-512x11,11,58194,244000000000,Unknown,0.454106890625
Gemstone-512x11,11,58671,246000000000,Unknown,0.4598610966796875
Gemstone-512x11,11,59148,248000000000,Unknown,0.4451079521484375
Gemstone-512x11,11,59625,250000000000,Unknown,0.447649419921875
Gemstone-512x11,11,60102,252000000000,Unknown,0.455089279296875
Gemstone-512x11,11,60579,254000000000,Unknown,0.4464849931640625
Gemstone-512x11,11,61056,256000000000,Unknown,0.44253892578125
Gemstone-512x11,11,61533,258000000000,Unknown,0.4574931806640625
Gemstone-512x11,11,62010,260000000000,Unknown,0.44392335546875
Gemstone-512x11,11,62487,262000000000,Unknown,0.44913328515625
Gemstone-512x11,11,62964,264000000000,Unknown,0.4460912666015625
Gemstone-512x11,11,63441,266000000000,Unknown,0.4484957138671875
Gemstone-512x11,11,63918,268000000000,Unknown,0.450911666015625
Gemstone-512x11,11,64395,270000000000,Unknown,0.447300033203125
Gemstone-512x11,11,64872,272000000000,Unknown,0.443715466796875
Gemstone-512x11,11,65349,274000000000,Unknown,0.447634376953125
Gemstone-512x11,11,65826,276000000000,Unknown,0.4587312314453125
Gemstone-512x11,11,66303,278000000000,Unknown,0.4548793203125
Gemstone-512x11,11,66780,280000000000,Unknown,0.4524446728515625
Gemstone-512x11,11,67257,282000000000,Unknown,0.4381625849609375
Gemstone-512x11,11,67734,284000000000,Unknown,0.45112186328125
Gemstone-512x11,11,68211,286000000000,Unknown,0.4456499775390625
Gemstone-512x11,11,68688,288000000000,Unknown,0.449258400390625
Gemstone-512x11,11,69165,290000000000,Unknown,0.445389021484375
Gemstone-512x11,11,69642,292000000000,Unknown,0.4525393359375
Gemstone-512x11,11,70119,294000000000,Unknown,0.460341134765625
Gemstone-512x11,11,70596,296000000000,Unknown,0.446435515625
Gemstone-512x11,11,71073,298000000000,Unknown,0.4426604892578125
Gemstone-512x11,11,71550,300000000000,Unknown,0.4455726552734375
Gemstone-512x11,11,72027,302000000000,Unknown,0.4370937421875
Gemstone-512x11,11,72504,304000000000,Unknown,0.4462777314453125
Gemstone-512x11,11,72981,306000000000,Unknown,0.444614080078125
Gemstone-512x11,11,73458,308000000000,Unknown,0.443222998046875
Gemstone-512x11,11,73935,310000000000,Unknown,0.452422501953125
Gemstone-512x11,11,74412,312000000000,Unknown,0.445667162109375
Gemstone-512x11,11,74889,314000000000,Unknown,0.4482091904296875
Gemstone-512x11,11,75366,316000000000,Unknown,0.44573241015625
Gemstone-512x11,11,75843,318000000000,Unknown,0.4492128720703125
Gemstone-512x11,11,76320,320000000000,Unknown,0.4506449345703125
Gemstone-512x11,11,76797,322000000000,Unknown,0.4468334501953125
Gemstone-512x11,11,77274,324000000000,Unknown,0.4450384931640625
Gemstone-512x11,11,77751,326000000000,Unknown,0.4453805166015625
Gemstone-512x11,11,78228,328000000000,Unknown,0.44509212109375
Gemstone-512x11,11,78705,330000000000,Unknown,0.447594984375
Gemstone-512x11,11,79182,332000000000,Unknown,0.448893474609375
Gemstone-512x11,11,79659,334000000000,Unknown,0.4432422138671875
Gemstone-512x11,11,80136,336000000000,Unknown,0.45055615234375
Gemstone-512x11,11,80613,338000000000,Unknown,0.444513591796875
Gemstone-512x11,11,81090,340000000000,Unknown,0.448553734375
Gemstone-512x11,11,81567,342000000000,Unknown,0.45337026953125
Gemstone-512x11,11,82044,344000000000,Unknown,0.44711771484375
Gemstone-512x11,11,82521,346000000000,Unknown,0.444952533203125
Gemstone-512x11,11,82998,348000000000,Huge,0.4429264072265625
OPT-125M-100M,0,,,100M,0.0839301602783203
OPT-125M-100M,1,,,100M,0.1096750869140625
OPT-125M-100M,2,,,100M,0.0986418818359375
OPT-125M-100M,3,,,100M,0.0851254890136718
OPT-125M-100M,4,,,100M,0.0785470241699218
OPT-125M-100M,5,,,100M,0.0790109710693359
OPT-125M-100M,6,,,100M,0.0792216669921875
OPT-125M-100M,7,,,100M,0.0816267960205078
OPT-125M-100M,8,,,100M,0.0849930999755859
OPT-125M-100M,9,,,100M,0.0977549719238281
OPT-125M-100M,10,,,100M,0.1148326633300781
OPT-125M-100M,11,,,100M,0.1278630124511718
OPT-125M-100M,12,,,100M,0.0871037458496093
OPT-125M-10M,0,,,10M,0.0334262343139648
OPT-125M-10M,1,,,10M,0.0783378383789062
OPT-125M-10M,2,,,10M,0.1603072888183593
OPT-125M-10M,3,,,10M,0.1520499946289062
OPT-125M-10M,4,,,10M,0.1370787941894531
OPT-125M-10M,5,,,10M,0.1318602202148437
OPT-125M-10M,6,,,10M,0.1211834807128906
OPT-125M-10M,7,,,10M,0.1018679090576171
OPT-125M-10M,8,,,10M,0.086926474609375
OPT-125M-10M,9,,,10M,0.0747879997558593
OPT-125M-10M,10,,,10M,0.0656553421630859
OPT-125M-10M,11,,,10M,0.0579391484375
OPT-125M-10M,12,,,10M,0.0767971650390625
Pythia-14M,0,1,2097152,Unknown,0.0074666778869628
Pythia-14M,0,2,4194304,Unknown,0.0074666819992065
Pythia-14M,0,4,8388608,Unknown,0.007466755493164
Pythia-14M,0,8,16777216,Unknown,0.0074675113449096
Pythia-14M,0,16,33554432,Unknown,0.0074712307434082
Pythia-14M,0,32,67108864,Unknown,0.0074932757110595
Pythia-14M,0,64,134217728,Unknown,0.0075791794128417
Pythia-14M,0,128,268435456,Unknown,0.0078477445526123
Pythia-14M,0,256,536870912,Unknown,0.0082705279693603
Pythia-14M,0,512,1073741824,Unknown,0.0094377883605957
Pythia-14M,0,1000,2097152000,Unknown,0.0100697762756347
Pythia-14M,0,2000,4194304000,Unknown,0.0185786289672851
Pythia-14M,0,3000,6291456000,Unknown,0.0307408661499023
Pythia-14M,0,4000,8388608000,Unknown,0.0354936424560546
Pythia-14M,0,5000,10485760000,Unknown,0.0372026280517578
Pythia-14M,0,6000,12582912000,Unknown,0.0379372648315429
Pythia-14M,0,7000,14680064000,Unknown,0.038665998046875
Pythia-14M,0,8000,16777216000,Unknown,0.0387734049682617
Pythia-14M,0,9000,18874368000,Unknown,0.0393374287719726
Pythia-14M,0,10000,20971520000,Unknown,0.0394671978149414
Pythia-14M,0,11000,23068672000,Unknown,0.039647073059082
Pythia-14M,0,12000,25165824000,Unknown,0.0406989786987304
Pythia-14M,0,13000,27262976000,Unknown,0.0411012620239257
Pythia-14M,0,14000,29360128000,Unknown,0.0417677771606445
Pythia-14M,0,15000,31457280000,Unknown,0.0426294591674804
Pythia-14M,0,16000,33554432000,Unknown,0.0431352498779296
Pythia-14M,0,17000,35651584000,Unknown,0.0434414533691406
Pythia-14M,0,18000,37748736000,Unknown,0.0439809196166992
Pythia-14M,0,19000,39845888000,Unknown,0.0443416499633789
Pythia-14M,0,20000,41943040000,Unknown,0.0447121063232421
Pythia-14M,0,21000,44040192000,Unknown,0.0453238631591796
Pythia-14M,0,22000,46137344000,Unknown,0.0456344855957031
Pythia-14M,0,23000,48234496000,Unknown,0.0460527374877929
Pythia-14M,0,24000,50331648000,Unknown,0.0463598208618164
Pythia-14M,0,25000,52428800000,Unknown,0.0468725714721679
Pythia-14M,0,26000,54525952000,Unknown,0.0472766337890625
Pythia-14M,0,27000,56623104000,Unknown,0.0478309954223632
Pythia-14M,0,28000,58720256000,Unknown,0.0481814221801757
Pythia-14M,0,29000,60817408000,Unknown,0.0484932893676757
Pythia-14M,0,30000,62914560000,Unknown,0.04880764453125
Pythia-14M,0,31000,65011712000,Unknown,0.0492569918823242
Pythia-14M,0,32000,67108864000,Unknown,0.0495111700439453
Pythia-14M,0,33000,69206016000,Unknown,0.049957588317871
Pythia-14M,0,34000,71303168000,Unknown,0.0498094868774414
Pythia-14M,0,35000,73400320000,Unknown,0.0500471607055664
Pythia-14M,0,36000,75497472000,Unknown,0.0499758800659179
Pythia-14M,0,37000,77594624000,Unknown,0.0502872830810546
Pythia-14M,0,38000,79691776000,Unknown,0.0505541087036132
Pythia-14M,0,39000,81788928000,Unknown,0.0506488562011718
Pythia-14M,0,40000,83886080000,Unknown,0.0509054351196289
Pythia-14M,0,41000,85983232000,Unknown,0.051351992980957
Pythia-14M,0,42000,88080384000,Unknown,0.0513630421752929
Pythia-14M,0,43000,90177536000,Unknown,0.051415390258789
Pythia-14M,0,44000,92274688000,Unknown,0.0516121729125976
Pythia-14M,0,45000,94371840000,Unknown,0.0519932220458984
Pythia-14M,0,46000,96468992000,Unknown,0.0519839774169921
Pythia-14M,0,47000,98566144000,Unknown,0.0522723800048828
Pythia-14M,0,48000,100663296000,Unknown,0.0528227069091796
Pythia-14M,0,49000,102760448000,Unknown,0.0529029840698242
Pythia-14M,0,50000,104857600000,Unknown,0.0532202752075195
Pythia-14M,0,51000,106954752000,Unknown,0.0534430368652343
Pythia-14M,0,52000,109051904000,Unknown,0.0535297954101562
Pythia-14M,0,53000,111149056000,Unknown,0.053719709411621
Pythia-14M,0,54000,113246208000,Unknown,0.0541419727172851
Pythia-14M,0,55000,115343360000,Unknown,0.0543102498168945
Pythia-14M,0,56000,117440512000,Unknown,0.0545785267333984
Pythia-14M,0,57000,119537664000,Unknown,0.054868946899414
Pythia-14M,0,58000,121634816000,Unknown,0.054956259399414
Pythia-14M,0,59000,123731968000,Unknown,0.0553868720703125
Pythia-14M,0,60000,125829120000,Unknown,0.0554105334472656
Pythia-14M,0,61000,127926272000,Unknown,0.0553559769287109
Pythia-14M,0,62000,130023424000,Unknown,0.0553050357666015
Pythia-14M,0,63000,132120576000,Unknown,0.054687078125
Pythia-14M,0,64000,134217728000,Unknown,0.0549856982421875
Pythia-14M,0,65000,136314880000,Unknown,0.0548168775634765
Pythia-14M,0,66000,138412032000,Unknown,0.0551114422607421
Pythia-14M,0,67000,140509184000,Unknown,0.0555651596679687
Pythia-14M,0,68000,142606336000,Unknown,0.0558506392822265
Pythia-14M,0,69000,144703488000,Unknown,0.0561622404785156
Pythia-14M,0,70000,146800640000,Unknown,0.0561745764160156
Pythia-14M,0,71000,148897792000,Unknown,0.0566845739746093
Pythia-14M,0,72000,150994944000,Unknown,0.0570586813964843
Pythia-14M,0,73000,153092096000,Unknown,0.0571026586914062
Pythia-14M,0,74000,155189248000,Unknown,0.0573383884277343
Pythia-14M,0,75000,157286400000,Unknown,0.057482259765625
Pythia-14M,0,76000,159383552000,Unknown,0.0577218739013671
Pythia-14M,0,77000,161480704000,Unknown,0.05787051171875
Pythia-14M,0,78000,163577856000,Unknown,0.0581785535888671
Pythia-14M,0,79000,165675008000,Unknown,0.058509322265625
Pythia-14M,0,80000,167772160000,Unknown,0.0587181990966796
Pythia-14M,0,81000,169869312000,Unknown,0.0588723128662109
Pythia-14M,0,82000,171966464000,Unknown,0.0592636472167968
Pythia-14M,0,83000,174063616000,Unknown,0.0593719074707031
Pythia-14M,0,84000,176160768000,Unknown,0.0594851103515625
Pythia-14M,0,85000,178257920000,Unknown,0.0597306022949218
Pythia-14M,0,86000,180355072000,Unknown,0.0601781274414062
Pythia-14M,0,87000,182452224000,Unknown,0.0601871102294921
Pythia-14M,0,88000,184549376000,Unknown,0.0604871666259765
Pythia-14M,0,89000,186646528000,Unknown,0.060728953125
Pythia-14M,0,90000,188743680000,Unknown,0.0608140950927734
Pythia-14M,0,91000,190840832000,Unknown,0.0610726062011718
Pythia-14M,0,92000,192937984000,Unknown,0.0613257637939453
Pythia-14M,0,93000,195035136000,Unknown,0.0616082657470703
Pythia-14M,0,94000,197132288000,Unknown,0.0618049050292968
Pythia-14M,0,95000,199229440000,Unknown,0.0619796602783203
Pythia-14M,0,96000,201326592000,Unknown,0.0621307587890625
Pythia-14M,0,97000,203423744000,Unknown,0.0625281903076171
Pythia-14M,0,98000,205520896000,Unknown,0.0627625745849609
Pythia-14M,0,99000,207618048000,Unknown,0.063018161743164
Pythia-14M,0,100000,209715200000,Unknown,0.0631853118896484
Pythia-14M,0,101000,211812352000,Unknown,0.0635257192382812
Pythia-14M,0,102000,213909504000,Unknown,0.0637732843017578
Pythia-14M,0,103000,216006656000,Unknown,0.06416346484375
Pythia-14M,0,104000,218103808000,Unknown,0.0644613365478515
Pythia-14M,0,105000,220200960000,Unknown,0.0646386159667968
Pythia-14M,0,106000,222298112000,Unknown,0.0649937993164062
Pythia-14M,0,107000,224395264000,Unknown,0.0652359348144531
Pythia-14M,0,108000,226492416000,Unknown,0.0654092448730468
Pythia-14M,0,109000,228589568000,Unknown,0.06582059765625
Pythia-14M,0,110000,230686720000,Unknown,0.0659475963134765
Pythia-14M,0,111000,232783872000,Unknown,0.0663580501708984
Pythia-14M,0,112000,234881024000,Unknown,0.066588001586914
Pythia-14M,0,113000,236978176000,Unknown,0.0668576151123046
Pythia-14M,0,114000,239075328000,Unknown,0.0671741791992187
Pythia-14M,0,115000,241172480000,Unknown,0.067396095703125
Pythia-14M,0,116000,243269632000,Unknown,0.0676929771728515
Pythia-14M,0,117000,245366784000,Unknown,0.0679827263183593
Pythia-14M,0,118000,247463936000,Unknown,0.0682676625976562
Pythia-14M,0,119000,249561088000,Unknown,0.0683971998291015
Pythia-14M,0,120000,251658240000,Unknown,0.0684995391845703
Pythia-14M,0,121000,253755392000,Unknown,0.0687022930908203
Pythia-14M,0,122000,255852544000,Unknown,0.0689189465332031
Pythia-14M,0,123000,257949696000,Unknown,0.0691761348876953
Pythia-14M,0,124000,260046848000,Unknown,0.0695045028076171
Pythia-14M,0,125000,262144000000,Unknown,0.0695971811523437
Pythia-14M,0,126000,264241152000,Unknown,0.0698066934814453
Pythia-14M,0,127000,266338304000,Unknown,0.0700669079589843
Pythia-14M,0,128000,268435456000,Unknown,0.0702221547851562
Pythia-14M,0,129000,270532608000,Unknown,0.0702527366943359
Pythia-14M,0,130000,272629760000,Unknown,0.0704201262207031
Pythia-14M,0,131000,274726912000,Unknown,0.0706503251953125
Pythia-14M,0,132000,276824064000,Unknown,0.0708317738037109
Pythia-14M,0,133000,278921216000,Unknown,0.070973038696289
Pythia-14M,0,134000,281018368000,Unknown,0.0711832741699218
Pythia-14M,0,135000,283115520000,Unknown,0.0713072374267578
Pythia-14M,0,136000,285212672000,Unknown,0.0715317783203125
Pythia-14M,0,137000,287309824000,Unknown,0.0715953887939453
Pythia-14M,0,138000,289406976000,Unknown,0.0718646556396484
Pythia-14M,0,139000,291504128000,Unknown,0.0720429123535156
Pythia-14M,0,140000,293601280000,Unknown,0.0721532517089843
Pythia-14M,0,141000,295698432000,Unknown,0.072254575805664
Pythia-14M,0,142000,297795584000,Unknown,0.0724446405029296
Pythia-14M,0,143000,299892736000,Unknown,0.0726702077636718
Pythia-14M,0,,,Huge,0.0726702077636718
Pythia-14M,1,1,2097152,Unknown,0.1144444365234375
Pythia-14M,1,2,4194304,Unknown,0.1144445004882812
Pythia-14M,1,4,8388608,Unknown,0.1144429377441406
Pythia-14M,1,8,16777216,Unknown,0.1144419555664062
Pythia-14M,1,16,33554432,Unknown,0.1148308149414062
Pythia-14M,1,32,67108864,Unknown,0.1226901228027343
Pythia-14M,1,64,134217728,Unknown,0.1708986127929687
Pythia-14M,1,128,268435456,Unknown,0.1599857514648437
Pythia-14M,1,256,536870912,Unknown,0.11765521484375
Pythia-14M,1,512,1073741824,Unknown,0.21362832421875
Pythia-14M,1,1000,2097152000,Unknown,0.2169547016601562
Pythia-14M,1,2000,4194304000,Unknown,0.2027878532714843
Pythia-14M,1,3000,6291456000,Unknown,0.1782118010253906
Pythia-14M,1,4000,8388608000,Unknown,0.15247489453125
Pythia-14M,1,5000,10485760000,Unknown,0.13428040234375
Pythia-14M,1,6000,12582912000,Unknown,0.1219742976074218
Pythia-14M,1,7000,14680064000,Unknown,0.1161151474609375
Pythia-14M,1,8000,16777216000,Unknown,0.1104455473632812
Pythia-14M,1,9000,18874368000,Unknown,0.1101076511230468
Pythia-14M,1,10000,20971520000,Unknown,0.1095158857421875
Pythia-14M,1,11000,23068672000,Unknown,0.1111865446777343
Pythia-14M,1,12000,25165824000,Unknown,0.1137199587402343
Pythia-14M,1,13000,27262976000,Unknown,0.1155701689453125
Pythia-14M,1,14000,29360128000,Unknown,0.1201986726074218
Pythia-14M,1,15000,31457280000,Unknown,0.1236683410644531
Pythia-14M,1,16000,33554432000,Unknown,0.1276576398925781
Pythia-14M,1,17000,35651584000,Unknown,0.1340186040039062
Pythia-14M,1,18000,37748736000,Unknown,0.1393715886230468
Pythia-14M,1,19000,39845888000,Unknown,0.1431680546875
Pythia-14M,1,20000,41943040000,Unknown,0.1492090593261718
Pythia-14M,1,21000,44040192000,Unknown,0.1545998950195312
Pythia-14M,1,22000,46137344000,Unknown,0.1594943483886718
Pythia-14M,1,23000,48234496000,Unknown,0.1645662536621093
Pythia-14M,1,24000,50331648000,Unknown,0.170535880859375
Pythia-14M,1,25000,52428800000,Unknown,0.1722351848144531
Pythia-14M,1,26000,54525952000,Unknown,0.1787952119140625
Pythia-14M,1,27000,56623104000,Unknown,0.1845982685546875
Pythia-14M,1,28000,58720256000,Unknown,0.1892641096191406
Pythia-14M,1,29000,60817408000,Unknown,0.1944640502929687
Pythia-14M,1,30000,62914560000,Unknown,0.1968581145019531
Pythia-14M,1,31000,65011712000,Unknown,0.2012607395019531
Pythia-14M,1,32000,67108864000,Unknown,0.2070565200195312
Pythia-14M,1,33000,69206016000,Unknown,0.209923931640625
Pythia-14M,1,34000,71303168000,Unknown,0.2148049663085937
Pythia-14M,1,35000,73400320000,Unknown,0.2193228334960937
Pythia-14M,1,36000,75497472000,Unknown,0.2207024848632812
Pythia-14M,1,37000,77594624000,Unknown,0.2236370249023437
Pythia-14M,1,38000,79691776000,Unknown,0.22534895703125
Pythia-14M,1,39000,81788928000,Unknown,0.2304453872070312
Pythia-14M,1,40000,83886080000,Unknown,0.2317991586914062
Pythia-14M,1,41000,85983232000,Unknown,0.2339255654296875
Pythia-14M,1,42000,88080384000,Unknown,0.2379720874023437
Pythia-14M,1,43000,90177536000,Unknown,0.2401069663085937
Pythia-14M,1,44000,92274688000,Unknown,0.2430798549804687
Pythia-14M,1,45000,94371840000,Unknown,0.249882109375
Pythia-14M,1,46000,96468992000,Unknown,0.2479965053710937
Pythia-14M,1,47000,98566144000,Unknown,0.249070142578125
Pythia-14M,1,48000,100663296000,Unknown,0.2540277373046875
Pythia-14M,1,49000,102760448000,Unknown,0.2559045317382812
Pythia-14M,1,50000,104857600000,Unknown,0.2577855981445312
Pythia-14M,1,51000,106954752000,Unknown,0.2580266323242187
Pythia-14M,1,52000,109051904000,Unknown,0.26162591796875
Pythia-14M,1,53000,111149056000,Unknown,0.2645984033203125
Pythia-14M,1,54000,113246208000,Unknown,0.2624593637695313
Pythia-14M,1,55000,115343360000,Unknown,0.2665707192382812
Pythia-14M,1,56000,117440512000,Unknown,0.2677204794921875
Pythia-14M,1,57000,119537664000,Unknown,0.2689124873046875
Pythia-14M,1,58000,121634816000,Unknown,0.2721642456054687
Pythia-14M,1,59000,123731968000,Unknown,0.2687680483398437
Pythia-14M,1,60000,125829120000,Unknown,0.27169323828125
Pythia-14M,1,61000,127926272000,Unknown,0.273561716796875
Pythia-14M,1,62000,130023424000,Unknown,0.2738715678710937
Pythia-14M,1,63000,132120576000,Unknown,0.267741744140625
Pythia-14M,1,64000,134217728000,Unknown,0.2657146982421875
Pythia-14M,1,65000,136314880000,Unknown,0.2709504106445312
Pythia-14M,1,66000,138412032000,Unknown,0.2742470522460937
Pythia-14M,1,67000,140509184000,Unknown,0.2804043901367187
Pythia-14M,1,68000,142606336000,Unknown,0.280443236328125
Pythia-14M,1,69000,144703488000,Unknown,0.2828838017578125
Pythia-14M,1,70000,146800640000,Unknown,0.2850079482421875
Pythia-14M,1,71000,148897792000,Unknown,0.2904495073242187
Pythia-14M,1,72000,150994944000,Unknown,0.2870595346679687
Pythia-14M,1,73000,153092096000,Unknown,0.28994701953125
Pythia-14M,1,74000,155189248000,Unknown,0.2898959501953125
Pythia-14M,1,75000,157286400000,Unknown,0.2921922407226562
Pythia-14M,1,76000,159383552000,Unknown,0.2943764213867187
Pythia-14M,1,77000,161480704000,Unknown,0.2951059487304687
Pythia-14M,1,78000,163577856000,Unknown,0.2994747880859375
Pythia-14M,1,79000,165675008000,Unknown,0.2971289658203125
Pythia-14M,1,80000,167772160000,Unknown,0.2985771787109375
Pythia-14M,1,81000,169869312000,Unknown,0.2998370229492187
Pythia-14M,1,82000,171966464000,Unknown,0.3003548408203125
Pythia-14M,1,83000,174063616000,Unknown,0.3008466064453125
Pythia-14M,1,84000,176160768000,Unknown,0.3003877465820312
Pythia-14M,1,85000,178257920000,Unknown,0.3042317358398437
Pythia-14M,1,86000,180355072000,Unknown,0.3053906430664062
Pythia-14M,1,87000,182452224000,Unknown,0.3034796723632812
Pythia-14M,1,88000,184549376000,Unknown,0.304132521484375
Pythia-14M,1,89000,186646528000,Unknown,0.305847966796875
Pythia-14M,1,90000,188743680000,Unknown,0.3054697983398437
Pythia-14M,1,91000,190840832000,Unknown,0.30819408984375
Pythia-14M,1,92000,192937984000,Unknown,0.308311951171875
Pythia-14M,1,93000,195035136000,Unknown,0.3103662451171875
Pythia-14M,1,94000,197132288000,Unknown,0.30865689453125
Pythia-14M,1,95000,199229440000,Unknown,0.3096116474609375
Pythia-14M,1,96000,201326592000,Unknown,0.3082399384765625
Pythia-14M,1,97000,203423744000,Unknown,0.31047166015625
Pythia-14M,1,98000,205520896000,Unknown,0.3102044755859375
Pythia-14M,1,99000,207618048000,Unknown,0.3099123173828125
Pythia-14M,1,100000,209715200000,Unknown,0.3103512827148437
Pythia-14M,1,101000,211812352000,Unknown,0.3113961240234375
Pythia-14M,1,102000,213909504000,Unknown,0.3139141884765625
Pythia-14M,1,103000,216006656000,Unknown,0.3134381489257812
Pythia-14M,1,104000,218103808000,Unknown,0.3139405356445312
Pythia-14M,1,105000,220200960000,Unknown,0.3126664008789062
Pythia-14M,1,106000,222298112000,Unknown,0.3134797104492187
Pythia-14M,1,107000,224395264000,Unknown,0.3144472333984375
Pythia-14M,1,108000,226492416000,Unknown,0.3143010922851562
Pythia-14M,1,109000,228589568000,Unknown,0.3160237421875
Pythia-14M,1,110000,230686720000,Unknown,0.313529439453125
Pythia-14M,1,111000,232783872000,Unknown,0.3145222690429687
Pythia-14M,1,112000,234881024000,Unknown,0.3143646669921875
Pythia-14M,1,113000,236978176000,Unknown,0.3150413237304687
Pythia-14M,1,114000,239075328000,Unknown,0.315887404296875
Pythia-14M,1,115000,241172480000,Unknown,0.3136540126953125
Pythia-14M,1,116000,243269632000,Unknown,0.3149460424804687
Pythia-14M,1,117000,245366784000,Unknown,0.3150388979492187
Pythia-14M,1,118000,247463936000,Unknown,0.314265443359375
Pythia-14M,1,119000,249561088000,Unknown,0.3143949892578125
Pythia-14M,1,120000,251658240000,Unknown,0.314587708984375
Pythia-14M,1,121000,253755392000,Unknown,0.3132789111328125
Pythia-14M,1,122000,255852544000,Unknown,0.3138925537109375
Pythia-14M,1,123000,257949696000,Unknown,0.313025634765625
Pythia-14M,1,124000,260046848000,Unknown,0.31277030859375
Pythia-14M,1,125000,262144000000,Unknown,0.3123194306640625
Pythia-14M,1,126000,264241152000,Unknown,0.3111243344726562
Pythia-14M,1,127000,266338304000,Unknown,0.312284841796875
Pythia-14M,1,128000,268435456000,Unknown,0.3092528598632812
Pythia-14M,1,129000,270532608000,Unknown,0.3095286840820312
Pythia-14M,1,130000,272629760000,Unknown,0.3091177294921875
Pythia-14M,1,131000,274726912000,Unknown,0.3082622934570312
Pythia-14M,1,132000,276824064000,Unknown,0.3091590756835937
Pythia-14M,1,133000,278921216000,Unknown,0.3071475073242187
Pythia-14M,1,134000,281018368000,Unknown,0.3069975029296875
Pythia-14M,1,135000,283115520000,Unknown,0.3066375708007812
Pythia-14M,1,136000,285212672000,Unknown,0.3068726381835937
Pythia-14M,1,137000,287309824000,Unknown,0.3061631547851562
Pythia-14M,1,138000,289406976000,Unknown,0.3074713217773437
Pythia-14M,1,139000,291504128000,Unknown,0.3053428818359375
Pythia-14M,1,140000,293601280000,Unknown,0.30456182421875
Pythia-14M,1,141000,295698432000,Unknown,0.304154134765625
Pythia-14M,1,142000,297795584000,Unknown,0.3029714462890625
Pythia-14M,1,143000,299892736000,Unknown,0.3045419184570312
Pythia-14M,1,,,Huge,0.3045419184570312
Pythia-14M,2,1,2097152,Unknown,0.1684190434570312
Pythia-14M,2,2,4194304,Unknown,0.1684206091308593
Pythia-14M,2,4,8388608,Unknown,0.1684411823730468
Pythia-14M,2,8,16777216,Unknown,0.1689865747070312
Pythia-14M,2,16,33554432,Unknown,0.1724503117675781
Pythia-14M,2,32,67108864,Unknown,0.2082486977539062
Pythia-14M,2,64,134217728,Unknown,0.379910828125
Pythia-14M,2,128,268435456,Unknown,0.3351325986328125
Pythia-14M,2,256,536870912,Unknown,0.1823689741210937
Pythia-14M,2,512,1073741824,Unknown,0.438680478515625
Pythia-14M,2,1000,2097152000,Unknown,0.388201060546875
Pythia-14M,2,2000,4194304000,Unknown,0.3406676640625
Pythia-14M,2,3000,6291456000,Unknown,0.3072259150390625
Pythia-14M,2,4000,8388608000,Unknown,0.27334140625
Pythia-14M,2,5000,10485760000,Unknown,0.2472006865234375
Pythia-14M,2,6000,12582912000,Unknown,0.2264908447265625
Pythia-14M,2,7000,14680064000,Unknown,0.2113635327148437
Pythia-14M,2,8000,16777216000,Unknown,0.1995275239257812
Pythia-14M,2,9000,18874368000,Unknown,0.1941941274414062
Pythia-14M,2,10000,20971520000,Unknown,0.1886357739257812
Pythia-14M,2,11000,23068672000,Unknown,0.1915295732421875
Pythia-14M,2,12000,25165824000,Unknown,0.1849871008300781
Pythia-14M,2,13000,27262976000,Unknown,0.1853028659667968
Pythia-14M,2,14000,29360128000,Unknown,0.1868136166992187
Pythia-14M,2,15000,31457280000,Unknown,0.1876813991699218
Pythia-14M,2,16000,33554432000,Unknown,0.1884641694335937
Pythia-14M,2,17000,35651584000,Unknown,0.1898497915039062
Pythia-14M,2,18000,37748736000,Unknown,0.1941149409179687
Pythia-14M,2,19000,39845888000,Unknown,0.1908775615234375
Pythia-14M,2,20000,41943040000,Unknown,0.1899750593261718
Pythia-14M,2,21000,44040192000,Unknown,0.1960038715820312
Pythia-14M,2,22000,46137344000,Unknown,0.1950368168945312
Pythia-14M,2,23000,48234496000,Unknown,0.1987166760253906
Pythia-14M,2,24000,50331648000,Unknown,0.1989411794433593
Pythia-14M,2,25000,52428800000,Unknown,0.1985998095703125
Pythia-14M,2,26000,54525952000,Unknown,0.2021244992675781
Pythia-14M,2,27000,56623104000,Unknown,0.2025369165039062
Pythia-14M,2,28000,58720256000,Unknown,0.2020254887695312
Pythia-14M,2,29000,60817408000,Unknown,0.2064955148925781
Pythia-14M,2,30000,62914560000,Unknown,0.2064498940429687
Pythia-14M,2,31000,65011712000,Unknown,0.2077615251464843
Pythia-14M,2,32000,67108864000,Unknown,0.2132913369140625
Pythia-14M,2,33000,69206016000,Unknown,0.212591416015625
Pythia-14M,2,34000,71303168000,Unknown,0.21376394140625
Pythia-14M,2,35000,73400320000,Unknown,0.2127823540039062
Pythia-14M,2,36000,75497472000,Unknown,0.2161026005859375
Pythia-14M,2,37000,77594624000,Unknown,0.214261546875
Pythia-14M,2,38000,79691776000,Unknown,0.2165717900390625
Pythia-14M,2,39000,81788928000,Unknown,0.2218562602539062
Pythia-14M,2,40000,83886080000,Unknown,0.216982669921875
Pythia-14M,2,41000,85983232000,Unknown,0.2174372143554687
Pythia-14M,2,42000,88080384000,Unknown,0.2207065625
Pythia-14M,2,43000,90177536000,Unknown,0.2238384399414062
Pythia-14M,2,44000,92274688000,Unknown,0.2215057719726562
Pythia-14M,2,45000,94371840000,Unknown,0.2272433037109375
Pythia-14M,2,46000,96468992000,Unknown,0.2230635830078125
Pythia-14M,2,47000,98566144000,Unknown,0.2223154560546875
Pythia-14M,2,48000,100663296000,Unknown,0.2274989951171875
Pythia-14M,2,49000,102760448000,Unknown,0.2291119545898437
Pythia-14M,2,50000,104857600000,Unknown,0.2314610634765625
Pythia-14M,2,51000,106954752000,Unknown,0.2294362924804687
Pythia-14M,2,52000,109051904000,Unknown,0.23074341796875
Pythia-14M,2,53000,111149056000,Unknown,0.232724435546875
Pythia-14M,2,54000,113246208000,Unknown,0.22987896484375
Pythia-14M,2,55000,115343360000,Unknown,0.2328351186523437
Pythia-14M,2,56000,117440512000,Unknown,0.2326276948242187
Pythia-14M,2,57000,119537664000,Unknown,0.23420993359375
Pythia-14M,2,58000,121634816000,Unknown,0.2356503188476562
Pythia-14M,2,59000,123731968000,Unknown,0.2334225068359375
Pythia-14M,2,60000,125829120000,Unknown,0.2347656723632812
Pythia-14M,2,61000,127926272000,Unknown,0.2354886826171875
Pythia-14M,2,62000,130023424000,Unknown,0.23530092578125
Pythia-14M,2,63000,132120576000,Unknown,0.2297435581054687
Pythia-14M,2,64000,134217728000,Unknown,0.2287457963867187
Pythia-14M,2,65000,136314880000,Unknown,0.2338613505859375
Pythia-14M,2,66000,138412032000,Unknown,0.234895294921875
Pythia-14M,2,67000,140509184000,Unknown,0.2378466728515625
Pythia-14M,2,68000,142606336000,Unknown,0.2407698828125
Pythia-14M,2,69000,144703488000,Unknown,0.2388008071289062
Pythia-14M,2,70000,146800640000,Unknown,0.241071841796875
Pythia-14M,2,71000,148897792000,Unknown,0.2487165107421875
Pythia-14M,2,72000,150994944000,Unknown,0.2428613481445312
Pythia-14M,2,73000,153092096000,Unknown,0.2437107119140625
Pythia-14M,2,74000,155189248000,Unknown,0.2424718510742187
Pythia-14M,2,75000,157286400000,Unknown,0.2448424736328125
Pythia-14M,2,76000,159383552000,Unknown,0.2475685517578125
Pythia-14M,2,77000,161480704000,Unknown,0.24590238671875
Pythia-14M,2,78000,163577856000,Unknown,0.2502605307617187
Pythia-14M,2,79000,165675008000,Unknown,0.2486910405273437
Pythia-14M,2,80000,167772160000,Unknown,0.2455612309570312
Pythia-14M,2,81000,169869312000,Unknown,0.2506223583984375
Pythia-14M,2,82000,171966464000,Unknown,0.2489773344726562
Pythia-14M,2,83000,174063616000,Unknown,0.2485145473632812
Pythia-14M,2,84000,176160768000,Unknown,0.2507358798828125
Pythia-14M,2,85000,178257920000,Unknown,0.25064730859375
Pythia-14M,2,86000,180355072000,Unknown,0.2528821450195312
Pythia-14M,2,87000,182452224000,Unknown,0.2495605229492187
Pythia-14M,2,88000,184549376000,Unknown,0.2512392197265625
Pythia-14M,2,89000,186646528000,Unknown,0.2523209516601562
Pythia-14M,2,90000,188743680000,Unknown,0.2510585810546875
Pythia-14M,2,91000,190840832000,Unknown,0.2523889282226562
Pythia-14M,2,92000,192937984000,Unknown,0.2529440512695312
Pythia-14M,2,93000,195035136000,Unknown,0.2555301323242187
Pythia-14M,2,94000,197132288000,Unknown,0.2542659931640625
Pythia-14M,2,95000,199229440000,Unknown,0.255628568359375
Pythia-14M,2,96000,201326592000,Unknown,0.2511798388671875
Pythia-14M,2,97000,203423744000,Unknown,0.2547043745117187
Pythia-14M,2,98000,205520896000,Unknown,0.2552633120117187
Pythia-14M,2,99000,207618048000,Unknown,0.255539205078125
Pythia-14M,2,100000,209715200000,Unknown,0.2587784404296875
Pythia-14M,2,101000,211812352000,Unknown,0.2573523686523437
Pythia-14M,2,102000,213909504000,Unknown,0.25710319140625
Pythia-14M,2,103000,216006656000,Unknown,0.2580308466796875
Pythia-14M,2,104000,218103808000,Unknown,0.2580101635742187
Pythia-14M,2,105000,220200960000,Unknown,0.2582422875976563
Pythia-14M,2,106000,222298112000,Unknown,0.2616492919921875
Pythia-14M,2,107000,224395264000,Unknown,0.2610576015625
Pythia-14M,2,108000,226492416000,Unknown,0.2607447958984375
Pythia-14M,2,109000,228589568000,Unknown,0.2619269965820312
Pythia-14M,2,110000,230686720000,Unknown,0.2609912866210938
Pythia-14M,2,111000,232783872000,Unknown,0.263864701171875
Pythia-14M,2,112000,234881024000,Unknown,0.2634205810546875
Pythia-14M,2,113000,236978176000,Unknown,0.2629815327148437
Pythia-14M,2,114000,239075328000,Unknown,0.266030720703125
Pythia-14M,2,115000,241172480000,Unknown,0.2644896723632812
Pythia-14M,2,116000,243269632000,Unknown,0.2652126171875
Pythia-14M,2,117000,245366784000,Unknown,0.2664324487304687
Pythia-14M,2,118000,247463936000,Unknown,0.2652092329101562
Pythia-14M,2,119000,249561088000,Unknown,0.2659853559570312
Pythia-14M,2,120000,251658240000,Unknown,0.2659168041992187
Pythia-14M,2,121000,253755392000,Unknown,0.2651840629882812
Pythia-14M,2,122000,255852544000,Unknown,0.263974115234375
Pythia-14M,2,123000,257949696000,Unknown,0.2646788999023437
Pythia-14M,2,124000,260046848000,Unknown,0.264389828125
Pythia-14M,2,125000,262144000000,Unknown,0.26304372265625
Pythia-14M,2,126000,264241152000,Unknown,0.2632899809570312
Pythia-14M,2,127000,266338304000,Unknown,0.2637587221679687
Pythia-14M,2,128000,268435456000,Unknown,0.2618207353515625
Pythia-14M,2,129000,270532608000,Unknown,0.2631014389648437
Pythia-14M,2,130000,272629760000,Unknown,0.2613243525390625
Pythia-14M,2,131000,274726912000,Unknown,0.2614339184570312
Pythia-14M,2,132000,276824064000,Unknown,0.2600079267578125
Pythia-14M,2,133000,278921216000,Unknown,0.2606575834960937
Pythia-14M,2,134000,281018368000,Unknown,0.2615708422851562
Pythia-14M,2,135000,283115520000,Unknown,0.25936407421875
Pythia-14M,2,136000,285212672000,Unknown,0.2601091376953125
Pythia-14M,2,137000,287309824000,Unknown,0.2597230107421875
Pythia-14M,2,138000,289406976000,Unknown,0.2581125068359375
Pythia-14M,2,139000,291504128000,Unknown,0.2586233842773437
Pythia-14M,2,140000,293601280000,Unknown,0.2568092875976562
Pythia-14M,2,141000,295698432000,Unknown,0.2585225004882812
Pythia-14M,2,142000,297795584000,Unknown,0.25583871875
Pythia-14M,2,143000,299892736000,Unknown,0.2589285556640625
Pythia-14M,2,,,Huge,0.2589285556640625
Pythia-14M,3,1,2097152,Unknown,0.2189713276367187
Pythia-14M,3,2,4194304,Unknown,0.2189732280273437
Pythia-14M,3,4,8388608,Unknown,0.2190020966796875
Pythia-14M,3,8,16777216,Unknown,0.2198166728515625
Pythia-14M,3,16,33554432,Unknown,0.225455263671875
Pythia-14M,3,32,67108864,Unknown,0.287872525390625
Pythia-14M,3,64,134217728,Unknown,0.544076931640625
Pythia-14M,3,128,268435456,Unknown,0.484844798828125
Pythia-14M,3,256,536870912,Unknown,0.25386745703125
Pythia-14M,3,512,1073741824,Unknown,0.3477563198242187
Pythia-14M,3,1000,2097152000,Unknown,0.2984492055664062
Pythia-14M,3,2000,4194304000,Unknown,0.3232679272460937
Pythia-14M,3,3000,6291456000,Unknown,0.3263674155273438
Pythia-14M,3,4000,8388608000,Unknown,0.29561604296875
Pythia-14M,3,5000,10485760000,Unknown,0.2865458706054687
Pythia-14M,3,6000,12582912000,Unknown,0.267511599609375
Pythia-14M,3,7000,14680064000,Unknown,0.260779296875
Pythia-14M,3,8000,16777216000,Unknown,0.2457744365234375
Pythia-14M,3,9000,18874368000,Unknown,0.2367145341796875
Pythia-14M,3,10000,20971520000,Unknown,0.2333081845703125
Pythia-14M,3,11000,23068672000,Unknown,0.23233498828125
Pythia-14M,3,12000,25165824000,Unknown,0.2270008510742187
Pythia-14M,3,13000,27262976000,Unknown,0.2249233940429687
Pythia-14M,3,14000,29360128000,Unknown,0.2269713051757812
Pythia-14M,3,15000,31457280000,Unknown,0.2315351372070312
Pythia-14M,3,16000,33554432000,Unknown,0.2321362646484375
Pythia-14M,3,17000,35651584000,Unknown,0.2274164038085937
Pythia-14M,3,18000,37748736000,Unknown,0.2375263979492187
Pythia-14M,3,19000,39845888000,Unknown,0.23664631640625
Pythia-14M,3,20000,41943040000,Unknown,0.2332160131835937
Pythia-14M,3,21000,44040192000,Unknown,0.2349364130859375
Pythia-14M,3,22000,46137344000,Unknown,0.239719953125
Pythia-14M,3,23000,48234496000,Unknown,0.238412005859375
Pythia-14M,3,24000,50331648000,Unknown,0.24305503125
Pythia-14M,3,25000,52428800000,Unknown,0.2369320830078125
Pythia-14M,3,26000,54525952000,Unknown,0.24168608203125
Pythia-14M,3,27000,56623104000,Unknown,0.2464192158203125
Pythia-14M,3,28000,58720256000,Unknown,0.25052312109375
Pythia-14M,3,29000,60817408000,Unknown,0.2523828193359375
Pythia-14M,3,30000,62914560000,Unknown,0.2531434125976562
Pythia-14M,3,31000,65011712000,Unknown,0.2540805078125
Pythia-14M,3,32000,67108864000,Unknown,0.258879615234375
Pythia-14M,3,33000,69206016000,Unknown,0.2607450224609375
Pythia-14M,3,34000,71303168000,Unknown,0.2580835537109375
Pythia-14M,3,35000,73400320000,Unknown,0.2560563666992188
Pythia-14M,3,36000,75497472000,Unknown,0.2621701235351562
Pythia-14M,3,37000,77594624000,Unknown,0.2639818500976562
Pythia-14M,3,38000,79691776000,Unknown,0.2631618525390625
Pythia-14M,3,39000,81788928000,Unknown,0.2635200107421875
Pythia-14M,3,40000,83886080000,Unknown,0.2695926298828125
Pythia-14M,3,41000,85983232000,Unknown,0.2671651860351562
Pythia-14M,3,42000,88080384000,Unknown,0.2702064370117187
Pythia-14M,3,43000,90177536000,Unknown,0.270969970703125
Pythia-14M,3,44000,92274688000,Unknown,0.2715861025390625
Pythia-14M,3,45000,94371840000,Unknown,0.2767803735351563
Pythia-14M,3,46000,96468992000,Unknown,0.2766739755859375
Pythia-14M,3,47000,98566144000,Unknown,0.2732677524414063
Pythia-14M,3,48000,100663296000,Unknown,0.274359626953125
Pythia-14M,3,49000,102760448000,Unknown,0.2764446923828125
Pythia-14M,3,50000,104857600000,Unknown,0.282984423828125
Pythia-14M,3,51000,106954752000,Unknown,0.28332708203125
Pythia-14M,3,52000,109051904000,Unknown,0.276753892578125
Pythia-14M,3,53000,111149056000,Unknown,0.2787345239257812
Pythia-14M,3,54000,113246208000,Unknown,0.2770078154296875
Pythia-14M,3,55000,115343360000,Unknown,0.28330649609375
Pythia-14M,3,56000,117440512000,Unknown,0.2814686997070312
Pythia-14M,3,57000,119537664000,Unknown,0.285334193359375
Pythia-14M,3,58000,121634816000,Unknown,0.2867808784179687
Pythia-14M,3,59000,123731968000,Unknown,0.28443571484375
Pythia-14M,3,60000,125829120000,Unknown,0.276004095703125
Pythia-14M,3,61000,127926272000,Unknown,0.2830886484375
Pythia-14M,3,62000,130023424000,Unknown,0.2908437802734375
Pythia-14M,3,63000,132120576000,Unknown,0.2854159267578125
Pythia-14M,3,64000,134217728000,Unknown,0.2843946684570312
Pythia-14M,3,65000,136314880000,Unknown,0.2858616982421875
Pythia-14M,3,66000,138412032000,Unknown,0.2850267084960937
Pythia-14M,3,67000,140509184000,Unknown,0.2880288266601562
Pythia-14M,3,68000,142606336000,Unknown,0.2906482065429687
Pythia-14M,3,69000,144703488000,Unknown,0.2868016557617187
Pythia-14M,3,70000,146800640000,Unknown,0.2924238466796875
Pythia-14M,3,71000,148897792000,Unknown,0.2984718408203125
Pythia-14M,3,72000,150994944000,Unknown,0.2907274345703125
Pythia-14M,3,73000,153092096000,Unknown,0.2940375288085937
Pythia-14M,3,74000,155189248000,Unknown,0.2899191870117187
Pythia-14M,3,75000,157286400000,Unknown,0.2947977993164062
Pythia-14M,3,76000,159383552000,Unknown,0.2976604282226562
Pythia-14M,3,77000,161480704000,Unknown,0.3029071176757812
Pythia-14M,3,78000,163577856000,Unknown,0.2966566923828125
Pythia-14M,3,79000,165675008000,Unknown,0.2991276875
Pythia-14M,3,80000,167772160000,Unknown,0.29845797265625
Pythia-14M,3,81000,169869312000,Unknown,0.2998656982421875
Pythia-14M,3,82000,171966464000,Unknown,0.3026739208984375
Pythia-14M,3,83000,174063616000,Unknown,0.301735744140625
Pythia-14M,3,84000,176160768000,Unknown,0.3054577348632812
Pythia-14M,3,85000,178257920000,Unknown,0.3061159638671875
Pythia-14M,3,86000,180355072000,Unknown,0.3035713627929687
Pythia-14M,3,87000,182452224000,Unknown,0.304588728515625
Pythia-14M,3,88000,184549376000,Unknown,0.3065051337890625
Pythia-14M,3,89000,186646528000,Unknown,0.3109760380859375
Pythia-14M,3,90000,188743680000,Unknown,0.3118181259765625
Pythia-14M,3,91000,190840832000,Unknown,0.3110976928710937
Pythia-14M,3,92000,192937984000,Unknown,0.3126459897460937
Pythia-14M,3,93000,195035136000,Unknown,0.3122238876953125
Pythia-14M,3,94000,197132288000,Unknown,0.3135478471679687
Pythia-14M,3,95000,199229440000,Unknown,0.3100878012695312
Pythia-14M,3,96000,201326592000,Unknown,0.3119701982421875
Pythia-14M,3,97000,203423744000,Unknown,0.31732152734375
Pythia-14M,3,98000,205520896000,Unknown,0.3178002666015625
Pythia-14M,3,99000,207618048000,Unknown,0.3186791162109375
Pythia-14M,3,100000,209715200000,Unknown,0.3169353193359375
Pythia-14M,3,101000,211812352000,Unknown,0.3184949047851562
Pythia-14M,3,102000,213909504000,Unknown,0.3196826875
Pythia-14M,3,103000,216006656000,Unknown,0.32047961328125
Pythia-14M,3,104000,218103808000,Unknown,0.3226849965820312
Pythia-14M,3,105000,220200960000,Unknown,0.3203182338867187
Pythia-14M,3,106000,222298112000,Unknown,0.3255128325195312
Pythia-14M,3,107000,224395264000,Unknown,0.3252322504882812
Pythia-14M,3,108000,226492416000,Unknown,0.3237204594726562
Pythia-14M,3,109000,228589568000,Unknown,0.3264854287109375
Pythia-14M,3,110000,230686720000,Unknown,0.3256795063476562
Pythia-14M,3,111000,232783872000,Unknown,0.3296262934570312
Pythia-14M,3,112000,234881024000,Unknown,0.3287497963867187
Pythia-14M,3,113000,236978176000,Unknown,0.33123783984375
Pythia-14M,3,114000,239075328000,Unknown,0.3342571513671875
Pythia-14M,3,115000,241172480000,Unknown,0.3313956752929687
Pythia-14M,3,116000,243269632000,Unknown,0.3338123623046875
Pythia-14M,3,117000,245366784000,Unknown,0.3342394028320312
Pythia-14M,3,118000,247463936000,Unknown,0.3342491181640625
Pythia-14M,3,119000,249561088000,Unknown,0.335226919921875
Pythia-14M,3,120000,251658240000,Unknown,0.3342853256835937
Pythia-14M,3,121000,253755392000,Unknown,0.334377087890625
Pythia-14M,3,122000,255852544000,Unknown,0.3340643095703125
Pythia-14M,3,123000,257949696000,Unknown,0.3357761118164062
Pythia-14M,3,124000,260046848000,Unknown,0.3326866352539062
Pythia-14M,3,125000,262144000000,Unknown,0.3342404526367187
Pythia-14M,3,126000,264241152000,Unknown,0.3366704111328125
Pythia-14M,3,127000,266338304000,Unknown,0.333936232421875
Pythia-14M,3,128000,268435456000,Unknown,0.3323676572265625
Pythia-14M,3,129000,270532608000,Unknown,0.3355832973632812
Pythia-14M,3,130000,272629760000,Unknown,0.3349274838867187
Pythia-14M,3,131000,274726912000,Unknown,0.3368957841796875
Pythia-14M,3,132000,276824064000,Unknown,0.3343912578125
Pythia-14M,3,133000,278921216000,Unknown,0.3326791918945312
Pythia-14M,3,134000,281018368000,Unknown,0.3366996650390625
Pythia-14M,3,135000,283115520000,Unknown,0.337279720703125
Pythia-14M,3,136000,285212672000,Unknown,0.335239564453125
Pythia-14M,3,137000,287309824000,Unknown,0.33374844921875
Pythia-14M,3,138000,289406976000,Unknown,0.333277158203125
Pythia-14M,3,139000,291504128000,Unknown,0.3356289028320312
Pythia-14M,3,140000,293601280000,Unknown,0.33092762890625
Pythia-14M,3,141000,295698432000,Unknown,0.33436965625
Pythia-14M,3,142000,297795584000,Unknown,0.332666283203125
Pythia-14M,3,143000,299892736000,Unknown,0.3321025205078125
Pythia-14M,3,,,Huge,0.3321025205078125
Pythia-14M,4,1,2097152,Unknown,0.2558266967773437
Pythia-14M,4,2,4194304,Unknown,0.2558302890625
Pythia-14M,4,4,8388608,Unknown,0.2558867846679687
Pythia-14M,4,8,16777216,Unknown,0.2575614282226562
Pythia-14M,4,16,33554432,Unknown,0.2687021645507813
Pythia-14M,4,32,67108864,Unknown,0.374613009765625
Pythia-14M,4,64,134217728,Unknown,0.681184109375
Pythia-14M,4,128,268435456,Unknown,0.6442618828125
Pythia-14M,4,256,536870912,Unknown,0.3829502685546875
Pythia-14M,4,512,1073741824,Unknown,0.2722409780273437
Pythia-14M,4,1000,2097152000,Unknown,0.2521799467773437
Pythia-14M,4,2000,4194304000,Unknown,0.3080371284179687
Pythia-14M,4,3000,6291456000,Unknown,0.2996720219726562
Pythia-14M,4,4000,8388608000,Unknown,0.277545552734375
Pythia-14M,4,5000,10485760000,Unknown,0.279110796875
Pythia-14M,4,6000,12582912000,Unknown,0.2773599560546875
Pythia-14M,4,7000,14680064000,Unknown,0.2759983935546875
Pythia-14M,4,8000,16777216000,Unknown,0.2663831557617187
Pythia-14M,4,9000,18874368000,Unknown,0.259905138671875
Pythia-14M,4,10000,20971520000,Unknown,0.2637543227539062
Pythia-14M,4,11000,23068672000,Unknown,0.2636461987304687
Pythia-14M,4,12000,25165824000,Unknown,0.2589668637695312
Pythia-14M,4,13000,27262976000,Unknown,0.2574081635742187
Pythia-14M,4,14000,29360128000,Unknown,0.260511591796875
Pythia-14M,4,15000,31457280000,Unknown,0.268342736328125
Pythia-14M,4,16000,33554432000,Unknown,0.2727862265625
Pythia-14M,4,17000,35651584000,Unknown,0.2730150400390625
Pythia-14M,4,18000,37748736000,Unknown,0.2793571650390625
Pythia-14M,4,19000,39845888000,Unknown,0.2764578159179687
Pythia-14M,4,20000,41943040000,Unknown,0.2739121025390625
Pythia-14M,4,21000,44040192000,Unknown,0.2848530024414062
Pythia-14M,4,22000,46137344000,Unknown,0.2890143125
Pythia-14M,4,23000,48234496000,Unknown,0.2931948056640625
Pythia-14M,4,24000,50331648000,Unknown,0.2991164301757812
Pythia-14M,4,25000,52428800000,Unknown,0.2961027622070312
Pythia-14M,4,26000,54525952000,Unknown,0.3004611845703125
Pythia-14M,4,27000,56623104000,Unknown,0.3101218217773437
Pythia-14M,4,28000,58720256000,Unknown,0.3064444350585937
Pythia-14M,4,29000,60817408000,Unknown,0.3137296708984375
Pythia-14M,4,30000,62914560000,Unknown,0.316814017578125
Pythia-14M,4,31000,65011712000,Unknown,0.3145361020507812
Pythia-14M,4,32000,67108864000,Unknown,0.3212185913085937
Pythia-14M,4,33000,69206016000,Unknown,0.3245055473632812
Pythia-14M,4,34000,71303168000,Unknown,0.3280905083007812
Pythia-14M,4,35000,73400320000,Unknown,0.3269247373046875
Pythia-14M,4,36000,75497472000,Unknown,0.332390998046875
Pythia-14M,4,37000,77594624000,Unknown,0.3273268403320312
Pythia-14M,4,38000,79691776000,Unknown,0.327534708984375
Pythia-14M,4,39000,81788928000,Unknown,0.3356493657226562
Pythia-14M,4,40000,83886080000,Unknown,0.3384210375976562
Pythia-14M,4,41000,85983232000,Unknown,0.3377033779296875
Pythia-14M,4,42000,88080384000,Unknown,0.339193916015625
Pythia-14M,4,43000,90177536000,Unknown,0.3434758002929687
Pythia-14M,4,44000,92274688000,Unknown,0.3407539614257812
Pythia-14M,4,45000,94371840000,Unknown,0.3482220659179687
Pythia-14M,4,46000,96468992000,Unknown,0.3480926821289062
Pythia-14M,4,47000,98566144000,Unknown,0.3433510986328125
Pythia-14M,4,48000,100663296000,Unknown,0.3478918388671875
Pythia-14M,4,49000,102760448000,Unknown,0.3490726513671875
Pythia-14M,4,50000,104857600000,Unknown,0.3565870551757812
Pythia-14M,4,51000,106954752000,Unknown,0.3540764765625
Pythia-14M,4,52000,109051904000,Unknown,0.3490831015625
Pythia-14M,4,53000,111149056000,Unknown,0.3539864604492188
Pythia-14M,4,54000,113246208000,Unknown,0.3528774692382812
Pythia-14M,4,55000,115343360000,Unknown,0.35333258203125
Pythia-14M,4,56000,117440512000,Unknown,0.35548368359375
Pythia-14M,4,57000,119537664000,Unknown,0.3607590073242187
Pythia-14M,4,58000,121634816000,Unknown,0.3539817587890625
Pythia-14M,4,59000,123731968000,Unknown,0.3554087353515625
Pythia-14M,4,60000,125829120000,Unknown,0.3420827280273437
Pythia-14M,4,61000,127926272000,Unknown,0.3586002973632812
Pythia-14M,4,62000,130023424000,Unknown,0.35889969921875
Pythia-14M,4,63000,132120576000,Unknown,0.3546935947265625
Pythia-14M,4,64000,134217728000,Unknown,0.34970034375
Pythia-14M,4,65000,136314880000,Unknown,0.351728107421875
Pythia-14M,4,66000,138412032000,Unknown,0.3491022602539062
Pythia-14M,4,67000,140509184000,Unknown,0.35484446484375
Pythia-14M,4,68000,142606336000,Unknown,0.3616415830078125
Pythia-14M,4,69000,144703488000,Unknown,0.3600305439453125
Pythia-14M,4,70000,146800640000,Unknown,0.3597178041992187
Pythia-14M,4,71000,148897792000,Unknown,0.3712680126953125
Pythia-14M,4,72000,150994944000,Unknown,0.3602921298828125
Pythia-14M,4,73000,153092096000,Unknown,0.3639380146484375
Pythia-14M,4,74000,155189248000,Unknown,0.3637119150390625
Pythia-14M,4,75000,157286400000,Unknown,0.3680629262695312
Pythia-14M,4,76000,159383552000,Unknown,0.3714392124023437
Pythia-14M,4,77000,161480704000,Unknown,0.372060365234375
Pythia-14M,4,78000,163577856000,Unknown,0.3692650541992187
Pythia-14M,4,79000,165675008000,Unknown,0.3723122392578125
Pythia-14M,4,80000,167772160000,Unknown,0.3706549741210937
Pythia-14M,4,81000,169869312000,Unknown,0.3792558491210937
Pythia-14M,4,82000,171966464000,Unknown,0.3783277602539062
Pythia-14M,4,83000,174063616000,Unknown,0.3749425458984375
Pythia-14M,4,84000,176160768000,Unknown,0.3781178666992187
Pythia-14M,4,85000,178257920000,Unknown,0.3803281186523437
Pythia-14M,4,86000,180355072000,Unknown,0.3809796337890625
Pythia-14M,4,87000,182452224000,Unknown,0.3804789360351562
Pythia-14M,4,88000,184549376000,Unknown,0.3804954794921875
Pythia-14M,4,89000,186646528000,Unknown,0.3829793759765625
Pythia-14M,4,90000,188743680000,Unknown,0.3826964458007812
Pythia-14M,4,91000,190840832000,Unknown,0.383761390625
Pythia-14M,4,92000,192937984000,Unknown,0.3868661689453125
Pythia-14M,4,93000,195035136000,Unknown,0.3884133208007812
Pythia-14M,4,94000,197132288000,Unknown,0.3912257504882812
Pythia-14M,4,95000,199229440000,Unknown,0.387799509765625
Pythia-14M,4,96000,201326592000,Unknown,0.38800280078125
Pythia-14M,4,97000,203423744000,Unknown,0.388930533203125
Pythia-14M,4,98000,205520896000,Unknown,0.3892110498046875
Pythia-14M,4,99000,207618048000,Unknown,0.39218501171875
Pythia-14M,4,100000,209715200000,Unknown,0.389878451171875
Pythia-14M,4,101000,211812352000,Unknown,0.3939125629882812
Pythia-14M,4,102000,213909504000,Unknown,0.3938021704101562
Pythia-14M,4,103000,216006656000,Unknown,0.3942382504882812
Pythia-14M,4,104000,218103808000,Unknown,0.3967589741210937
Pythia-14M,4,105000,220200960000,Unknown,0.3923134731445312
Pythia-14M,4,106000,222298112000,Unknown,0.3974885766601562
Pythia-14M,4,107000,224395264000,Unknown,0.3993577163085937
Pythia-14M,4,108000,226492416000,Unknown,0.3970255063476562
Pythia-14M,4,109000,228589568000,Unknown,0.4009352622070312
Pythia-14M,4,110000,230686720000,Unknown,0.3987170366210937
Pythia-14M,4,111000,232783872000,Unknown,0.40371376953125
Pythia-14M,4,112000,234881024000,Unknown,0.4026328696289062
Pythia-14M,4,113000,236978176000,Unknown,0.4075568637695312
Pythia-14M,4,114000,239075328000,Unknown,0.4046176157226562
Pythia-14M,4,115000,241172480000,Unknown,0.4047350834960938
Pythia-14M,4,116000,243269632000,Unknown,0.4080676596679687
Pythia-14M,4,117000,245366784000,Unknown,0.4066310634765625
Pythia-14M,4,118000,247463936000,Unknown,0.4067251372070312
Pythia-14M,4,119000,249561088000,Unknown,0.4075468598632812
Pythia-14M,4,120000,251658240000,Unknown,0.4085447416992187
Pythia-14M,4,121000,253755392000,Unknown,0.4040347573242187
Pythia-14M,4,122000,255852544000,Unknown,0.404774802734375
Pythia-14M,4,123000,257949696000,Unknown,0.4092693276367187
Pythia-14M,4,124000,260046848000,Unknown,0.4051867055664062
Pythia-14M,4,125000,262144000000,Unknown,0.4069035244140625
Pythia-14M,4,126000,264241152000,Unknown,0.405451578125
Pythia-14M,4,127000,266338304000,Unknown,0.4065841342773437
Pythia-14M,4,128000,268435456000,Unknown,0.4065817709960937
Pythia-14M,4,129000,270532608000,Unknown,0.4076800971679687
Pythia-14M,4,130000,272629760000,Unknown,0.404853919921875
Pythia-14M,4,131000,274726912000,Unknown,0.4073432036132812
Pythia-14M,4,132000,276824064000,Unknown,0.4064747338867187
Pythia-14M,4,133000,278921216000,Unknown,0.403822109375
Pythia-14M,4,134000,281018368000,Unknown,0.40742334765625
Pythia-14M,4,135000,283115520000,Unknown,0.4052295512695312
Pythia-14M,4,136000,285212672000,Unknown,0.4067700493164062
Pythia-14M,4,137000,287309824000,Unknown,0.406928509765625
Pythia-14M,4,138000,289406976000,Unknown,0.402976640625
Pythia-14M,4,139000,291504128000,Unknown,0.4051131879882813
Pythia-14M,4,140000,293601280000,Unknown,0.4023519033203125
Pythia-14M,4,141000,295698432000,Unknown,0.4054862055664062
Pythia-14M,4,142000,297795584000,Unknown,0.4012079838867187
Pythia-14M,4,143000,299892736000,Unknown,0.40345805078125
Pythia-14M,4,,,Huge,0.40345805078125
Pythia-14M,5,1,2097152,Unknown,0.25305228515625
Pythia-14M,5,2,4194304,Unknown,0.25305812890625
Pythia-14M,5,4,8388608,Unknown,0.2531483491210937
Pythia-14M,5,8,16777216,Unknown,0.2558181196289062
Pythia-14M,5,16,33554432,Unknown,0.2732998408203125
Pythia-14M,5,32,67108864,Unknown,0.4230389248046875
Pythia-14M,5,64,134217728,Unknown,0.7598663681640625
Pythia-14M,5,128,268435456,Unknown,0.7375267001953125
Pythia-14M,5,256,536870912,Unknown,0.573075439453125
Pythia-14M,5,512,1073741824,Unknown,0.259553478515625
Pythia-14M,5,1000,2097152000,Unknown,0.2222708286132812
Pythia-14M,5,2000,4194304000,Unknown,0.2342379331054687
Pythia-14M,5,3000,6291456000,Unknown,0.2145201713867187
Pythia-14M,5,4000,8388608000,Unknown,0.2050320131835937
Pythia-14M,5,5000,10485760000,Unknown,0.2096496181640625
Pythia-14M,5,6000,12582912000,Unknown,0.2342433891601562
Pythia-14M,5,7000,14680064000,Unknown,0.2475430107421875
Pythia-14M,5,8000,16777216000,Unknown,0.2501129506835937
Pythia-14M,5,9000,18874368000,Unknown,0.2515861391601562
Pythia-14M,5,10000,20971520000,Unknown,0.2792549931640625
Pythia-14M,5,11000,23068672000,Unknown,0.2816673481445312
Pythia-14M,5,12000,25165824000,Unknown,0.2888352265625
Pythia-14M,5,13000,27262976000,Unknown,0.2968595458984375
Pythia-14M,5,14000,29360128000,Unknown,0.3013542670898437
Pythia-14M,5,15000,31457280000,Unknown,0.3151741489257813
Pythia-14M,5,16000,33554432000,Unknown,0.328251375
Pythia-14M,5,17000,35651584000,Unknown,0.3399829384765625
Pythia-14M,5,18000,37748736000,Unknown,0.3422324521484375
Pythia-14M,5,19000,39845888000,Unknown,0.3470988876953125
Pythia-14M,5,20000,41943040000,Unknown,0.3442615717773437
Pythia-14M,5,21000,44040192000,Unknown,0.3623466372070312
Pythia-14M,5,22000,46137344000,Unknown,0.361940013671875
Pythia-14M,5,23000,48234496000,Unknown,0.371782544921875
Pythia-14M,5,24000,50331648000,Unknown,0.376117732421875
Pythia-14M,5,25000,52428800000,Unknown,0.3724240190429687
Pythia-14M,5,26000,54525952000,Unknown,0.3819001831054687
Pythia-14M,5,27000,56623104000,Unknown,0.388823875
Pythia-14M,5,28000,58720256000,Unknown,0.3809340009765625
Pythia-14M,5,29000,60817408000,Unknown,0.3963140439453125
Pythia-14M,5,30000,62914560000,Unknown,0.3956184731445312
Pythia-14M,5,31000,65011712000,Unknown,0.3934837216796875
Pythia-14M,5,32000,67108864000,Unknown,0.401734474609375
Pythia-14M,5,33000,69206016000,Unknown,0.407969283203125
Pythia-14M,5,34000,71303168000,Unknown,0.41712921875
Pythia-14M,5,35000,73400320000,Unknown,0.4148643779296875
Pythia-14M,5,36000,75497472000,Unknown,0.4173578564453125
Pythia-14M,5,37000,77594624000,Unknown,0.4118501850585938
Pythia-14M,5,38000,79691776000,Unknown,0.4138831396484375
Pythia-14M,5,39000,81788928000,Unknown,0.4248305263671875
Pythia-14M,5,40000,83886080000,Unknown,0.42211250390625
Pythia-14M,5,41000,85983232000,Unknown,0.423209361328125
Pythia-14M,5,42000,88080384000,Unknown,0.425014515625
Pythia-14M,5,43000,90177536000,Unknown,0.428609263671875
Pythia-14M,5,44000,92274688000,Unknown,0.4330246669921875
Pythia-14M,5,45000,94371840000,Unknown,0.4338448017578125
Pythia-14M,5,46000,96468992000,Unknown,0.433339552734375
Pythia-14M,5,47000,98566144000,Unknown,0.4295331474609375
Pythia-14M,5,48000,100663296000,Unknown,0.434594212890625
Pythia-14M,5,49000,102760448000,Unknown,0.4321379970703125
Pythia-14M,5,50000,104857600000,Unknown,0.4404333525390625
Pythia-14M,5,51000,106954752000,Unknown,0.437949037109375
Pythia-14M,5,52000,109051904000,Unknown,0.4309851064453125
Pythia-14M,5,53000,111149056000,Unknown,0.4379757509765625
Pythia-14M,5,54000,113246208000,Unknown,0.4425090625
Pythia-14M,5,55000,115343360000,Unknown,0.42661805078125
Pythia-14M,5,56000,117440512000,Unknown,0.4330214931640625
Pythia-14M,5,57000,119537664000,Unknown,0.436242859375
Pythia-14M,5,58000,121634816000,Unknown,0.4274688681640625
Pythia-14M,5,59000,123731968000,Unknown,0.4317245927734375
Pythia-14M,5,60000,125829120000,Unknown,0.42116506640625
Pythia-14M,5,61000,127926272000,Unknown,0.4270688427734375
Pythia-14M,5,62000,130023424000,Unknown,0.4467693271484375
Pythia-14M,5,63000,132120576000,Unknown,0.4798459892578125
Pythia-14M,5,64000,134217728000,Unknown,0.519282666015625
Pythia-14M,5,65000,136314880000,Unknown,0.5287268291015625
Pythia-14M,5,66000,138412032000,Unknown,0.490415474609375
Pythia-14M,5,67000,140509184000,Unknown,0.4546060810546875
Pythia-14M,5,68000,142606336000,Unknown,0.449788240234375
Pythia-14M,5,69000,144703488000,Unknown,0.4398710078125
Pythia-14M,5,70000,146800640000,Unknown,0.4331048037109375
Pythia-14M,5,71000,148897792000,Unknown,0.4389126474609375
Pythia-14M,5,72000,150994944000,Unknown,0.4270718095703125
Pythia-14M,5,73000,153092096000,Unknown,0.42821672265625
Pythia-14M,5,74000,155189248000,Unknown,0.4264349482421875
Pythia-14M,5,75000,157286400000,Unknown,0.425876404296875
Pythia-14M,5,76000,159383552000,Unknown,0.42872848046875
Pythia-14M,5,77000,161480704000,Unknown,0.4220867021484375
Pythia-14M,5,78000,163577856000,Unknown,0.4235873779296875
Pythia-14M,5,79000,165675008000,Unknown,0.423119822265625
Pythia-14M,5,80000,167772160000,Unknown,0.423866287109375
Pythia-14M,5,81000,169869312000,Unknown,0.4332847451171875
Pythia-14M,5,82000,171966464000,Unknown,0.4251337744140625
Pythia-14M,5,83000,174063616000,Unknown,0.4231056015625
Pythia-14M,5,84000,176160768000,Unknown,0.4274550361328125
Pythia-14M,5,85000,178257920000,Unknown,0.42542440234375
Pythia-14M,5,86000,180355072000,Unknown,0.4264721748046875
Pythia-14M,5,87000,182452224000,Unknown,0.430640025390625
Pythia-14M,5,88000,184549376000,Unknown,0.4222788212890625
Pythia-14M,5,89000,186646528000,Unknown,0.4251039541015625
Pythia-14M,5,90000,188743680000,Unknown,0.42168823828125
Pythia-14M,5,91000,190840832000,Unknown,0.426089501953125
Pythia-14M,5,92000,192937984000,Unknown,0.42930578515625
Pythia-14M,5,93000,195035136000,Unknown,0.4305428447265625
Pythia-14M,5,94000,197132288000,Unknown,0.4282279375
Pythia-14M,5,95000,199229440000,Unknown,0.4302439375
Pythia-14M,5,96000,201326592000,Unknown,0.422796013671875
Pythia-14M,5,97000,203423744000,Unknown,0.424782337890625
Pythia-14M,5,98000,205520896000,Unknown,0.426748111328125
Pythia-14M,5,99000,207618048000,Unknown,0.430103787109375
Pythia-14M,5,100000,209715200000,Unknown,0.433190443359375
Pythia-14M,5,101000,211812352000,Unknown,0.4327682294921875
Pythia-14M,5,102000,213909504000,Unknown,0.436949708984375
Pythia-14M,5,103000,216006656000,Unknown,0.4355129677734375
Pythia-14M,5,104000,218103808000,Unknown,0.436848236328125
Pythia-14M,5,105000,220200960000,Unknown,0.4292700615234375
Pythia-14M,5,106000,222298112000,Unknown,0.436822625
Pythia-14M,5,107000,224395264000,Unknown,0.43948987109375
Pythia-14M,5,108000,226492416000,Unknown,0.438695212890625
Pythia-14M,5,109000,228589568000,Unknown,0.443803390625
Pythia-14M,5,110000,230686720000,Unknown,0.43448148828125
Pythia-14M,5,111000,232783872000,Unknown,0.4433470654296875
Pythia-14M,5,112000,234881024000,Unknown,0.4421056953125
Pythia-14M,5,113000,236978176000,Unknown,0.447017990234375
Pythia-14M,5,114000,239075328000,Unknown,0.4436265439453125
Pythia-14M,5,115000,241172480000,Unknown,0.436524857421875
Pythia-14M,5,116000,243269632000,Unknown,0.447072314453125
Pythia-14M,5,117000,245366784000,Unknown,0.447492263671875
Pythia-14M,5,118000,247463936000,Unknown,0.4476541767578125
Pythia-14M,5,119000,249561088000,Unknown,0.44397934375
Pythia-14M,5,120000,251658240000,Unknown,0.441840396484375
Pythia-14M,5,121000,253755392000,Unknown,0.4387132548828125
Pythia-14M,5,122000,255852544000,Unknown,0.4402968359375
Pythia-14M,5,123000,257949696000,Unknown,0.443866865234375
Pythia-14M,5,124000,260046848000,Unknown,0.4407652578125
Pythia-14M,5,125000,262144000000,Unknown,0.43938865625
Pythia-14M,5,126000,264241152000,Unknown,0.4331560390625
Pythia-14M,5,127000,266338304000,Unknown,0.435383435546875
Pythia-14M,5,128000,268435456000,Unknown,0.4362949990234375
Pythia-14M,5,129000,270532608000,Unknown,0.434306224609375
Pythia-14M,5,130000,272629760000,Unknown,0.4311500361328125
Pythia-14M,5,131000,274726912000,Unknown,0.43275948828125
Pythia-14M,5,132000,276824064000,Unknown,0.431288228515625
Pythia-14M,5,133000,278921216000,Unknown,0.426700986328125
Pythia-14M,5,134000,281018368000,Unknown,0.4321597578125
Pythia-14M,5,135000,283115520000,Unknown,0.4281987041015625
Pythia-14M,5,136000,285212672000,Unknown,0.431037462890625
Pythia-14M,5,137000,287309824000,Unknown,0.4321754638671875
Pythia-14M,5,138000,289406976000,Unknown,0.4246652841796875
Pythia-14M,5,139000,291504128000,Unknown,0.4273516552734375
Pythia-14M,5,140000,293601280000,Unknown,0.42698616015625
Pythia-14M,5,141000,295698432000,Unknown,0.4263686181640625
Pythia-14M,5,142000,297795584000,Unknown,0.4237879326171875
Pythia-14M,5,143000,299892736000,Unknown,0.4251593623046875
Pythia-14M,5,,,Huge,0.4251593623046875
Pythia-14M,6,1,2097152,Unknown,0.2888146264648437
Pythia-14M,6,2,4194304,Unknown,0.2888251884765625
Pythia-14M,6,4,8388608,Unknown,0.2889891108398437
Pythia-14M,6,8,16777216,Unknown,0.2935766186523437
Pythia-14M,6,16,33554432,Unknown,0.3197975239257812
Pythia-14M,6,32,67108864,Unknown,0.5014746201171875
Pythia-14M,6,64,134217728,Unknown,0.816184099609375
Pythia-14M,6,128,268435456,Unknown,0.8103896748046875
Pythia-14M,6,256,536870912,Unknown,0.799660611328125
Pythia-14M,6,512,1073741824,Unknown,0.3464657963867187
Pythia-14M,6,1000,2097152000,Unknown,0.2210700102539062
Pythia-14M,6,2000,4194304000,Unknown,0.241474349609375
Pythia-14M,6,3000,6291456000,Unknown,0.241553947265625
Pythia-14M,6,4000,8388608000,Unknown,0.2462312895507812
Pythia-14M,6,5000,10485760000,Unknown,0.2420983969726562
Pythia-14M,6,6000,12582912000,Unknown,0.2639939204101562
Pythia-14M,6,7000,14680064000,Unknown,0.2649985620117187
Pythia-14M,6,8000,16777216000,Unknown,0.2613573842773437
Pythia-14M,6,9000,18874368000,Unknown,0.2441864291992187
Pythia-14M,6,10000,20971520000,Unknown,0.2535942377929687
Pythia-14M,6,11000,23068672000,Unknown,0.2463628950195312
Pythia-14M,6,12000,25165824000,Unknown,0.2410488833007812
Pythia-14M,6,13000,27262976000,Unknown,0.2343456772460937
Pythia-14M,6,14000,29360128000,Unknown,0.22667430859375
Pythia-14M,6,15000,31457280000,Unknown,0.2276144189453125
Pythia-14M,6,16000,33554432000,Unknown,0.2347636606445312
Pythia-14M,6,17000,35651584000,Unknown,0.2328759350585937
Pythia-14M,6,18000,37748736000,Unknown,0.22699316796875
Pythia-14M,6,19000,39845888000,Unknown,0.230716337890625
Pythia-14M,6,20000,41943040000,Unknown,0.2250830302734375
Pythia-14M,6,21000,44040192000,Unknown,0.2189202475585937
Pythia-14M,6,22000,46137344000,Unknown,0.2221885908203125
Pythia-14M,6,23000,48234496000,Unknown,0.223310357421875
Pythia-14M,6,24000,50331648000,Unknown,0.2276089233398437
Pythia-14M,6,25000,52428800000,Unknown,0.22584898828125
Pythia-14M,6,26000,54525952000,Unknown,0.2168558681640625
Pythia-14M,6,27000,56623104000,Unknown,0.216559728515625
Pythia-14M,6,28000,58720256000,Unknown,0.2158572783203125
Pythia-14M,6,29000,60817408000,Unknown,0.21892789453125
Pythia-14M,6,30000,62914560000,Unknown,0.2139429916992187
Pythia-14M,6,31000,65011712000,Unknown,0.210168765625
Pythia-14M,6,32000,67108864000,Unknown,0.2134903095703125
Pythia-14M,6,33000,69206016000,Unknown,0.2182360517578125
Pythia-14M,6,34000,71303168000,Unknown,0.21513183203125
Pythia-14M,6,35000,73400320000,Unknown,0.2129625771484375
Pythia-14M,6,36000,75497472000,Unknown,0.2205816318359375
Pythia-14M,6,37000,77594624000,Unknown,0.2068140981445312
Pythia-14M,6,38000,79691776000,Unknown,0.2059025925292968
Pythia-14M,6,39000,81788928000,Unknown,0.2117389638671875
Pythia-14M,6,40000,83886080000,Unknown,0.2115135971679687
Pythia-14M,6,41000,85983232000,Unknown,0.2124384853515625
Pythia-14M,6,42000,88080384000,Unknown,0.210335296875
Pythia-14M,6,43000,90177536000,Unknown,0.2077644235839843
Pythia-14M,6,44000,92274688000,Unknown,0.2026678916015625
Pythia-14M,6,45000,94371840000,Unknown,0.2028461372070312
Pythia-14M,6,46000,96468992000,Unknown,0.2150100302734375
Pythia-14M,6,47000,98566144000,Unknown,0.2135826015625
Pythia-14M,6,48000,100663296000,Unknown,0.2030733151855469
Pythia-14M,6,49000,102760448000,Unknown,0.2016803076171875
Pythia-14M,6,50000,104857600000,Unknown,0.2136782358398437
Pythia-14M,6,51000,106954752000,Unknown,0.2064521455078125
Pythia-14M,6,52000,109051904000,Unknown,0.2020060920410156
Pythia-14M,6,53000,111149056000,Unknown,0.210302630859375
Pythia-14M,6,54000,113246208000,Unknown,0.2132200610351562
Pythia-14M,6,55000,115343360000,Unknown,0.1994340080566406
Pythia-14M,6,56000,117440512000,Unknown,0.2075755756835937
Pythia-14M,6,57000,119537664000,Unknown,0.2147055966796875
Pythia-14M,6,58000,121634816000,Unknown,0.201764400390625
Pythia-14M,6,59000,123731968000,Unknown,0.2109986762695312
Pythia-14M,6,60000,125829120000,Unknown,0.2042325390625
Pythia-14M,6,61000,127926272000,Unknown,0.207574146484375
Pythia-14M,6,62000,130023424000,Unknown,0.2291765834960937
Pythia-14M,6,63000,132120576000,Unknown,0.2361089921875
Pythia-14M,6,64000,134217728000,Unknown,0.24157512109375
Pythia-14M,6,65000,136314880000,Unknown,0.2611915209960938
Pythia-14M,6,66000,138412032000,Unknown,0.2765336279296875
Pythia-14M,6,67000,140509184000,Unknown,0.2450747915039062
Pythia-14M,6,68000,142606336000,Unknown,0.2430885766601562
Pythia-14M,6,69000,144703488000,Unknown,0.2378708388671875
Pythia-14M,6,70000,146800640000,Unknown,0.23376580859375
Pythia-14M,6,71000,148897792000,Unknown,0.2358238403320312
Pythia-14M,6,72000,150994944000,Unknown,0.237791142578125
Pythia-14M,6,73000,153092096000,Unknown,0.234464466796875
Pythia-14M,6,74000,155189248000,Unknown,0.236423970703125
Pythia-14M,6,75000,157286400000,Unknown,0.2350652495117187
Pythia-14M,6,76000,159383552000,Unknown,0.239808380859375
Pythia-14M,6,77000,161480704000,Unknown,0.2362488334960937
Pythia-14M,6,78000,163577856000,Unknown,0.2382689736328125
Pythia-14M,6,79000,165675008000,Unknown,0.2384923461914062
Pythia-14M,6,80000,167772160000,Unknown,0.2445959096679687
Pythia-14M,6,81000,169869312000,Unknown,0.2499255854492187
Pythia-14M,6,82000,171966464000,Unknown,0.259574380859375
Pythia-14M,6,83000,174063616000,Unknown,0.2543604829101562
Pythia-14M,6,84000,176160768000,Unknown,0.2582997666015625
Pythia-14M,6,85000,178257920000,Unknown,0.2555898500976562
Pythia-14M,6,86000,180355072000,Unknown,0.2652710688476563
Pythia-14M,6,87000,182452224000,Unknown,0.263295033203125
Pythia-14M,6,88000,184549376000,Unknown,0.2646282485351562
Pythia-14M,6,89000,186646528000,Unknown,0.2700782641601562
Pythia-14M,6,90000,188743680000,Unknown,0.26579008984375
Pythia-14M,6,91000,190840832000,Unknown,0.2795847763671875
Pythia-14M,6,92000,192937984000,Unknown,0.2778476333007812
Pythia-14M,6,93000,195035136000,Unknown,0.2855527036132812
Pythia-14M,6,94000,197132288000,Unknown,0.2925818647460937
Pythia-14M,6,95000,199229440000,Unknown,0.29879603515625
Pythia-14M,6,96000,201326592000,Unknown,0.2888693413085937
Pythia-14M,6,97000,203423744000,Unknown,0.301011140625
Pythia-14M,6,98000,205520896000,Unknown,0.3011818935546875
Pythia-14M,6,99000,207618048000,Unknown,0.3105530864257813
Pythia-14M,6,100000,209715200000,Unknown,0.3077631879882812
Pythia-14M,6,101000,211812352000,Unknown,0.3176355791015625
Pythia-14M,6,102000,213909504000,Unknown,0.3200849912109375
Pythia-14M,6,103000,216006656000,Unknown,0.3179536298828125
Pythia-14M,6,104000,218103808000,Unknown,0.3211518227539062
Pythia-14M,6,105000,220200960000,Unknown,0.320107603515625
Pythia-14M,6,106000,222298112000,Unknown,0.3255922138671875
Pythia-14M,6,107000,224395264000,Unknown,0.3254118120117187
Pythia-14M,6,108000,226492416000,Unknown,0.3319776772460937
Pythia-14M,6,109000,228589568000,Unknown,0.3424733442382812
Pythia-14M,6,110000,230686720000,Unknown,0.322272236328125
Pythia-14M,6,111000,232783872000,Unknown,0.3334862470703125
Pythia-14M,6,112000,234881024000,Unknown,0.3324455668945312
Pythia-14M,6,113000,236978176000,Unknown,0.3353441381835937
Pythia-14M,6,114000,239075328000,Unknown,0.3360905063476562
Pythia-14M,6,115000,241172480000,Unknown,0.3326461430664063
Pythia-14M,6,116000,243269632000,Unknown,0.3414082841796875
Pythia-14M,6,117000,245366784000,Unknown,0.3468090356445312
Pythia-14M,6,118000,247463936000,Unknown,0.3457933198242187
Pythia-14M,6,119000,249561088000,Unknown,0.3417397319335937
Pythia-14M,6,120000,251658240000,Unknown,0.3423780966796875
Pythia-14M,6,121000,253755392000,Unknown,0.335287701171875
Pythia-14M,6,122000,255852544000,Unknown,0.3409152236328125
Pythia-14M,6,123000,257949696000,Unknown,0.3483329038085938
Pythia-14M,6,124000,260046848000,Unknown,0.3463662197265625
Pythia-14M,6,125000,262144000000,Unknown,0.350298541015625
Pythia-14M,6,126000,264241152000,Unknown,0.3470634633789062
Pythia-14M,6,127000,266338304000,Unknown,0.3532180541992187
Pythia-14M,6,128000,268435456000,Unknown,0.36062626171875
Pythia-14M,6,129000,270532608000,Unknown,0.35269868359375
Pythia-14M,6,130000,272629760000,Unknown,0.357767287109375
Pythia-14M,6,131000,274726912000,Unknown,0.3591219213867187
Pythia-14M,6,132000,276824064000,Unknown,0.3608770493164062
Pythia-14M,6,133000,278921216000,Unknown,0.35568491015625
Pythia-14M,6,134000,281018368000,Unknown,0.358627080078125
Pythia-14M,6,135000,283115520000,Unknown,0.3584252612304687
Pythia-14M,6,136000,285212672000,Unknown,0.3627325063476562
Pythia-14M,6,137000,287309824000,Unknown,0.3664014501953125
Pythia-14M,6,138000,289406976000,Unknown,0.3632563784179687
Pythia-14M,6,139000,291504128000,Unknown,0.3634491225585937
Pythia-14M,6,140000,293601280000,Unknown,0.3603214477539062
Pythia-14M,6,141000,295698432000,Unknown,0.3678006484375
Pythia-14M,6,142000,297795584000,Unknown,0.362916638671875
Pythia-14M,6,143000,299892736000,Unknown,0.3645055532226562
Pythia-14M,6,,,Huge,0.3645055532226562
Pythia-70M,0,1,2097152,Unknown,0.0084568509521484
Pythia-70M,0,2,4194304,Unknown,0.0084568547363281
Pythia-70M,0,4,8388608,Unknown,0.0084568809051513
Pythia-70M,0,8,16777216,Unknown,0.0084574764099121
Pythia-70M,0,16,33554432,Unknown,0.0084655940093994
Pythia-70M,0,32,67108864,Unknown,0.0085320462036132
Pythia-70M,0,64,134217728,Unknown,0.0086594127197265
Pythia-70M,0,128,268435456,Unknown,0.0088781137695312
Pythia-70M,0,256,536870912,Unknown,0.0092195990447998
Pythia-70M,0,512,1073741824,Unknown,0.009703877670288
Pythia-70M,0,1000,2097152000,Unknown,0.0206493618164062
Pythia-70M,0,2000,4194304000,Unknown,0.0271400748901367
Pythia-70M,0,3000,6291456000,Unknown,0.0320361646728515
Pythia-70M,0,4000,8388608000,Unknown,0.0348392663574218
Pythia-70M,0,5000,10485760000,Unknown,0.0369801331176757
Pythia-70M,0,6000,12582912000,Unknown,0.0387049501342773
Pythia-70M,0,7000,14680064000,Unknown,0.0400583595581054
Pythia-70M,0,8000,16777216000,Unknown,0.0413321412353515
Pythia-70M,0,9000,18874368000,Unknown,0.0423973467407226
Pythia-70M,0,10000,20971520000,Unknown,0.0436348189697265
Pythia-70M,0,11000,23068672000,Unknown,0.0446051331787109
Pythia-70M,0,12000,25165824000,Unknown,0.0457506159667968
Pythia-70M,0,13000,27262976000,Unknown,0.047151071899414
Pythia-70M,0,15000,31457280000,Unknown,0.0491541734008789
Pythia-70M,0,16000,33554432000,Unknown,0.0502061448364257
Pythia-70M,0,17000,35651584000,Unknown,0.0509697457885742
Pythia-70M,0,18000,37748736000,Unknown,0.0518319254760742
Pythia-70M,0,19000,39845888000,Unknown,0.0525977424316406
Pythia-70M,0,20000,41943040000,Unknown,0.0532420544433593
Pythia-70M,0,21000,44040192000,Unknown,0.0539740416870117
Pythia-70M,0,22000,46137344000,Unknown,0.0544352901611328
Pythia-70M,0,23000,48234496000,Unknown,0.0548363107910156
Pythia-70M,0,24000,50331648000,Unknown,0.0553500539550781
Pythia-70M,0,25000,52428800000,Unknown,0.055777734008789
Pythia-70M,0,26000,54525952000,Unknown,0.0560584393310546
Pythia-70M,0,27000,56623104000,Unknown,0.0564446817626953
Pythia-70M,0,28000,58720256000,Unknown,0.0569156083984375
Pythia-70M,0,29000,60817408000,Unknown,0.057125946899414
Pythia-70M,0,30000,62914560000,Unknown,0.0575018249511718
Pythia-70M,0,31000,65011712000,Unknown,0.0578582861328125
Pythia-70M,0,32000,67108864000,Unknown,0.0580343245849609
Pythia-70M,0,33000,69206016000,Unknown,0.05832119921875
Pythia-70M,0,34000,71303168000,Unknown,0.058517253540039
Pythia-70M,0,35000,73400320000,Unknown,0.0587966986083984
Pythia-70M,0,36000,75497472000,Unknown,0.0590396854248046
Pythia-70M,0,37000,77594624000,Unknown,0.0592942556152343
Pythia-70M,0,38000,79691776000,Unknown,0.059480255859375
Pythia-70M,0,39000,81788928000,Unknown,0.0596958620605468
Pythia-70M,0,40000,83886080000,Unknown,0.0597549173583984
Pythia-70M,0,41000,85983232000,Unknown,0.0598779990234375
Pythia-70M,0,42000,88080384000,Unknown,0.0601127286376953
Pythia-70M,0,43000,90177536000,Unknown,0.0603546103515625
Pythia-70M,0,44000,92274688000,Unknown,0.0604707767333984
Pythia-70M,0,45000,94371840000,Unknown,0.0606479476318359
Pythia-70M,0,46000,96468992000,Unknown,0.0607810870361328
Pythia-70M,0,47000,98566144000,Unknown,0.0608984906005859
Pythia-70M,0,48000,100663296000,Unknown,0.0611462114257812
Pythia-70M,0,49000,102760448000,Unknown,0.0612631141357421
Pythia-70M,0,50000,104857600000,Unknown,0.0614088685302734
Pythia-70M,0,51000,106954752000,Unknown,0.0614851252441406
Pythia-70M,0,52000,109051904000,Unknown,0.0613671528320312
Pythia-70M,0,53000,111149056000,Unknown,0.0616134678955078
Pythia-70M,0,54000,113246208000,Unknown,0.0615821040039062
Pythia-70M,0,55000,115343360000,Unknown,0.0616842342529296
Pythia-70M,0,56000,117440512000,Unknown,0.061699157836914
Pythia-70M,0,57000,119537664000,Unknown,0.0616508647460937
Pythia-70M,0,58000,121634816000,Unknown,0.06167540234375
Pythia-70M,0,59000,123731968000,Unknown,0.0616107015380859
Pythia-70M,0,60000,125829120000,Unknown,0.0617387189941406
Pythia-70M,0,61000,127926272000,Unknown,0.061679673461914
Pythia-70M,0,62000,130023424000,Unknown,0.0617288919677734
Pythia-70M,0,63000,132120576000,Unknown,0.0617828167724609
Pythia-70M,0,64000,134217728000,Unknown,0.0617960295410156
Pythia-70M,0,65000,136314880000,Unknown,0.0619244016113281
Pythia-70M,0,66000,138412032000,Unknown,0.0620422493896484
Pythia-70M,0,67000,140509184000,Unknown,0.0620748156738281
Pythia-70M,0,68000,142606336000,Unknown,0.0620890244140625
Pythia-70M,0,69000,144703488000,Unknown,0.0621518714599609
Pythia-70M,0,70000,146800640000,Unknown,0.062382962524414
Pythia-70M,0,71000,148897792000,Unknown,0.0623168172607421
Pythia-70M,0,72000,150994944000,Unknown,0.0624739985351562
Pythia-70M,0,73000,153092096000,Unknown,0.0621669010009765
Pythia-70M,0,74000,155189248000,Unknown,0.062368869140625
Pythia-70M,0,75000,157286400000,Unknown,0.0622318514404296
Pythia-70M,0,76000,159383552000,Unknown,0.0625073487548828
Pythia-70M,0,77000,161480704000,Unknown,0.0624897264404296
Pythia-70M,0,78000,163577856000,Unknown,0.0627444321289062
Pythia-70M,0,79000,165675008000,Unknown,0.0630988659667968
Pythia-70M,0,80000,167772160000,Unknown,0.0632195316162109
Pythia-70M,0,81000,169869312000,Unknown,0.063393921875
Pythia-70M,0,82000,171966464000,Unknown,0.0635509479980468
Pythia-70M,0,83000,174063616000,Unknown,0.0638183623046875
Pythia-70M,0,84000,176160768000,Unknown,0.064123251953125
Pythia-70M,0,85000,178257920000,Unknown,0.0642324183349609
Pythia-70M,0,86000,180355072000,Unknown,0.0643414984130859
Pythia-70M,0,87000,182452224000,Unknown,0.0645515135498046
Pythia-70M,0,88000,184549376000,Unknown,0.0647197573242187
Pythia-70M,0,89000,186646528000,Unknown,0.0649737749023437
Pythia-70M,0,90000,188743680000,Unknown,0.0650895717773437
Pythia-70M,0,91000,190840832000,Unknown,0.0653252841796875
Pythia-70M,0,92000,192937984000,Unknown,0.0653881909179687
Pythia-70M,0,93000,195035136000,Unknown,0.0656521390380859
Pythia-70M,0,94000,197132288000,Unknown,0.0657182572021484
Pythia-70M,0,95000,199229440000,Unknown,0.066099331665039
Pythia-70M,0,96000,201326592000,Unknown,0.066031372680664
Pythia-70M,0,97000,203423744000,Unknown,0.0661891409912109
Pythia-70M,0,98000,205520896000,Unknown,0.0662703089599609
Pythia-70M,0,99000,207618048000,Unknown,0.0665567943115234
Pythia-70M,0,100000,209715200000,Unknown,0.0666066954345703
Pythia-70M,0,101000,211812352000,Unknown,0.0667341180419921
Pythia-70M,0,102000,213909504000,Unknown,0.0667891629638672
Pythia-70M,0,103000,216006656000,Unknown,0.0669077005615234
Pythia-70M,0,104000,218103808000,Unknown,0.0669875795898437
Pythia-70M,0,105000,220200960000,Unknown,0.0670263708496093
Pythia-70M,0,106000,222298112000,Unknown,0.0670701593017578
Pythia-70M,0,107000,224395264000,Unknown,0.0671045023193359
Pythia-70M,0,108000,226492416000,Unknown,0.067242493774414
Pythia-70M,0,109000,228589568000,Unknown,0.0673231651611328
Pythia-70M,0,110000,230686720000,Unknown,0.0674091025390625
Pythia-70M,0,111000,232783872000,Unknown,0.0673647235107421
Pythia-70M,0,112000,234881024000,Unknown,0.0675287862548828
Pythia-70M,0,113000,236978176000,Unknown,0.0675045512695312
Pythia-70M,0,114000,239075328000,Unknown,0.0674351287841796
Pythia-70M,0,115000,241172480000,Unknown,0.0674798278808593
Pythia-70M,0,116000,243269632000,Unknown,0.0676382360839843
Pythia-70M,0,117000,245366784000,Unknown,0.0674759886474609
Pythia-70M,0,118000,247463936000,Unknown,0.0675449565429687
Pythia-70M,0,119000,249561088000,Unknown,0.0675903276367187
Pythia-70M,0,120000,251658240000,Unknown,0.067601954711914
Pythia-70M,0,121000,253755392000,Unknown,0.0675743397216796
Pythia-70M,0,122000,255852544000,Unknown,0.067711138305664
Pythia-70M,0,123000,257949696000,Unknown,0.0676010206298828
Pythia-70M,0,124000,260046848000,Unknown,0.0675355202636718
Pythia-70M,0,125000,262144000000,Unknown,0.0676968537597656
Pythia-70M,0,126000,264241152000,Unknown,0.0677562377929687
Pythia-70M,0,127000,266338304000,Unknown,0.0676940539550781
Pythia-70M,0,128000,268435456000,Unknown,0.0677758184814453
Pythia-70M,0,129000,270532608000,Unknown,0.0677005946044921
Pythia-70M,0,130000,272629760000,Unknown,0.0676676263427734
Pythia-70M,0,131000,274726912000,Unknown,0.0676763073730468
Pythia-70M,0,132000,276824064000,Unknown,0.0677758718261718
Pythia-70M,0,133000,278921216000,Unknown,0.067709491821289
Pythia-70M,0,134000,281018368000,Unknown,0.067679169921875
Pythia-70M,0,135000,283115520000,Unknown,0.0677515772705078
Pythia-70M,0,136000,285212672000,Unknown,0.067707997680664
Pythia-70M,0,137000,287309824000,Unknown,0.0678508784179687
Pythia-70M,0,138000,289406976000,Unknown,0.0677562562255859
Pythia-70M,0,139000,291504128000,Unknown,0.0678207961425781
Pythia-70M,0,140000,293601280000,Unknown,0.0678490775146484
Pythia-70M,0,141000,295698432000,Unknown,0.0678232777099609
Pythia-70M,0,142000,297795584000,Unknown,0.0679491967773437
Pythia-70M,0,143000,299892736000,Unknown,0.0678697495117187
Pythia-70M,0,,,Huge,0.0678697495117187
Pythia-70M,1,1,2097152,Unknown,0.1268485678710937
Pythia-70M,1,2,4194304,Unknown,0.1268452883300781
Pythia-70M,1,4,8388608,Unknown,0.1267830270996093
Pythia-70M,1,8,16777216,Unknown,0.1263918608398437
Pythia-70M,1,16,33554432,Unknown,0.1304868796386718
Pythia-70M,1,32,67108864,Unknown,0.1827836862792968
Pythia-70M,1,64,134217728,Unknown,0.1525963864746093
Pythia-70M,1,128,268435456,Unknown,0.0953028122558593
Pythia-70M,1,256,536870912,Unknown,0.1705977509765625
Pythia-70M,1,512,1073741824,Unknown,0.1545636010742187
Pythia-70M,1,1000,2097152000,Unknown,0.1218805246582031
Pythia-70M,1,2000,4194304000,Unknown,0.0957063936767578
Pythia-70M,1,3000,6291456000,Unknown,0.118566619140625
Pythia-70M,1,4000,8388608000,Unknown,0.1571881010742187
Pythia-70M,1,5000,10485760000,Unknown,0.200197681640625
Pythia-70M,1,6000,12582912000,Unknown,0.243423244140625
Pythia-70M,1,7000,14680064000,Unknown,0.2724124208984375
Pythia-70M,1,8000,16777216000,Unknown,0.3014005869140625
Pythia-70M,1,9000,18874368000,Unknown,0.3188105268554687
Pythia-70M,1,10000,20971520000,Unknown,0.3343972729492187
Pythia-70M,1,11000,23068672000,Unknown,0.3526887124023437
Pythia-70M,1,12000,25165824000,Unknown,0.3613642475585937
Pythia-70M,1,13000,27262976000,Unknown,0.3706408505859375
Pythia-70M,1,15000,31457280000,Unknown,0.3789429487304687
Pythia-70M,1,16000,33554432000,Unknown,0.3877425805664062
Pythia-70M,1,17000,35651584000,Unknown,0.3863882934570312
Pythia-70M,1,18000,37748736000,Unknown,0.3958609619140625
Pythia-70M,1,19000,39845888000,Unknown,0.3931361313476562
Pythia-70M,1,20000,41943040000,Unknown,0.3967498334960938
Pythia-70M,1,21000,44040192000,Unknown,0.3950076923828125
Pythia-70M,1,22000,46137344000,Unknown,0.3959561337890625
Pythia-70M,1,23000,48234496000,Unknown,0.397757158203125
Pythia-70M,1,24000,50331648000,Unknown,0.3969212485351562
Pythia-70M,1,25000,52428800000,Unknown,0.3964793256835937
Pythia-70M,1,26000,54525952000,Unknown,0.3975272763671875
Pythia-70M,1,27000,56623104000,Unknown,0.4043776479492187
Pythia-70M,1,28000,58720256000,Unknown,0.4020217631835937
Pythia-70M,1,29000,60817408000,Unknown,0.3995785200195312
Pythia-70M,1,30000,62914560000,Unknown,0.3933011943359375
Pythia-70M,1,31000,65011712000,Unknown,0.4011501293945312
Pythia-70M,1,32000,67108864000,Unknown,0.4041634116210937
Pythia-70M,1,33000,69206016000,Unknown,0.3995295952148437
Pythia-70M,1,34000,71303168000,Unknown,0.398924044921875
Pythia-70M,1,35000,73400320000,Unknown,0.399513697265625
Pythia-70M,1,36000,75497472000,Unknown,0.3966949619140625
Pythia-70M,1,37000,77594624000,Unknown,0.395994296875
Pythia-70M,1,38000,79691776000,Unknown,0.3981238950195312
Pythia-70M,1,39000,81788928000,Unknown,0.3930565834960937
Pythia-70M,1,40000,83886080000,Unknown,0.4023496274414062
Pythia-70M,1,41000,85983232000,Unknown,0.3993066396484375
Pythia-70M,1,42000,88080384000,Unknown,0.3946958491210937
Pythia-70M,1,43000,90177536000,Unknown,0.3944168447265625
Pythia-70M,1,44000,92274688000,Unknown,0.4010050102539062
Pythia-70M,1,45000,94371840000,Unknown,0.39127715625
Pythia-70M,1,46000,96468992000,Unknown,0.394620427734375
Pythia-70M,1,47000,98566144000,Unknown,0.389293337890625
Pythia-70M,1,48000,100663296000,Unknown,0.38622544921875
Pythia-70M,1,49000,102760448000,Unknown,0.3893824282226562
Pythia-70M,1,50000,104857600000,Unknown,0.3891083276367187
Pythia-70M,1,51000,106954752000,Unknown,0.3890362783203125
Pythia-70M,1,52000,109051904000,Unknown,0.3750160229492187
Pythia-70M,1,53000,111149056000,Unknown,0.38555233203125
Pythia-70M,1,54000,113246208000,Unknown,0.3760768623046875
Pythia-70M,1,55000,115343360000,Unknown,0.3807473764648437
Pythia-70M,1,56000,117440512000,Unknown,0.3814301279296875
Pythia-70M,1,57000,119537664000,Unknown,0.38770789453125
Pythia-70M,1,58000,121634816000,Unknown,0.3860727680664062
Pythia-70M,1,59000,123731968000,Unknown,0.3816836010742187
Pythia-70M,1,60000,125829120000,Unknown,0.383514408203125
Pythia-70M,1,61000,127926272000,Unknown,0.3740692939453125
Pythia-70M,1,62000,130023424000,Unknown,0.3798719487304687
Pythia-70M,1,63000,132120576000,Unknown,0.3868752705078125
Pythia-70M,1,64000,134217728000,Unknown,0.3869642641601562
Pythia-70M,1,65000,136314880000,Unknown,0.3900135463867187
Pythia-70M,1,66000,138412032000,Unknown,0.3921868857421875
Pythia-70M,1,67000,140509184000,Unknown,0.3898798994140625
Pythia-70M,1,68000,142606336000,Unknown,0.3889622153320312
Pythia-70M,1,69000,144703488000,Unknown,0.3915518198242187
Pythia-70M,1,70000,146800640000,Unknown,0.3989330834960937
Pythia-70M,1,71000,148897792000,Unknown,0.3903965322265625
Pythia-70M,1,72000,150994944000,Unknown,0.3974859873046875
Pythia-70M,1,73000,153092096000,Unknown,0.3821018168945312
Pythia-70M,1,74000,155189248000,Unknown,0.3941245629882812
Pythia-70M,1,75000,157286400000,Unknown,0.386152982421875
Pythia-70M,1,76000,159383552000,Unknown,0.401206197265625
Pythia-70M,1,77000,161480704000,Unknown,0.3944881694335937
Pythia-70M,1,78000,163577856000,Unknown,0.4019254755859375
Pythia-70M,1,79000,165675008000,Unknown,0.405070607421875
Pythia-70M,1,80000,167772160000,Unknown,0.406371765625
Pythia-70M,1,81000,169869312000,Unknown,0.4122438647460937
Pythia-70M,1,82000,171966464000,Unknown,0.41377215234375
Pythia-70M,1,83000,174063616000,Unknown,0.41382549609375
Pythia-70M,1,84000,176160768000,Unknown,0.4125600810546875
Pythia-70M,1,85000,178257920000,Unknown,0.4199736025390625
Pythia-70M,1,86000,180355072000,Unknown,0.4187762568359375
Pythia-70M,1,87000,182452224000,Unknown,0.4195804169921875
Pythia-70M,1,88000,184549376000,Unknown,0.4190788466796875
Pythia-70M,1,89000,186646528000,Unknown,0.4225568984375
Pythia-70M,1,90000,188743680000,Unknown,0.4257851240234375
Pythia-70M,1,91000,190840832000,Unknown,0.422580458984375
Pythia-70M,1,92000,192937984000,Unknown,0.427020888671875
Pythia-70M,1,93000,195035136000,Unknown,0.4280013359375
Pythia-70M,1,94000,197132288000,Unknown,0.4268763505859375
Pythia-70M,1,95000,199229440000,Unknown,0.4261922919921875
Pythia-70M,1,96000,201326592000,Unknown,0.4249553349609375
Pythia-70M,1,97000,203423744000,Unknown,0.4235447255859375
Pythia-70M,1,98000,205520896000,Unknown,0.424133775390625
Pythia-70M,1,99000,207618048000,Unknown,0.4266227236328125
Pythia-70M,1,100000,209715200000,Unknown,0.4209128544921875
Pythia-70M,1,101000,211812352000,Unknown,0.4246070830078125
Pythia-70M,1,102000,213909504000,Unknown,0.424717548828125
Pythia-70M,1,103000,216006656000,Unknown,0.42280097265625
Pythia-70M,1,104000,218103808000,Unknown,0.4220855078125
Pythia-70M,1,105000,220200960000,Unknown,0.4169343876953125
Pythia-70M,1,106000,222298112000,Unknown,0.4194680537109375
Pythia-70M,1,107000,224395264000,Unknown,0.4144048720703125
Pythia-70M,1,108000,226492416000,Unknown,0.4168914443359375
Pythia-70M,1,109000,228589568000,Unknown,0.4165667978515625
Pythia-70M,1,110000,230686720000,Unknown,0.4156337099609375
Pythia-70M,1,111000,232783872000,Unknown,0.4129254282226562
Pythia-70M,1,112000,234881024000,Unknown,0.4138491259765625
Pythia-70M,1,113000,236978176000,Unknown,0.41444323046875
Pythia-70M,1,114000,239075328000,Unknown,0.4102653916015625
Pythia-70M,1,115000,241172480000,Unknown,0.4112744169921875
Pythia-70M,1,116000,243269632000,Unknown,0.41211895703125
Pythia-70M,1,117000,245366784000,Unknown,0.4064966318359375
Pythia-70M,1,118000,247463936000,Unknown,0.4056267978515625
Pythia-70M,1,119000,249561088000,Unknown,0.4050441313476562
Pythia-70M,1,120000,251658240000,Unknown,0.4006827607421875
Pythia-70M,1,121000,253755392000,Unknown,0.3974259799804687
Pythia-70M,1,122000,255852544000,Unknown,0.39338655078125
Pythia-70M,1,123000,257949696000,Unknown,0.3986400083007812
Pythia-70M,1,124000,260046848000,Unknown,0.3914592690429687
Pythia-70M,1,125000,262144000000,Unknown,0.3897075380859375
Pythia-70M,1,126000,264241152000,Unknown,0.3924772275390625
Pythia-70M,1,127000,266338304000,Unknown,0.3878101826171875
Pythia-70M,1,128000,268435456000,Unknown,0.3871843452148437
Pythia-70M,1,129000,270532608000,Unknown,0.3815784140625
Pythia-70M,1,130000,272629760000,Unknown,0.3862637788085937
Pythia-70M,1,131000,274726912000,Unknown,0.38153478515625
Pythia-70M,1,132000,276824064000,Unknown,0.3802883842773437
Pythia-70M,1,133000,278921216000,Unknown,0.3840591235351562
Pythia-70M,1,134000,281018368000,Unknown,0.3750676469726562
Pythia-70M,1,135000,283115520000,Unknown,0.3728390522460937
Pythia-70M,1,136000,285212672000,Unknown,0.3749156977539062
Pythia-70M,1,137000,287309824000,Unknown,0.3698754282226562
Pythia-70M,1,138000,289406976000,Unknown,0.3761375327148437
Pythia-70M,1,139000,291504128000,Unknown,0.374387017578125
Pythia-70M,1,140000,293601280000,Unknown,0.3735932114257812
Pythia-70M,1,141000,295698432000,Unknown,0.3722817416992187
Pythia-70M,1,142000,297795584000,Unknown,0.3651265478515625
Pythia-70M,1,143000,299892736000,Unknown,0.3652255092773437
Pythia-70M,1,,,Huge,0.3652255092773437
Pythia-70M,2,1,2097152,Unknown,0.1950709216308593
Pythia-70M,2,2,4194304,Unknown,0.195067630859375
Pythia-70M,2,4,8388608,Unknown,0.1950126655273437
Pythia-70M,2,8,16777216,Unknown,0.1956962961425781
Pythia-70M,2,16,33554432,Unknown,0.2210176396484375
Pythia-70M,2,32,67108864,Unknown,0.4118813735351562
Pythia-70M,2,64,134217728,Unknown,0.3330495913085937
Pythia-70M,2,128,268435456,Unknown,0.1474612351074218
Pythia-70M,2,256,536870912,Unknown,0.2410652446289062
Pythia-70M,2,512,1073741824,Unknown,0.1979931982421875
Pythia-70M,2,1000,2097152000,Unknown,0.16626394921875
Pythia-70M,2,2000,4194304000,Unknown,0.132175298828125
Pythia-70M,2,3000,6291456000,Unknown,0.1618124104003906
Pythia-70M,2,4000,8388608000,Unknown,0.1977539926757812
Pythia-70M,2,5000,10485760000,Unknown,0.229725802734375
Pythia-70M,2,6000,12582912000,Unknown,0.2698268935546875
Pythia-70M,2,7000,14680064000,Unknown,0.2981394213867187
Pythia-70M,2,8000,16777216000,Unknown,0.3156238208007813
Pythia-70M,2,9000,18874368000,Unknown,0.3319627690429687
Pythia-70M,2,10000,20971520000,Unknown,0.346623923828125
Pythia-70M,2,11000,23068672000,Unknown,0.359443833984375
Pythia-70M,2,12000,25165824000,Unknown,0.3677861435546875
Pythia-70M,2,13000,27262976000,Unknown,0.3770104721679687
Pythia-70M,2,15000,31457280000,Unknown,0.3835081254882812
Pythia-70M,2,16000,33554432000,Unknown,0.394923751953125
Pythia-70M,2,17000,35651584000,Unknown,0.3945851909179687
Pythia-70M,2,18000,37748736000,Unknown,0.4020724765625
Pythia-70M,2,19000,39845888000,Unknown,0.3971859130859375
Pythia-70M,2,20000,41943040000,Unknown,0.4031337836914062
Pythia-70M,2,21000,44040192000,Unknown,0.40459209375
Pythia-70M,2,22000,46137344000,Unknown,0.4084378881835937
Pythia-70M,2,23000,48234496000,Unknown,0.4052352309570312
Pythia-70M,2,24000,50331648000,Unknown,0.4101273520507812
Pythia-70M,2,25000,52428800000,Unknown,0.4106758876953125
Pythia-70M,2,26000,54525952000,Unknown,0.4108262045898437
Pythia-70M,2,27000,56623104000,Unknown,0.419992734375
Pythia-70M,2,28000,58720256000,Unknown,0.419288853515625
Pythia-70M,2,29000,60817408000,Unknown,0.4164801650390625
Pythia-70M,2,30000,62914560000,Unknown,0.4112872890625
Pythia-70M,2,31000,65011712000,Unknown,0.4177353935546875
Pythia-70M,2,32000,67108864000,Unknown,0.422654453125
Pythia-70M,2,33000,69206016000,Unknown,0.4153882490234375
Pythia-70M,2,34000,71303168000,Unknown,0.4154447509765625
Pythia-70M,2,35000,73400320000,Unknown,0.4176555869140625
Pythia-70M,2,36000,75497472000,Unknown,0.4146915556640625
Pythia-70M,2,37000,77594624000,Unknown,0.4179162421875
Pythia-70M,2,38000,79691776000,Unknown,0.4189611796875
Pythia-70M,2,39000,81788928000,Unknown,0.41073247265625
Pythia-70M,2,40000,83886080000,Unknown,0.420231318359375
Pythia-70M,2,41000,85983232000,Unknown,0.4154047431640625
Pythia-70M,2,42000,88080384000,Unknown,0.4153282666015625
Pythia-70M,2,43000,90177536000,Unknown,0.413938767578125
Pythia-70M,2,44000,92274688000,Unknown,0.4197847255859375
Pythia-70M,2,45000,94371840000,Unknown,0.4114166645507812
Pythia-70M,2,46000,96468992000,Unknown,0.41586369921875
Pythia-70M,2,47000,98566144000,Unknown,0.4108465786132813
Pythia-70M,2,48000,100663296000,Unknown,0.4090498510742187
Pythia-70M,2,49000,102760448000,Unknown,0.4085784487304687
Pythia-70M,2,50000,104857600000,Unknown,0.4086174926757812
Pythia-70M,2,51000,106954752000,Unknown,0.4097336684570312
Pythia-70M,2,52000,109051904000,Unknown,0.396104111328125
Pythia-70M,2,53000,111149056000,Unknown,0.405448703125
Pythia-70M,2,54000,113246208000,Unknown,0.4015990786132812
Pythia-70M,2,55000,115343360000,Unknown,0.4075693911132813
Pythia-70M,2,56000,117440512000,Unknown,0.40967620703125
Pythia-70M,2,57000,119537664000,Unknown,0.415351431640625
Pythia-70M,2,58000,121634816000,Unknown,0.4165133203125
Pythia-70M,2,59000,123731968000,Unknown,0.4120458076171875
Pythia-70M,2,60000,125829120000,Unknown,0.415398708984375
Pythia-70M,2,61000,127926272000,Unknown,0.4039189057617187
Pythia-70M,2,62000,130023424000,Unknown,0.4153931923828125
Pythia-70M,2,63000,132120576000,Unknown,0.4240615830078125
Pythia-70M,2,64000,134217728000,Unknown,0.4210040517578125
Pythia-70M,2,65000,136314880000,Unknown,0.4316767548828125
Pythia-70M,2,66000,138412032000,Unknown,0.429111837890625
Pythia-70M,2,67000,140509184000,Unknown,0.427929541015625
Pythia-70M,2,68000,142606336000,Unknown,0.4261345341796875
Pythia-70M,2,69000,144703488000,Unknown,0.4274125126953125
Pythia-70M,2,70000,146800640000,Unknown,0.4413134453125
Pythia-70M,2,71000,148897792000,Unknown,0.43020124609375
Pythia-70M,2,72000,150994944000,Unknown,0.4400003251953125
Pythia-70M,2,73000,153092096000,Unknown,0.4281669580078125
Pythia-70M,2,74000,155189248000,Unknown,0.439966009765625
Pythia-70M,2,75000,157286400000,Unknown,0.43273816015625
Pythia-70M,2,76000,159383552000,Unknown,0.4488454375
Pythia-70M,2,77000,161480704000,Unknown,0.4374263046875
Pythia-70M,2,78000,163577856000,Unknown,0.4409919365234375
Pythia-70M,2,79000,165675008000,Unknown,0.4476914560546875
Pythia-70M,2,80000,167772160000,Unknown,0.446704494140625
Pythia-70M,2,81000,169869312000,Unknown,0.4525105634765625
Pythia-70M,2,82000,171966464000,Unknown,0.45651201171875
Pythia-70M,2,83000,174063616000,Unknown,0.4537396162109375
Pythia-70M,2,84000,176160768000,Unknown,0.4515162294921875
Pythia-70M,2,85000,178257920000,Unknown,0.4642277373046875
Pythia-70M,2,86000,180355072000,Unknown,0.4567602197265625
Pythia-70M,2,87000,182452224000,Unknown,0.4601709736328125
Pythia-70M,2,88000,184549376000,Unknown,0.4592932822265625
Pythia-70M,2,89000,186646528000,Unknown,0.456891533203125
Pythia-70M,2,90000,188743680000,Unknown,0.467396765625
Pythia-70M,2,91000,190840832000,Unknown,0.462255875
Pythia-70M,2,92000,192937984000,Unknown,0.462449474609375
Pythia-70M,2,93000,195035136000,Unknown,0.466234400390625
Pythia-70M,2,94000,197132288000,Unknown,0.4650159541015625
Pythia-70M,2,95000,199229440000,Unknown,0.45603482421875
Pythia-70M,2,96000,201326592000,Unknown,0.4553722861328125
Pythia-70M,2,97000,203423744000,Unknown,0.4592931416015625
Pythia-70M,2,98000,205520896000,Unknown,0.4618868603515625
Pythia-70M,2,99000,207618048000,Unknown,0.468076505859375
Pythia-70M,2,100000,209715200000,Unknown,0.45264181640625
Pythia-70M,2,101000,211812352000,Unknown,0.46144362890625
Pythia-70M,2,102000,213909504000,Unknown,0.460806287109375
Pythia-70M,2,103000,216006656000,Unknown,0.4625534296875
Pythia-70M,2,104000,218103808000,Unknown,0.4561054072265625
Pythia-70M,2,105000,220200960000,Unknown,0.446701125
Pythia-70M,2,106000,222298112000,Unknown,0.453996470703125
Pythia-70M,2,107000,224395264000,Unknown,0.447314416015625
Pythia-70M,2,108000,226492416000,Unknown,0.4460696181640625
Pythia-70M,2,109000,228589568000,Unknown,0.44474384375
Pythia-70M,2,110000,230686720000,Unknown,0.449288341796875
Pythia-70M,2,111000,232783872000,Unknown,0.44586136328125
Pythia-70M,2,112000,234881024000,Unknown,0.4480746279296875
Pythia-70M,2,113000,236978176000,Unknown,0.4438841435546875
Pythia-70M,2,114000,239075328000,Unknown,0.4395488994140625
Pythia-70M,2,115000,241172480000,Unknown,0.4453511484375
Pythia-70M,2,116000,243269632000,Unknown,0.43925895703125
Pythia-70M,2,117000,245366784000,Unknown,0.4368352177734375
Pythia-70M,2,118000,247463936000,Unknown,0.4341694833984375
Pythia-70M,2,119000,249561088000,Unknown,0.431865236328125
Pythia-70M,2,120000,251658240000,Unknown,0.426839708984375
Pythia-70M,2,121000,253755392000,Unknown,0.42839612109375
Pythia-70M,2,122000,255852544000,Unknown,0.421731076171875
Pythia-70M,2,123000,257949696000,Unknown,0.4227788837890625
Pythia-70M,2,124000,260046848000,Unknown,0.4202421142578125
Pythia-70M,2,125000,262144000000,Unknown,0.4122313876953125
Pythia-70M,2,126000,264241152000,Unknown,0.4243109267578125
Pythia-70M,2,127000,266338304000,Unknown,0.412959921875
Pythia-70M,2,128000,268435456000,Unknown,0.4165960166015625
Pythia-70M,2,129000,270532608000,Unknown,0.408303294921875
Pythia-70M,2,130000,272629760000,Unknown,0.4124146943359375
Pythia-70M,2,131000,274726912000,Unknown,0.40934776171875
Pythia-70M,2,132000,276824064000,Unknown,0.4062900981445312
Pythia-70M,2,133000,278921216000,Unknown,0.4102998217773437
Pythia-70M,2,134000,281018368000,Unknown,0.40086005859375
Pythia-70M,2,135000,283115520000,Unknown,0.3970774111328125
Pythia-70M,2,136000,285212672000,Unknown,0.4054848525390625
Pythia-70M,2,137000,287309824000,Unknown,0.4000026796875
Pythia-70M,2,138000,289406976000,Unknown,0.4046158803710937
Pythia-70M,2,139000,291504128000,Unknown,0.4008852094726562
Pythia-70M,2,140000,293601280000,Unknown,0.3987298579101562
Pythia-70M,2,141000,295698432000,Unknown,0.3974706020507813
Pythia-70M,2,142000,297795584000,Unknown,0.3924827578125
Pythia-70M,2,143000,299892736000,Unknown,0.3899871342773437
Pythia-70M,2,,,Huge,0.3899871342773437
Pythia-70M,3,1,2097152,Unknown,0.2290637397460937
Pythia-70M,3,2,4194304,Unknown,0.2290651948242187
Pythia-70M,3,4,8388608,Unknown,0.2291064536132812
Pythia-70M,3,8,16777216,Unknown,0.2325986064453125
Pythia-70M,3,16,33554432,Unknown,0.289266189453125
Pythia-70M,3,32,67108864,Unknown,0.5905023681640625
Pythia-70M,3,64,134217728,Unknown,0.513098763671875
Pythia-70M,3,128,268435456,Unknown,0.2110569848632812
Pythia-70M,3,256,536870912,Unknown,0.21460503515625
Pythia-70M,3,512,1073741824,Unknown,0.1598451916503906
Pythia-70M,3,1000,2097152000,Unknown,0.1890940002441406
Pythia-70M,3,2000,4194304000,Unknown,0.2098411430664062
Pythia-70M,3,3000,6291456000,Unknown,0.2484626323242187
Pythia-70M,3,4000,8388608000,Unknown,0.2762380854492187
Pythia-70M,3,5000,10485760000,Unknown,0.2715862172851562
Pythia-70M,3,6000,12582912000,Unknown,0.3115244526367187
Pythia-70M,3,7000,14680064000,Unknown,0.3300386259765625
Pythia-70M,3,8000,16777216000,Unknown,0.3458975209960938
Pythia-70M,3,9000,18874368000,Unknown,0.3502312221679687
Pythia-70M,3,10000,20971520000,Unknown,0.3732681064453125
Pythia-70M,3,11000,23068672000,Unknown,0.365532083984375
Pythia-70M,3,12000,25165824000,Unknown,0.3705946577148437
Pythia-70M,3,13000,27262976000,Unknown,0.375605884765625
Pythia-70M,3,15000,31457280000,Unknown,0.3731669565429688
Pythia-70M,3,16000,33554432000,Unknown,0.3872504008789063
Pythia-70M,3,17000,35651584000,Unknown,0.3733091806640625
Pythia-70M,3,18000,37748736000,Unknown,0.3831505864257812
Pythia-70M,3,19000,39845888000,Unknown,0.3815194497070313
Pythia-70M,3,20000,41943040000,Unknown,0.3875323447265625
Pythia-70M,3,21000,44040192000,Unknown,0.3944554604492187
Pythia-70M,3,22000,46137344000,Unknown,0.398549890625
Pythia-70M,3,23000,48234496000,Unknown,0.387596599609375
Pythia-70M,3,24000,50331648000,Unknown,0.3967655146484375
Pythia-70M,3,25000,52428800000,Unknown,0.3984061811523438
Pythia-70M,3,26000,54525952000,Unknown,0.3981857416992188
Pythia-70M,3,27000,56623104000,Unknown,0.4044854321289062
Pythia-70M,3,28000,58720256000,Unknown,0.4042356391601562
Pythia-70M,3,29000,60817408000,Unknown,0.3982690971679687
Pythia-70M,3,30000,62914560000,Unknown,0.3994592197265625
Pythia-70M,3,31000,65011712000,Unknown,0.3930246030273437
Pythia-70M,3,32000,67108864000,Unknown,0.4024811508789062
Pythia-70M,3,33000,69206016000,Unknown,0.4013883403320312
Pythia-70M,3,34000,71303168000,Unknown,0.3965426645507812
Pythia-70M,3,35000,73400320000,Unknown,0.3998643623046875
Pythia-70M,3,36000,75497472000,Unknown,0.3943545297851562
Pythia-70M,3,37000,77594624000,Unknown,0.3959567895507812
Pythia-70M,3,38000,79691776000,Unknown,0.3986260478515625
Pythia-70M,3,39000,81788928000,Unknown,0.3948652602539062
Pythia-70M,3,40000,83886080000,Unknown,0.3959806708984375
Pythia-70M,3,41000,85983232000,Unknown,0.3838294907226562
Pythia-70M,3,42000,88080384000,Unknown,0.3927296069335937
Pythia-70M,3,43000,90177536000,Unknown,0.4004710825195312
Pythia-70M,3,44000,92274688000,Unknown,0.3940386909179687
Pythia-70M,3,45000,94371840000,Unknown,0.3940100893554688
Pythia-70M,3,46000,96468992000,Unknown,0.394837080078125
Pythia-70M,3,47000,98566144000,Unknown,0.3932775283203125
Pythia-70M,3,48000,100663296000,Unknown,0.3951510180664062
Pythia-70M,3,49000,102760448000,Unknown,0.388725005859375
Pythia-70M,3,50000,104857600000,Unknown,0.3963002338867187
Pythia-70M,3,51000,106954752000,Unknown,0.3948790336914062
Pythia-70M,3,52000,109051904000,Unknown,0.3830168842773437
Pythia-70M,3,53000,111149056000,Unknown,0.3954666127929687
Pythia-70M,3,54000,113246208000,Unknown,0.3883182641601562
Pythia-70M,3,55000,115343360000,Unknown,0.3905011015625
Pythia-70M,3,56000,117440512000,Unknown,0.4003344345703125
Pythia-70M,3,57000,119537664000,Unknown,0.3993624345703125
Pythia-70M,3,58000,121634816000,Unknown,0.4109425869140625
Pythia-70M,3,59000,123731968000,Unknown,0.4005076552734375
Pythia-70M,3,60000,125829120000,Unknown,0.4017858334960937
Pythia-70M,3,61000,127926272000,Unknown,0.3827920561523437
Pythia-70M,3,62000,130023424000,Unknown,0.413471736328125
Pythia-70M,3,63000,132120576000,Unknown,0.41820551953125
Pythia-70M,3,64000,134217728000,Unknown,0.42037359375
Pythia-70M,3,65000,136314880000,Unknown,0.4218748271484375
Pythia-70M,3,66000,138412032000,Unknown,0.4311219384765625
Pythia-70M,3,67000,140509184000,Unknown,0.434583693359375
Pythia-70M,3,68000,142606336000,Unknown,0.429081052734375
Pythia-70M,3,69000,144703488000,Unknown,0.4232687001953125
Pythia-70M,3,70000,146800640000,Unknown,0.4487996513671875
Pythia-70M,3,71000,148897792000,Unknown,0.4364162177734375
Pythia-70M,3,72000,150994944000,Unknown,0.45638053125
Pythia-70M,3,73000,153092096000,Unknown,0.439318708984375
Pythia-70M,3,74000,155189248000,Unknown,0.4537209130859375
Pythia-70M,3,75000,157286400000,Unknown,0.440140111328125
Pythia-70M,3,76000,159383552000,Unknown,0.464150095703125
Pythia-70M,3,77000,161480704000,Unknown,0.4405650263671875
Pythia-70M,3,78000,163577856000,Unknown,0.4413171728515625
Pythia-70M,3,79000,165675008000,Unknown,0.447941345703125
Pythia-70M,3,80000,167772160000,Unknown,0.4490792216796875
Pythia-70M,3,81000,169869312000,Unknown,0.4560563037109375
Pythia-70M,3,82000,171966464000,Unknown,0.465859806640625
Pythia-70M,3,83000,174063616000,Unknown,0.4585852802734375
Pythia-70M,3,84000,176160768000,Unknown,0.4520717080078125
Pythia-70M,3,85000,178257920000,Unknown,0.466960416015625
Pythia-70M,3,86000,180355072000,Unknown,0.4605141015625
Pythia-70M,3,87000,182452224000,Unknown,0.4610503212890625
Pythia-70M,3,88000,184549376000,Unknown,0.471204529296875
Pythia-70M,3,89000,186646528000,Unknown,0.4529478193359375
Pythia-70M,3,90000,188743680000,Unknown,0.4747239375
Pythia-70M,3,91000,190840832000,Unknown,0.4773310322265625
Pythia-70M,3,92000,192937984000,Unknown,0.4614623076171875
Pythia-70M,3,93000,195035136000,Unknown,0.47072965234375
Pythia-70M,3,94000,197132288000,Unknown,0.4805760380859375
Pythia-70M,3,95000,199229440000,Unknown,0.4483658916015625
Pythia-70M,3,96000,201326592000,Unknown,0.454090123046875
Pythia-70M,3,97000,203423744000,Unknown,0.4673805830078125
Pythia-70M,3,98000,205520896000,Unknown,0.4746698525390625
Pythia-70M,3,99000,207618048000,Unknown,0.4962726640625
Pythia-70M,3,100000,209715200000,Unknown,0.4588937900390625
Pythia-70M,3,101000,211812352000,Unknown,0.4741372919921875
Pythia-70M,3,102000,213909504000,Unknown,0.48075727734375
Pythia-70M,3,103000,216006656000,Unknown,0.481276546875
Pythia-70M,3,104000,218103808000,Unknown,0.4668476376953125
Pythia-70M,3,105000,220200960000,Unknown,0.451844755859375
Pythia-70M,3,106000,222298112000,Unknown,0.4819944580078125
Pythia-70M,3,107000,224395264000,Unknown,0.4690503271484375
Pythia-70M,3,108000,226492416000,Unknown,0.4587981416015625
Pythia-70M,3,109000,228589568000,Unknown,0.4579987978515625
Pythia-70M,3,110000,230686720000,Unknown,0.4753119501953125
Pythia-70M,3,111000,232783872000,Unknown,0.4679077607421875
Pythia-70M,3,112000,234881024000,Unknown,0.46341175
Pythia-70M,3,113000,236978176000,Unknown,0.4633181904296875
Pythia-70M,3,114000,239075328000,Unknown,0.4568939375
Pythia-70M,3,115000,241172480000,Unknown,0.47844645703125
Pythia-70M,3,116000,243269632000,Unknown,0.463672171875
Pythia-70M,3,117000,245366784000,Unknown,0.4627989716796875
Pythia-70M,3,118000,247463936000,Unknown,0.4622651279296875
Pythia-70M,3,119000,249561088000,Unknown,0.461644458984375
Pythia-70M,3,120000,251658240000,Unknown,0.4503356953125
Pythia-70M,3,121000,253755392000,Unknown,0.4578881748046875
Pythia-70M,3,122000,255852544000,Unknown,0.442333810546875
Pythia-70M,3,123000,257949696000,Unknown,0.444689787109375
Pythia-70M,3,124000,260046848000,Unknown,0.4422409443359375
Pythia-70M,3,125000,262144000000,Unknown,0.4435208857421875
Pythia-70M,3,126000,264241152000,Unknown,0.4659687265625
Pythia-70M,3,127000,266338304000,Unknown,0.4425085400390625
Pythia-70M,3,128000,268435456000,Unknown,0.4712787041015625
Pythia-70M,3,129000,270532608000,Unknown,0.4474132490234375
Pythia-70M,3,130000,272629760000,Unknown,0.450171224609375
Pythia-70M,3,131000,274726912000,Unknown,0.4413660625
Pythia-70M,3,132000,276824064000,Unknown,0.44024699609375
Pythia-70M,3,133000,278921216000,Unknown,0.448718259765625
Pythia-70M,3,134000,281018368000,Unknown,0.4471303681640625
Pythia-70M,3,135000,283115520000,Unknown,0.43683572265625
Pythia-70M,3,136000,285212672000,Unknown,0.452486376953125
Pythia-70M,3,137000,287309824000,Unknown,0.4516608349609375
Pythia-70M,3,138000,289406976000,Unknown,0.4580625966796875
Pythia-70M,3,139000,291504128000,Unknown,0.445192216796875
Pythia-70M,3,140000,293601280000,Unknown,0.44521490234375
Pythia-70M,3,141000,295698432000,Unknown,0.451153486328125
Pythia-70M,3,142000,297795584000,Unknown,0.4421345908203125
Pythia-70M,3,143000,299892736000,Unknown,0.4346902041015625
Pythia-70M,3,,,Huge,0.4346902041015625
Pythia-70M,4,1,2097152,Unknown,0.254946912109375
Pythia-70M,4,2,4194304,Unknown,0.2549503608398437
Pythia-70M,4,4,8388608,Unknown,0.2550355463867187
Pythia-70M,4,8,16777216,Unknown,0.2611714033203125
Pythia-70M,4,16,33554432,Unknown,0.3494361069335937
Pythia-70M,4,32,67108864,Unknown,0.69477762109375
Pythia-70M,4,64,134217728,Unknown,0.651157583984375
Pythia-70M,4,128,268435456,Unknown,0.3243235483398437
Pythia-70M,4,256,536870912,Unknown,0.21973989453125
Pythia-70M,4,512,1073741824,Unknown,0.1431368098144531
Pythia-70M,4,1000,2097152000,Unknown,0.1399970302734375
Pythia-70M,4,2000,4194304000,Unknown,0.1809734091796875
Pythia-70M,4,3000,6291456000,Unknown,0.2794954526367187
Pythia-70M,4,4000,8388608000,Unknown,0.3394425805664062
Pythia-70M,4,5000,10485760000,Unknown,0.3564301123046875
Pythia-70M,4,6000,12582912000,Unknown,0.3984844995117187
Pythia-70M,4,7000,14680064000,Unknown,0.42536568359375
Pythia-70M,4,8000,16777216000,Unknown,0.447976380859375
Pythia-70M,4,9000,18874368000,Unknown,0.4570259697265625
Pythia-70M,4,10000,20971520000,Unknown,0.4719092900390625
Pythia-70M,4,11000,23068672000,Unknown,0.477436869140625
Pythia-70M,4,12000,25165824000,Unknown,0.48343946875
Pythia-70M,4,13000,27262976000,Unknown,0.4844803251953125
Pythia-70M,4,15000,31457280000,Unknown,0.48570532421875
Pythia-70M,4,16000,33554432000,Unknown,0.499874529296875
Pythia-70M,4,17000,35651584000,Unknown,0.48421116015625
Pythia-70M,4,18000,37748736000,Unknown,0.499981609375
Pythia-70M,4,19000,39845888000,Unknown,0.4942855537109375
Pythia-70M,4,20000,41943040000,Unknown,0.4968559306640625
Pythia-70M,4,21000,44040192000,Unknown,0.494021333984375
Pythia-70M,4,22000,46137344000,Unknown,0.5034883359375
Pythia-70M,4,23000,48234496000,Unknown,0.485054134765625
Pythia-70M,4,24000,50331648000,Unknown,0.495479888671875
Pythia-70M,4,25000,52428800000,Unknown,0.494013443359375
Pythia-70M,4,26000,54525952000,Unknown,0.4930345517578125
Pythia-70M,4,27000,56623104000,Unknown,0.5036663515625
Pythia-70M,4,28000,58720256000,Unknown,0.4989936728515625
Pythia-70M,4,29000,60817408000,Unknown,0.498595947265625
Pythia-70M,4,30000,62914560000,Unknown,0.48621459765625
Pythia-70M,4,31000,65011712000,Unknown,0.49538592578125
Pythia-70M,4,32000,67108864000,Unknown,0.498840712890625
Pythia-70M,4,33000,69206016000,Unknown,0.496024578125
Pythia-70M,4,34000,71303168000,Unknown,0.4978527158203125
Pythia-70M,4,35000,73400320000,Unknown,0.499185630859375
Pythia-70M,4,36000,75497472000,Unknown,0.493098173828125
Pythia-70M,4,37000,77594624000,Unknown,0.4918439716796875
Pythia-70M,4,38000,79691776000,Unknown,0.4926310166015625
Pythia-70M,4,39000,81788928000,Unknown,0.486195267578125
Pythia-70M,4,40000,83886080000,Unknown,0.4933939453125
Pythia-70M,4,41000,85983232000,Unknown,0.481376072265625
Pythia-70M,4,42000,88080384000,Unknown,0.4806345283203125
Pythia-70M,4,43000,90177536000,Unknown,0.490615349609375
Pythia-70M,4,44000,92274688000,Unknown,0.4902764365234375
Pythia-70M,4,45000,94371840000,Unknown,0.48314791796875
Pythia-70M,4,46000,96468992000,Unknown,0.4861367607421875
Pythia-70M,4,47000,98566144000,Unknown,0.482173998046875
Pythia-70M,4,48000,100663296000,Unknown,0.477372916015625
Pythia-70M,4,49000,102760448000,Unknown,0.47745490234375
Pythia-70M,4,50000,104857600000,Unknown,0.4823275849609375
Pythia-70M,4,51000,106954752000,Unknown,0.478948203125
Pythia-70M,4,52000,109051904000,Unknown,0.4682288984375
Pythia-70M,4,53000,111149056000,Unknown,0.478260982421875
Pythia-70M,4,54000,113246208000,Unknown,0.4784632939453125
Pythia-70M,4,55000,115343360000,Unknown,0.489733306640625
Pythia-70M,4,56000,117440512000,Unknown,0.5000209814453125
Pythia-70M,4,57000,119537664000,Unknown,0.50266856640625
Pythia-70M,4,58000,121634816000,Unknown,0.5246989091796875
Pythia-70M,4,59000,123731968000,Unknown,0.514346849609375
Pythia-70M,4,60000,125829120000,Unknown,0.5142991728515625
Pythia-70M,4,61000,127926272000,Unknown,0.499808060546875
Pythia-70M,4,62000,130023424000,Unknown,0.5263780302734375
Pythia-70M,4,63000,132120576000,Unknown,0.5356901328125
Pythia-70M,4,64000,134217728000,Unknown,0.5536282080078125
Pythia-70M,4,65000,136314880000,Unknown,0.547377884765625
Pythia-70M,4,66000,138412032000,Unknown,0.5562659443359375
Pythia-70M,4,67000,140509184000,Unknown,0.56841521875
Pythia-70M,4,68000,142606336000,Unknown,0.5719463466796875
Pythia-70M,4,69000,144703488000,Unknown,0.5744704140625
Pythia-70M,4,70000,146800640000,Unknown,0.595778916015625
Pythia-70M,4,71000,148897792000,Unknown,0.5867416650390626
Pythia-70M,4,72000,150994944000,Unknown,0.620360966796875
Pythia-70M,4,73000,153092096000,Unknown,0.61745284765625
Pythia-70M,4,74000,155189248000,Unknown,0.6392942529296874
Pythia-70M,4,75000,157286400000,Unknown,0.6364526142578125
Pythia-70M,4,76000,159383552000,Unknown,0.65580943359375
Pythia-70M,4,77000,161480704000,Unknown,0.63966986328125
Pythia-70M,4,78000,163577856000,Unknown,0.6400054599609375
Pythia-70M,4,79000,165675008000,Unknown,0.6375680048828125
Pythia-70M,4,80000,167772160000,Unknown,0.6383819423828125
Pythia-70M,4,81000,169869312000,Unknown,0.6383956611328125
Pythia-70M,4,82000,171966464000,Unknown,0.644822142578125
Pythia-70M,4,83000,174063616000,Unknown,0.6384081455078126
Pythia-70M,4,84000,176160768000,Unknown,0.6196181376953125
Pythia-70M,4,85000,178257920000,Unknown,0.633043017578125
Pythia-70M,4,86000,180355072000,Unknown,0.61317460546875
Pythia-70M,4,87000,182452224000,Unknown,0.617150380859375
Pythia-70M,4,88000,184549376000,Unknown,0.613548669921875
Pythia-70M,4,89000,186646528000,Unknown,0.578051837890625
Pythia-70M,4,90000,188743680000,Unknown,0.6010229501953125
Pythia-70M,4,91000,190840832000,Unknown,0.5956150546875
Pythia-70M,4,92000,192937984000,Unknown,0.5705089296875
Pythia-70M,4,93000,195035136000,Unknown,0.5927612666015625
Pythia-70M,4,94000,197132288000,Unknown,0.5899101240234375
Pythia-70M,4,95000,199229440000,Unknown,0.545587564453125
Pythia-70M,4,96000,201326592000,Unknown,0.55509490234375
Pythia-70M,4,97000,203423744000,Unknown,0.5512235439453125
Pythia-70M,4,98000,205520896000,Unknown,0.566954095703125
Pythia-70M,4,99000,207618048000,Unknown,0.593961140625
Pythia-70M,4,100000,209715200000,Unknown,0.5380685068359375
Pythia-70M,4,101000,211812352000,Unknown,0.5455367197265625
Pythia-70M,4,102000,213909504000,Unknown,0.56052709375
Pythia-70M,4,103000,216006656000,Unknown,0.558055056640625
Pythia-70M,4,104000,218103808000,Unknown,0.535142525390625
Pythia-70M,4,105000,220200960000,Unknown,0.5307790498046875
Pythia-70M,4,106000,222298112000,Unknown,0.5475450673828125
Pythia-70M,4,107000,224395264000,Unknown,0.522508119140625
Pythia-70M,4,108000,226492416000,Unknown,0.52632333984375
Pythia-70M,4,109000,228589568000,Unknown,0.5297625185546875
Pythia-70M,4,110000,230686720000,Unknown,0.5468737939453125
Pythia-70M,4,111000,232783872000,Unknown,0.5317331640625
Pythia-70M,4,112000,234881024000,Unknown,0.516684021484375
Pythia-70M,4,113000,236978176000,Unknown,0.518750908203125
Pythia-70M,4,114000,239075328000,Unknown,0.5173468544921875
Pythia-70M,4,115000,241172480000,Unknown,0.5443918125
Pythia-70M,4,116000,243269632000,Unknown,0.5098925947265625
Pythia-70M,4,117000,245366784000,Unknown,0.5218068134765625
Pythia-70M,4,118000,247463936000,Unknown,0.5276577060546875
Pythia-70M,4,119000,249561088000,Unknown,0.519677658203125
Pythia-70M,4,120000,251658240000,Unknown,0.5131235419921875
Pythia-70M,4,121000,253755392000,Unknown,0.516425494140625
Pythia-70M,4,122000,255852544000,Unknown,0.510887146484375
Pythia-70M,4,123000,257949696000,Unknown,0.5151292177734375
Pythia-70M,4,124000,260046848000,Unknown,0.51545330078125
Pythia-70M,4,125000,262144000000,Unknown,0.4990264814453125
Pythia-70M,4,126000,264241152000,Unknown,0.536190341796875
Pythia-70M,4,127000,266338304000,Unknown,0.5071901259765625
Pythia-70M,4,128000,268435456000,Unknown,0.547400091796875
Pythia-70M,4,129000,270532608000,Unknown,0.5005965556640625
Pythia-70M,4,130000,272629760000,Unknown,0.5020058876953125
Pythia-70M,4,131000,274726912000,Unknown,0.511236392578125
Pythia-70M,4,132000,276824064000,Unknown,0.51525522265625
Pythia-70M,4,133000,278921216000,Unknown,0.504888646484375
Pythia-70M,4,134000,281018368000,Unknown,0.501585529296875
Pythia-70M,4,135000,283115520000,Unknown,0.5005871796875
Pythia-70M,4,136000,285212672000,Unknown,0.539149935546875
Pythia-70M,4,137000,287309824000,Unknown,0.5107851083984375
Pythia-70M,4,138000,289406976000,Unknown,0.5074996494140624
Pythia-70M,4,139000,291504128000,Unknown,0.512278279296875
Pythia-70M,4,140000,293601280000,Unknown,0.5091615732421875
Pythia-70M,4,141000,295698432000,Unknown,0.520146953125
Pythia-70M,4,142000,297795584000,Unknown,0.4992320556640625
Pythia-70M,4,143000,299892736000,Unknown,0.4972529921875
Pythia-70M,4,,,Huge,0.4972529921875
Pythia-70M,5,1,2097152,Unknown,0.2702626782226562
Pythia-70M,5,2,4194304,Unknown,0.2702670356445312
Pythia-70M,5,4,8388608,Unknown,0.270373625
Pythia-70M,5,8,16777216,Unknown,0.2788050190429687
Pythia-70M,5,16,33554432,Unknown,0.3937102763671875
Pythia-70M,5,32,67108864,Unknown,0.7550298427734375
Pythia-70M,5,64,134217728,Unknown,0.7329130673828125
Pythia-70M,5,128,268435456,Unknown,0.4829495087890625
Pythia-70M,5,256,536870912,Unknown,0.2680623754882812
Pythia-70M,5,512,1073741824,Unknown,0.1921025793457031
Pythia-70M,5,1000,2097152000,Unknown,0.1421959458007812
Pythia-70M,5,2000,4194304000,Unknown,0.1355552077636719
Pythia-70M,5,3000,6291456000,Unknown,0.2213912006835937
Pythia-70M,5,4000,8388608000,Unknown,0.2871130107421875
Pythia-70M,5,5000,10485760000,Unknown,0.3418181455078125
Pythia-70M,5,6000,12582912000,Unknown,0.3966005322265625
Pythia-70M,5,7000,14680064000,Unknown,0.436893923828125
Pythia-70M,5,8000,16777216000,Unknown,0.4667772041015625
Pythia-70M,5,9000,18874368000,Unknown,0.4935566787109375
Pythia-70M,5,10000,20971520000,Unknown,0.5083234521484375
Pythia-70M,5,11000,23068672000,Unknown,0.5273190732421875
Pythia-70M,5,12000,25165824000,Unknown,0.5501250029296875
Pythia-70M,5,13000,27262976000,Unknown,0.555596541015625
Pythia-70M,5,15000,31457280000,Unknown,0.5571673720703125
Pythia-70M,5,16000,33554432000,Unknown,0.576788673828125
Pythia-70M,5,17000,35651584000,Unknown,0.5640332265625
Pythia-70M,5,18000,37748736000,Unknown,0.576891849609375
Pythia-70M,5,19000,39845888000,Unknown,0.5806227158203126
Pythia-70M,5,20000,41943040000,Unknown,0.5754049580078126
Pythia-70M,5,21000,44040192000,Unknown,0.573122212890625
Pythia-70M,5,22000,46137344000,Unknown,0.575303130859375
Pythia-70M,5,23000,48234496000,Unknown,0.5641141533203125
Pythia-70M,5,24000,50331648000,Unknown,0.567385248046875
Pythia-70M,5,25000,52428800000,Unknown,0.57909528125
Pythia-70M,5,26000,54525952000,Unknown,0.575747203125
Pythia-70M,5,27000,56623104000,Unknown,0.5986882294921875
Pythia-70M,5,28000,58720256000,Unknown,0.59358855859375
Pythia-70M,5,29000,60817408000,Unknown,0.5986723623046875
Pythia-70M,5,30000,62914560000,Unknown,0.5943373515625
Pythia-70M,5,31000,65011712000,Unknown,0.616791828125
Pythia-70M,5,32000,67108864000,Unknown,0.6183113203125
Pythia-70M,5,33000,69206016000,Unknown,0.620737703125
Pythia-70M,5,34000,71303168000,Unknown,0.6232716640625
Pythia-70M,5,35000,73400320000,Unknown,0.6286988330078125
Pythia-70M,5,36000,75497472000,Unknown,0.6240037900390625
Pythia-70M,5,37000,77594624000,Unknown,0.6234720546875
Pythia-70M,5,38000,79691776000,Unknown,0.627533376953125
Pythia-70M,5,39000,81788928000,Unknown,0.6234955830078125
Pythia-70M,5,40000,83886080000,Unknown,0.6320498876953125
Pythia-70M,5,41000,85983232000,Unknown,0.6179417939453125
Pythia-70M,5,42000,88080384000,Unknown,0.6147158095703125
Pythia-70M,5,43000,90177536000,Unknown,0.6385846787109375
Pythia-70M,5,44000,92274688000,Unknown,0.634553869140625
Pythia-70M,5,45000,94371840000,Unknown,0.6333242197265625
Pythia-70M,5,46000,96468992000,Unknown,0.638429775390625
Pythia-70M,5,47000,98566144000,Unknown,0.6332793515625
Pythia-70M,5,48000,100663296000,Unknown,0.626873740234375
Pythia-70M,5,49000,102760448000,Unknown,0.63462292578125
Pythia-70M,5,50000,104857600000,Unknown,0.6417009697265625
Pythia-70M,5,51000,106954752000,Unknown,0.63309616796875
Pythia-70M,5,52000,109051904000,Unknown,0.61640739453125
Pythia-70M,5,53000,111149056000,Unknown,0.6343436162109375
Pythia-70M,5,54000,113246208000,Unknown,0.6221582587890625
Pythia-70M,5,55000,115343360000,Unknown,0.6270205322265625
Pythia-70M,5,56000,117440512000,Unknown,0.624568296875
Pythia-70M,5,57000,119537664000,Unknown,0.6234968681640625
Pythia-70M,5,58000,121634816000,Unknown,0.6352692548828125
Pythia-70M,5,59000,123731968000,Unknown,0.6185491796875
Pythia-70M,5,60000,125829120000,Unknown,0.622366482421875
Pythia-70M,5,61000,127926272000,Unknown,0.6041623525390625
Pythia-70M,5,62000,130023424000,Unknown,0.60262785546875
Pythia-70M,5,63000,132120576000,Unknown,0.61744926953125
Pythia-70M,5,64000,134217728000,Unknown,0.622542150390625
Pythia-70M,5,65000,136314880000,Unknown,0.61375815625
Pythia-70M,5,66000,138412032000,Unknown,0.6239280361328124
Pythia-70M,5,67000,140509184000,Unknown,0.6266218154296875
Pythia-70M,5,68000,142606336000,Unknown,0.621772921875
Pythia-70M,5,69000,144703488000,Unknown,0.5953638837890625
Pythia-70M,5,70000,146800640000,Unknown,0.62189679296875
Pythia-70M,5,71000,148897792000,Unknown,0.5942368681640625
Pythia-70M,5,72000,150994944000,Unknown,0.63436940625
Pythia-70M,5,73000,153092096000,Unknown,0.60438825
Pythia-70M,5,74000,155189248000,Unknown,0.622551546875
Pythia-70M,5,75000,157286400000,Unknown,0.600540298828125
Pythia-70M,5,76000,159383552000,Unknown,0.6139281376953125
Pythia-70M,5,77000,161480704000,Unknown,0.5976508134765625
Pythia-70M,5,78000,163577856000,Unknown,0.5920921640625
Pythia-70M,5,79000,165675008000,Unknown,0.59828110546875
Pythia-70M,5,80000,167772160000,Unknown,0.602808341796875
Pythia-70M,5,81000,169869312000,Unknown,0.6000044697265625
Pythia-70M,5,82000,171966464000,Unknown,0.5979033134765624
Pythia-70M,5,83000,174063616000,Unknown,0.5884261552734374
Pythia-70M,5,84000,176160768000,Unknown,0.5851640107421875
Pythia-70M,5,85000,178257920000,Unknown,0.5937137919921875
Pythia-70M,5,86000,180355072000,Unknown,0.574621337890625
Pythia-70M,5,87000,182452224000,Unknown,0.5815110625
Pythia-70M,5,88000,184549376000,Unknown,0.5721384755859374
Pythia-70M,5,89000,186646528000,Unknown,0.527505125
Pythia-70M,5,90000,188743680000,Unknown,0.5648920947265625
Pythia-70M,5,91000,190840832000,Unknown,0.5613816376953125
Pythia-70M,5,92000,192937984000,Unknown,0.5371360087890625
Pythia-70M,5,93000,195035136000,Unknown,0.562075310546875
Pythia-70M,5,94000,197132288000,Unknown,0.5644419560546875
Pythia-70M,5,95000,199229440000,Unknown,0.5224198642578125
Pythia-70M,5,96000,201326592000,Unknown,0.52693976171875
Pythia-70M,5,97000,203423744000,Unknown,0.5336129833984375
Pythia-70M,5,98000,205520896000,Unknown,0.5353200068359375
Pythia-70M,5,99000,207618048000,Unknown,0.563938498046875
Pythia-70M,5,100000,209715200000,Unknown,0.5108173330078125
Pythia-70M,5,101000,211812352000,Unknown,0.524742896484375
Pythia-70M,5,102000,213909504000,Unknown,0.530461283203125
Pythia-70M,5,103000,216006656000,Unknown,0.537327421875
Pythia-70M,5,104000,218103808000,Unknown,0.516326337890625
Pythia-70M,5,105000,220200960000,Unknown,0.5147167646484375
Pythia-70M,5,106000,222298112000,Unknown,0.521452134765625
Pythia-70M,5,107000,224395264000,Unknown,0.506807869140625
Pythia-70M,5,108000,226492416000,Unknown,0.5087230390625
Pythia-70M,5,109000,228589568000,Unknown,0.49833480078125
Pythia-70M,5,110000,230686720000,Unknown,0.50179982421875
Pythia-70M,5,111000,232783872000,Unknown,0.499548724609375
Pythia-70M,5,112000,234881024000,Unknown,0.4949714736328125
Pythia-70M,5,113000,236978176000,Unknown,0.4959747060546875
Pythia-70M,5,114000,239075328000,Unknown,0.4851467744140625
Pythia-70M,5,115000,241172480000,Unknown,0.50551446484375
Pythia-70M,5,116000,243269632000,Unknown,0.4812681279296875
Pythia-70M,5,117000,245366784000,Unknown,0.482885927734375
Pythia-70M,5,118000,247463936000,Unknown,0.4837401328125
Pythia-70M,5,119000,249561088000,Unknown,0.485232509765625
Pythia-70M,5,120000,251658240000,Unknown,0.4866556982421875
Pythia-70M,5,121000,253755392000,Unknown,0.484702970703125
Pythia-70M,5,122000,255852544000,Unknown,0.481402083984375
Pythia-70M,5,123000,257949696000,Unknown,0.47773446484375
Pythia-70M,5,124000,260046848000,Unknown,0.477165
Pythia-70M,5,125000,262144000000,Unknown,0.4668918642578125
Pythia-70M,5,126000,264241152000,Unknown,0.5008736591796875
Pythia-70M,5,127000,266338304000,Unknown,0.47881450390625
Pythia-70M,5,128000,268435456000,Unknown,0.49662049609375
Pythia-70M,5,129000,270532608000,Unknown,0.4793367529296875
Pythia-70M,5,130000,272629760000,Unknown,0.467230671875
Pythia-70M,5,131000,274726912000,Unknown,0.4770009716796875
Pythia-70M,5,132000,276824064000,Unknown,0.4790509169921875
Pythia-70M,5,133000,278921216000,Unknown,0.4639072900390625
Pythia-70M,5,134000,281018368000,Unknown,0.45697834765625
Pythia-70M,5,135000,283115520000,Unknown,0.46032430859375
Pythia-70M,5,136000,285212672000,Unknown,0.4900552646484375
Pythia-70M,5,137000,287309824000,Unknown,0.4699965478515625
Pythia-70M,5,138000,289406976000,Unknown,0.4691153408203125
Pythia-70M,5,139000,291504128000,Unknown,0.468430826171875
Pythia-70M,5,140000,293601280000,Unknown,0.477070431640625
Pythia-70M,5,141000,295698432000,Unknown,0.4745925712890625
Pythia-70M,5,142000,297795584000,Unknown,0.4594203583984375
Pythia-70M,5,143000,299892736000,Unknown,0.4544291708984375
Pythia-70M,5,,,Huge,0.4544291708984375
Pythia-70M,6,1,2097152,Unknown,0.2844612368164062
Pythia-70M,6,2,4194304,Unknown,0.28447671875
Pythia-70M,6,4,8388608,Unknown,0.2848139614257812
Pythia-70M,6,8,16777216,Unknown,0.2984968862304687
Pythia-70M,6,16,33554432,Unknown,0.4438357119140625
Pythia-70M,6,32,67108864,Unknown,0.8005131220703126
Pythia-70M,6,64,134217728,Unknown,0.801538197265625
Pythia-70M,6,128,268435456,Unknown,0.6943250712890625
Pythia-70M,6,256,536870912,Unknown,0.360863552734375
Pythia-70M,6,512,1073741824,Unknown,0.2191501015625
Pythia-70M,6,1000,2097152000,Unknown,0.1691370393066406
Pythia-70M,6,2000,4194304000,Unknown,0.2265561704101562
Pythia-70M,6,3000,6291456000,Unknown,0.2865529052734375
Pythia-70M,6,4000,8388608000,Unknown,0.2681893974609375
Pythia-70M,6,5000,10485760000,Unknown,0.27264008984375
Pythia-70M,6,6000,12582912000,Unknown,0.2693409423828125
Pythia-70M,6,7000,14680064000,Unknown,0.2744427744140625
Pythia-70M,6,8000,16777216000,Unknown,0.267168544921875
Pythia-70M,6,9000,18874368000,Unknown,0.2814329360351562
Pythia-70M,6,10000,20971520000,Unknown,0.266002546875
Pythia-70M,6,11000,23068672000,Unknown,0.2724090029296875
Pythia-70M,6,12000,25165824000,Unknown,0.2754501279296875
Pythia-70M,6,13000,27262976000,Unknown,0.2778399819335937
Pythia-70M,6,15000,31457280000,Unknown,0.2716519086914062
Pythia-70M,6,16000,33554432000,Unknown,0.283917263671875
Pythia-70M,6,17000,35651584000,Unknown,0.2722482919921875
Pythia-70M,6,18000,37748736000,Unknown,0.2742594731445312
Pythia-70M,6,19000,39845888000,Unknown,0.2903774028320312
Pythia-70M,6,20000,41943040000,Unknown,0.283689830078125
Pythia-70M,6,21000,44040192000,Unknown,0.2807843193359375
Pythia-70M,6,22000,46137344000,Unknown,0.300764673828125
Pythia-70M,6,23000,48234496000,Unknown,0.2968760244140625
Pythia-70M,6,24000,50331648000,Unknown,0.302048255859375
Pythia-70M,6,25000,52428800000,Unknown,0.3081485458984375
Pythia-70M,6,26000,54525952000,Unknown,0.3096087846679687
Pythia-70M,6,27000,56623104000,Unknown,0.3153599208984375
Pythia-70M,6,28000,58720256000,Unknown,0.3131276645507812
Pythia-70M,6,29000,60817408000,Unknown,0.3252295190429687
Pythia-70M,6,30000,62914560000,Unknown,0.3210987021484375
Pythia-70M,6,31000,65011712000,Unknown,0.3181853305664062
Pythia-70M,6,32000,67108864000,Unknown,0.3253385302734375
Pythia-70M,6,33000,69206016000,Unknown,0.3265191743164062
Pythia-70M,6,34000,71303168000,Unknown,0.3234725200195312
Pythia-70M,6,35000,73400320000,Unknown,0.3355143569335937
Pythia-70M,6,36000,75497472000,Unknown,0.336764216796875
Pythia-70M,6,37000,77594624000,Unknown,0.335262392578125
Pythia-70M,6,38000,79691776000,Unknown,0.3413724086914062
Pythia-70M,6,39000,81788928000,Unknown,0.3382597514648437
Pythia-70M,6,40000,83886080000,Unknown,0.3452794252929687
Pythia-70M,6,41000,85983232000,Unknown,0.3334611713867187
Pythia-70M,6,42000,88080384000,Unknown,0.3341884833984375
Pythia-70M,6,43000,90177536000,Unknown,0.34847626171875
Pythia-70M,6,44000,92274688000,Unknown,0.3460972080078125
Pythia-70M,6,45000,94371840000,Unknown,0.3415434067382812
Pythia-70M,6,46000,96468992000,Unknown,0.3551844638671875
Pythia-70M,6,47000,98566144000,Unknown,0.3487832978515625
Pythia-70M,6,48000,100663296000,Unknown,0.3430404775390625
Pythia-70M,6,49000,102760448000,Unknown,0.3467119624023437
Pythia-70M,6,50000,104857600000,Unknown,0.364822125
Pythia-70M,6,51000,106954752000,Unknown,0.35716839453125
Pythia-70M,6,52000,109051904000,Unknown,0.3726319287109375
Pythia-70M,6,53000,111149056000,Unknown,0.3830032646484375
Pythia-70M,6,54000,113246208000,Unknown,0.4139747685546875
Pythia-70M,6,55000,115343360000,Unknown,0.4134852338867187
Pythia-70M,6,56000,117440512000,Unknown,0.4467617099609375
Pythia-70M,6,57000,119537664000,Unknown,0.435821724609375
Pythia-70M,6,58000,121634816000,Unknown,0.4799072236328125
Pythia-70M,6,59000,123731968000,Unknown,0.51798262890625
Pythia-70M,6,60000,125829120000,Unknown,0.567423537109375
Pythia-70M,6,61000,127926272000,Unknown,0.6260312900390625
Pythia-70M,6,62000,130023424000,Unknown,0.6844206083984375
Pythia-70M,6,63000,132120576000,Unknown,0.6810446953125
Pythia-70M,6,64000,134217728000,Unknown,0.70712568359375
Pythia-70M,6,65000,136314880000,Unknown,0.7193620048828125
Pythia-70M,6,66000,138412032000,Unknown,0.733034470703125
Pythia-70M,6,67000,140509184000,Unknown,0.74293421484375
Pythia-70M,6,68000,142606336000,Unknown,0.760613025390625
Pythia-70M,6,69000,144703488000,Unknown,0.788436205078125
Pythia-70M,6,70000,146800640000,Unknown,0.79805497265625
Pythia-70M,6,71000,148897792000,Unknown,0.813411642578125
Pythia-70M,6,72000,150994944000,Unknown,0.821372724609375
Pythia-70M,6,73000,153092096000,Unknown,0.818200640625
Pythia-70M,6,74000,155189248000,Unknown,0.83567008203125
Pythia-70M,6,75000,157286400000,Unknown,0.84349891015625
Pythia-70M,6,76000,159383552000,Unknown,0.860717146484375
Pythia-70M,6,77000,161480704000,Unknown,0.861089103515625
Pythia-70M,6,78000,163577856000,Unknown,0.866748263671875
Pythia-70M,6,79000,165675008000,Unknown,0.87554813671875
Pythia-70M,6,80000,167772160000,Unknown,0.88151433203125
Pythia-70M,6,81000,169869312000,Unknown,0.8868547265625
Pythia-70M,6,82000,171966464000,Unknown,0.89639671875
Pythia-70M,6,83000,174063616000,Unknown,0.894489544921875
Pythia-70M,6,84000,176160768000,Unknown,0.904068064453125
Pythia-70M,6,85000,178257920000,Unknown,0.908730927734375
Pythia-70M,6,86000,180355072000,Unknown,0.91125426171875
Pythia-70M,6,87000,182452224000,Unknown,0.9182651171875
Pythia-70M,6,88000,184549376000,Unknown,0.92379423828125
Pythia-70M,6,89000,186646528000,Unknown,0.93373740625
Pythia-70M,6,90000,188743680000,Unknown,0.934777951171875
Pythia-70M,6,91000,190840832000,Unknown,0.93648799609375
Pythia-70M,6,92000,192937984000,Unknown,0.9444765390625
Pythia-70M,6,93000,195035136000,Unknown,0.945026396484375
Pythia-70M,6,94000,197132288000,Unknown,0.947059650390625
Pythia-70M,6,95000,199229440000,Unknown,0.954661646484375
Pythia-70M,6,96000,201326592000,Unknown,0.95653383203125
Pythia-70M,6,97000,203423744000,Unknown,0.95940411328125
Pythia-70M,6,98000,205520896000,Unknown,0.959673701171875
Pythia-70M,6,99000,207618048000,Unknown,0.9591504921875
Pythia-70M,6,100000,209715200000,Unknown,0.964044431640625
Pythia-70M,6,101000,211812352000,Unknown,0.965887619140625
Pythia-70M,6,102000,213909504000,Unknown,0.96506736328125
Pythia-70M,6,103000,216006656000,Unknown,0.966169583984375
Pythia-70M,6,104000,218103808000,Unknown,0.9699511484375
Pythia-70M,6,105000,220200960000,Unknown,0.970704298828125
Pythia-70M,6,106000,222298112000,Unknown,0.96951655859375
Pythia-70M,6,107000,224395264000,Unknown,0.972159076171875
Pythia-70M,6,108000,226492416000,Unknown,0.97314696484375
Pythia-70M,6,109000,228589568000,Unknown,0.97329403125
Pythia-70M,6,110000,230686720000,Unknown,0.9739493828125
Pythia-70M,6,111000,232783872000,Unknown,0.9754946484375
Pythia-70M,6,112000,234881024000,Unknown,0.97620541796875
Pythia-70M,6,113000,236978176000,Unknown,0.97671251171875
Pythia-70M,6,114000,239075328000,Unknown,0.97788989453125
Pythia-70M,6,115000,241172480000,Unknown,0.97728443359375
Pythia-70M,6,116000,243269632000,Unknown,0.977361759765625
Pythia-70M,6,117000,245366784000,Unknown,0.978255591796875
Pythia-70M,6,118000,247463936000,Unknown,0.979152509765625
Pythia-70M,6,119000,249561088000,Unknown,0.979699013671875
Pythia-70M,6,120000,251658240000,Unknown,0.980388197265625
Pythia-70M,6,121000,253755392000,Unknown,0.9809143828125
Pythia-70M,6,122000,255852544000,Unknown,0.98080387109375
Pythia-70M,6,123000,257949696000,Unknown,0.981188572265625
Pythia-70M,6,124000,260046848000,Unknown,0.981172189453125
Pythia-70M,6,125000,262144000000,Unknown,0.981806470703125
Pythia-70M,6,126000,264241152000,Unknown,0.980493224609375
Pythia-70M,6,127000,266338304000,Unknown,0.98221865234375
Pythia-70M,6,128000,268435456000,Unknown,0.980596646484375
Pythia-70M,6,129000,270532608000,Unknown,0.9830861015625
Pythia-70M,6,130000,272629760000,Unknown,0.98352865234375
Pythia-70M,6,131000,274726912000,Unknown,0.983474658203125
Pythia-70M,6,132000,276824064000,Unknown,0.984043751953125
Pythia-70M,6,133000,278921216000,Unknown,0.983945251953125
Pythia-70M,6,134000,281018368000,Unknown,0.9845230625
Pythia-70M,6,135000,283115520000,Unknown,0.984712439453125
Pythia-70M,6,136000,285212672000,Unknown,0.983684529296875
Pythia-70M,6,137000,287309824000,Unknown,0.984860796875
Pythia-70M,6,138000,289406976000,Unknown,0.98534640625
Pythia-70M,6,139000,291504128000,Unknown,0.985353025390625
Pythia-70M,6,140000,293601280000,Unknown,0.9853642890625
Pythia-70M,6,141000,295698432000,Unknown,0.985082517578125
Pythia-70M,6,142000,297795584000,Unknown,0.9861729375
Pythia-70M,6,143000,299892736000,Unknown,0.986488552734375
Pythia-70M,6,,,Huge,0.986488552734375
